{ "entries": [
{ "u1": 0, "u2": 1, "u3": "", "u4": "" },
{ "u1": 10, "u2": 1, "u3": "ba10_waitA01", "u4": "110_idle" },
{ "u1": 30, "u2": 1, "u3": "", "u4": "110_join" },
{ "u1": 40, "u2": 1, "u3": "ba10_waitA01", "u4": "110_idle" },
{ "u1": 50, "u2": 1, "u3": "ba10_waitA01", "u4": "220_land_1" },
{ "u1": 60, "u2": 1, "u3": "ba10_waitA01", "u4": "220_walk_1" },
{ "u1": 70, "u2": 1, "u3": "", "u4": "221_turn_r" },
{ "u1": 71, "u2": 1, "u3": "", "u4": "221_turn_l" },
{ "u1": 10000, "u2": 1, "u3": "", "u4": "110_direct" },
{ "u1": 10001, "u2": 1, "u3": "", "u4": "110_start_battle" },
{ "u1": 10002, "u2": 1, "u3": "", "u4": "110_switch_out" },
{ "u1": 10080, "u2": 1, "u3": "", "u4": "110_sync_move_player" },
{ "u1": 10081, "u2": 1, "u3": "", "u4": "110_sync_move_player_1" },
{ "u1": 10150, "u2": 1, "u3": "", "u4": "110_cutin_trainer" },
{ "u1": 10200, "u2": 1, "u3": "", "u4": "110_direct" },
{ "u1": 10210, "u2": 1, "u3": "", "u4": "110_direct" },
{ "u1": 10220, "u2": 1, "u3": "", "u4": "222_pose_03_battlefin" },
{ "u1": 10551, "u2": 1, "u3": "", "u4": "221_wave_1" },
{ "u1": 10552, "u2": 1, "u3": "", "u4": "221_wave_2" },
{ "u1": 15001, "u2": 1, "u3": "", "u4": "220_land_1" },
{ "u1": 15002, "u2": 1, "u3": "", "u4": "220_land_2" },
{ "u1": 15003, "u2": 1, "u3": "", "u4": "220_land_3" },
{ "u1": 15011, "u2": 1, "u3": "", "u4": "220_walk_1" },
{ "u1": 15015, "u2": 1, "u3": "", "u4": "221_run_1" },
{ "u1": 15021, "u2": 1, "u3": "", "u4": "220_speak_1" },
{ "u1": 15031, "u2": 1, "u3": "", "u4": "221_greeting_1" },
{ "u1": 15041, "u2": 1, "u3": "", "u4": "221_search_1" },
{ "u1": 15043, "u2": 1, "u3": "", "u4": "221_search_3" },
{ "u1": 15071, "u2": 1, "u3": "", "u4": "221_turn_r" },
{ "u1": 15072, "u2": 1, "u3": "", "u4": "221_turn_l" },
{ "u1": 15091, "u2": 1, "u3": "", "u4": "221_talk_1" },
{ "u1": 15092, "u2": 1, "u3": "", "u4": "221_talk_2" },
{ "u1": 15101, "u2": 1, "u3": "", "u4": "221_think_1" },
{ "u1": 15102, "u2": 1, "u3": "", "u4": "221_think_2" },
{ "u1": 15105, "u2": 1, "u3": "", "u4": "221_hide_1" },
{ "u1": 15106, "u2": 1, "u3": "", "u4": "221_hide_2" },
{ "u1": 15111, "u2": 1, "u3": "", "u4": "221_found_1" },
{ "u1": 15112, "u2": 1, "u3": "", "u4": "221_found_2" },
{ "u1": 15115, "u2": 1, "u3": "", "u4": "221_surprise_1" },
{ "u1": 15121, "u2": 1, "u3": "", "u4": "221_look_1" },
{ "u1": 15122, "u2": 1, "u3": "", "u4": "221_look_2" },
{ "u1": 15131, "u2": 1, "u3": "", "u4": "221_training_1" },
{ "u1": 15141, "u2": 1, "u3": "", "u4": "221_fighting_1" },
{ "u1": 15151, "u2": 1, "u3": "", "u4": "221_punch_1" },
{ "u1": 15211, "u2": 1, "u3": "", "u4": "221_joy_1" },
{ "u1": 15212, "u2": 1, "u3": "", "u4": "221_joy_2" },
{ "u1": 15231, "u2": 1, "u3": "", "u4": "221_trouble_1" },
{ "u1": 15251, "u2": 1, "u3": "", "u4": "221_irritated_1" },
{ "u1": 15261, "u2": 1, "u3": "", "u4": "221_excite_1" },
{ "u1": 15282, "u2": 1, "u3": "", "u4": "221_shy_2" },
{ "u1": 15311, "u2": 1, "u3": "", "u4": "221_standing_sleep_1" },
{ "u1": 15321, "u2": 1, "u3": "", "u4": "221_zazen_1" },
{ "u1": 15331, "u2": 1, "u3": "", "u4": "221_exercise_1" },
{ "u1": 15332, "u2": 1, "u3": "", "u4": "221_stretch_1" },
{ "u1": 15334, "u2": 1, "u3": "", "u4": "221_deep_breath_1" },
{ "u1": 15335, "u2": 1, "u3": "", "u4": "221_warm_up_1" },
{ "u1": 15341, "u2": 1, "u3": "", "u4": "221_provoke_1" },
{ "u1": 15342, "u2": 1, "u3": "", "u4": "221_discover_1" },
{ "u1": 15361, "u2": 1, "u3": "", "u4": "221_yoga_1" },
{ "u1": 15362, "u2": 1, "u3": "", "u4": "221_breath_1" },
{ "u1": 15371, "u2": 1, "u3": "", "u4": "221_sit_1" },
{ "u1": 15372, "u2": 1, "u3": "", "u4": "221_sit_2" },
{ "u1": 15373, "u2": 1, "u3": "", "u4": "221_sit_3" },
{ "u1": 15381, "u2": 1, "u3": "", "u4": "221_lean_1" },
{ "u1": 15382, "u2": 1, "u3": "", "u4": "221_lean_2" },
{ "u1": 15391, "u2": 1, "u3": "", "u4": "221_tosenbo_1" },
{ "u1": 15411, "u2": 1, "u3": "", "u4": "221_jumpin_1" },
{ "u1": 15412, "u2": 1, "u3": "", "u4": "221_jumpin_2" },
{ "u1": 15421, "u2": 1, "u3": "", "u4": "221_angry_1" },
{ "u1": 15431, "u2": 1, "u3": "", "u4": "221_excuse_1" },
{ "u1": 15441, "u2": 1, "u3": "", "u4": "221_communication_1" },
{ "u1": 15451, "u2": 1, "u3": "", "u4": "221_cheer_1" },
{ "u1": 15461, "u2": 1, "u3": "", "u4": "221_splash_1" },
{ "u1": 15462, "u2": 1, "u3": "", "u4": "221_splash_2" },
{ "u1": 15471, "u2": 1, "u3": "", "u4": "221_swim_1" },
{ "u1": 15485, "u2": 1, "u3": "", "u4": "221_unique_land_1" },
{ "u1": 15491, "u2": 1, "u3": "", "u4": "221_select_1" },
{ "u1": 15501, "u2": 1, "u3": "", "u4": "221_select_2" },
{ "u1": 15511, "u2": 1, "u3": "", "u4": "221_select_3" },
{ "u1": 15521, "u2": 1, "u3": "", "u4": "221_monitor_1" },
{ "u1": 15531, "u2": 1, "u3": "", "u4": "221_computer" },
{ "u1": 15541, "u2": 1, "u3": "", "u4": "221_find_out_3" },
{ "u1": 15551, "u2": 1, "u3": "", "u4": "221_yamabiko_1" },
{ "u1": 15561, "u2": 1, "u3": "", "u4": "221_out_1" },
{ "u1": 15571, "u2": 1, "u3": "", "u4": "221_fall_1" },
{ "u1": 15572, "u2": 1, "u3": "", "u4": "221_fall_2" },
{ "u1": 15581, "u2": 1, "u3": "", "u4": "221_caught_1" },
{ "u1": 15582, "u2": 1, "u3": "", "u4": "221_caught_2" },
{ "u1": 15583, "u2": 1, "u3": "", "u4": "221_caught_3" },
{ "u1": 15591, "u2": 1, "u3": "", "u4": "221_find_out_1" },
{ "u1": 15592, "u2": 1, "u3": "", "u4": "221_find_out_2" },
{ "u1": 16041, "u2": 1, "u3": "", "u4": "220_talk_poke_1" },
{ "u1": 16051, "u2": 1, "u3": "", "u4": "220_talk_poke_2" },
{ "u1": 16061, "u2": 1, "u3": "", "u4": "221_unique_poke_1" },
{ "u1": 17101, "u2": 1, "u3": "", "u4": "" },
{ "u1": 17501, "u2": 1, "u3": "", "u4": "130_appearance_1" },
{ "u1": 17502, "u2": 1, "u3": "", "u4": "130_appearance_2" },
{ "u1": 17601, "u2": 1, "u3": "", "u4": "130_rare_up_1" },
{ "u1": 17701, "u2": 1, "u3": "", "u4": "130_custom_1" },
{ "u1": 17711, "u2": 1, "u3": "", "u4": "130_st01" },
{ "u1": 17712, "u2": 1, "u3": "", "u4": "130_st02" },
{ "u1": 17713, "u2": 1, "u3": "", "u4": "130_st03" },
{ "u1": 17812, "u2": 1, "u3": "", "u4": "110_sync_move_player_class2" },
{ "u1": 17813, "u2": 1, "u3": "", "u4": "110_sync_move_player_class3" },
{ "u1": 17814, "u2": 1, "u3": "", "u4": "110_sync_move_player_class4" },
{ "u1": 17815, "u2": 1, "u3": "", "u4": "110_sync_move_player_class5" },
{ "u1": 17991, "u2": 1, "u3": "", "u4": "110_shot_battle" },
{ "u1": 17992, "u2": 1, "u3": "", "u4": "220_shot_battle" },
{ "u1": 21001, "u2": 2, "u3": "", "u4": "310_uv_01" },
{ "u1": 21002, "u2": 2, "u3": "", "u4": "310_uv_02" },
{ "u1": 21003, "u2": 2, "u3": "", "u4": "310_uv_03" },
{ "u1": 21004, "u2": 2, "u3": "", "u4": "310_uv_04" },
{ "u1": 21005, "u2": 2, "u3": "", "u4": "310_uv_05" },
{ "u1": 21006, "u2": 2, "u3": "", "u4": "310_uv_06" },
{ "u1": 21007, "u2": 2, "u3": "", "u4": "310_uv_07" },
{ "u1": 21008, "u2": 2, "u3": "", "u4": "310_uv_08" },
{ "u1": 21009, "u2": 2, "u3": "", "u4": "310_uv_09" },
{ "u1": 21010, "u2": 2, "u3": "", "u4": "310_uv_10" },
{ "u1": 21011, "u2": 2, "u3": "", "u4": "310_uv_11" },
{ "u1": 21012, "u2": 2, "u3": "", "u4": "310_uv_12" },
{ "u1": 21013, "u2": 2, "u3": "", "u4": "310_uv_13" },
{ "u1": 21014, "u2": 2, "u3": "", "u4": "310_uv_14" },
{ "u1": 21015, "u2": 2, "u3": "", "u4": "310_uv_15" },
{ "u1": 21016, "u2": 2, "u3": "", "u4": "310_uv_16" },
{ "u1": 21020, "u2": 2, "u3": "", "u4": "310_uv_20" },
{ "u1": 21101, "u2": 2, "u3": "", "u4": "310_uv_01" },
{ "u1": 21102, "u2": 2, "u3": "", "u4": "310_uv_02" },
{ "u1": 21103, "u2": 2, "u3": "", "u4": "310_uv_03" },
{ "u1": 21104, "u2": 2, "u3": "", "u4": "310_uv_04" },
{ "u1": 21105, "u2": 2, "u3": "", "u4": "310_uv_05" },
{ "u1": 21106, "u2": 2, "u3": "", "u4": "310_uv_06" },
{ "u1": 21107, "u2": 2, "u3": "", "u4": "310_uv_07" },
{ "u1": 21108, "u2": 2, "u3": "", "u4": "310_uv_08" },
{ "u1": 21109, "u2": 2, "u3": "", "u4": "310_uv_09" },
{ "u1": 21110, "u2": 2, "u3": "", "u4": "310_uv_10" },
{ "u1": 21111, "u2": 2, "u3": "", "u4": "310_uv_11" },
{ "u1": 21112, "u2": 2, "u3": "", "u4": "310_uv_12" },
{ "u1": 21113, "u2": 2, "u3": "", "u4": "310_uv_13" },
{ "u1": 21114, "u2": 2, "u3": "", "u4": "310_uv_14" },
{ "u1": 21115, "u2": 2, "u3": "", "u4": "310_uv_15" },
{ "u1": 21116, "u2": 2, "u3": "", "u4": "310_uv_16" },
{ "u1": 21120, "u2": 2, "u3": "", "u4": "310_uv_20" },
{ "u1": 22001, "u2": 3, "u3": "", "u4": "320_01" },
{ "u1": 22002, "u2": 3, "u3": "", "u4": "320_02" },
{ "u1": 22003, "u2": 3, "u3": "", "u4": "320_03" },
{ "u1": 22004, "u2": 3, "u3": "", "u4": "320_04" },
{ "u1": 22005, "u2": 3, "u3": "", "u4": "320_05" },
{ "u1": 22006, "u2": 3, "u3": "", "u4": "320_06" },
{ "u1": 22007, "u2": 3, "u3": "", "u4": "320_07" },
{ "u1": 22008, "u2": 3, "u3": "", "u4": "320_08" },
{ "u1": 22009, "u2": 3, "u3": "", "u4": "320_09" },
{ "u1": 22010, "u2": 3, "u3": "", "u4": "320_10" },
{ "u1": 22011, "u2": 3, "u3": "", "u4": "320_11" },
{ "u1": 22012, "u2": 3, "u3": "", "u4": "320_12" },
{ "u1": 22013, "u2": 3, "u3": "", "u4": "320_13" },
{ "u1": 22014, "u2": 3, "u3": "", "u4": "320_14" },
{ "u1": 22015, "u2": 3, "u3": "", "u4": "320_15" },
{ "u1": 22016, "u2": 3, "u3": "", "u4": "320_16" },
{ "u1": 22020, "u2": 3, "u3": "", "u4": "320_20" },
{ "u1": 25001, "u2": 1, "u3": "", "u4": "222_pose_01" },
{ "u1": 25002, "u2": 1, "u3": "", "u4": "222_pose_02" },
{ "u1": 25003, "u2": 1, "u3": "", "u4": "222_pose_03" },
{ "u1": 25004, "u2": 1, "u3": "", "u4": "222_pose_04" },
{ "u1": 25005, "u2": 1, "u3": "", "u4": "222_pose_05" },
{ "u1": 25006, "u2": 1, "u3": "", "u4": "222_pose_06" },
{ "u1": 25007, "u2": 1, "u3": "", "u4": "222_pose_07" },
{ "u1": 25008, "u2": 1, "u3": "", "u4": "222_pose_08" },
{ "u1": 25009, "u2": 1, "u3": "", "u4": "222_pose_09" },
{ "u1": 25010, "u2": 1, "u3": "", "u4": "222_pose_10" },
{ "u1": 25030, "u2": 1, "u3": "", "u4": "222_pose_30" },
{ "u1": 25200, "u2": 4, "u3": "", "u4": "222_pose_base" },
{ "u1": 26001, "u2": 1, "u3": "ba10_waitB01", "u4": "" },
{ "u1": 26002, "u2": 1, "u3": "ba10_waitB01", "u4": "" },
{ "u1": 26100, "u2": 1, "u3": "ba10_waitB01", "u4": "" },
{ "u1": 26101, "u2": 1, "u3": "ba10_waitB01", "u4": "" },
{ "u1": 26110, "u2": 1, "u3": "ba10_waitB01", "u4": "" },
{ "u1": 26120, "u2": 1, "u3": "ba10_waitB01", "u4": "" },
{ "u1": 26130, "u2": 1, "u3": "ba10_waitB01", "u4": "" },
{ "u1": 26140, "u2": 1, "u3": "fi01_wait01", "u4": "" },
{ "u1": 26150, "u2": 1, "u3": "", "u4": "" },
{ "u1": 26160, "u2": 1, "u3": "", "u4": "" },
{ "u1": 26200, "u2": 1, "u3": "", "u4": "" },
{ "u1": 26201, "u2": 1, "u3": "", "u4": "" },
{ "u1": 26202, "u2": 1, "u3": "", "u4": "" },
{ "u1": 26203, "u2": 1, "u3": "", "u4": "" },
{ "u1": 26204, "u2": 1, "u3": "", "u4": "" },
{ "u1": 27001, "u2": 1, "u3": "", "u4": "" },
{ "u1": 27002, "u2": 1, "u3": "", "u4": "" },
{ "u1": 27011, "u2": 1, "u3": "", "u4": "" },
{ "u1": 27012, "u2": 1, "u3": "", "u4": "" },
{ "u1": 27022, "u2": 1, "u3": "effect", "u4": "" },
{ "u1": 27040, "u2": 1, "u3": "", "u4": "230_chap000_falldown_1" },
{ "u1": 27050, "u2": 1, "u3": "", "u4": "230_chap000_standup_1" },
{ "u1": 27051, "u2": 1, "u3": "", "u4": "230_chap000_standup_2" },
{ "u1": 27052, "u2": 1, "u3": "", "u4": "230_chap000_standup_3" },
{ "u1": 27054, "u2": 1, "u3": "chap000_appear_01", "u4": "" },
{ "u1": 27055, "u2": 1, "u3": "chap000_appear_02", "u4": "" },
{ "u1": 27057, "u2": 1, "u3": "", "u4": "chap000_appear_01" },
{ "u1": 27058, "u2": 1, "u3": "", "u4": "chap000_appear_01" },
{ "u1": 27059, "u2": 1, "u3": "ev0000_00_hooparing_220_land_1", "u4": "" },
{ "u1": 27060, "u2": 1, "u3": "ev0000_00_hooparing_230_chap000_falldown_1", "u4": "" },
{ "u1": 27061, "u2": 1, "u3": "ev0000_00_hooparing_230_chap000_falldown_2", "u4": "" },
{ "u1": 27070, "u2": 1, "u3": "poke_get_1", "u4": "" },
{ "u1": 27071, "u2": 1, "u3": "poke_get_2", "u4": "" },
{ "u1": 27080, "u2": 1, "u3": "", "u4": "230_chap000_app_1" },
{ "u1": 27081, "u2": 1, "u3": "", "u4": "230_chap000_app_2" },
{ "u1": 27090, "u2": 1, "u3": "", "u4": "230_chap000_poke_start_1" },
{ "u1": 27091, "u2": 1, "u3": "", "u4": "230_chap000_poke_start_2" },
{ "u1": 30000, "u2": 1, "u3": "ba10_waitA01", "u4": "" },
{ "u1": 30001, "u2": 1, "u3": "ba10_waitB01", "u4": "" },
{ "u1": 30002, "u2": 1, "u3": "ba10_waitC01", "u4": "" },
{ "u1": 30003, "u2": 1, "u3": "ba01_landA01", "u4": "" },
{ "u1": 30004, "u2": 1, "u3": "ba01_landB01", "u4": "" },
{ "u1": 30005, "u2": 1, "u3": "ba01_landC01", "u4": "" },
{ "u1": 30006, "u2": 1, "u3": "ba01_land01", "u4": "land" },
{ "u1": 30007, "u2": 1, "u3": "ba02_megaappeal01", "u4": "" },
{ "u1": 30008, "u2": 1, "u3": "ba20_buturi01", "u4": "" },
{ "u1": 30009, "u2": 1, "u3": "ba20_buturi02", "u4": "" },
{ "u1": 30010, "u2": 1, "u3": "ba20_buturi03", "u4": "" },
{ "u1": 30011, "u2": 1, "u3": "ba20_buturi04", "u4": "" },
{ "u1": 30012, "u2": 1, "u3": "ba21_tokusyu01", "u4": "" },
{ "u1": 30013, "u2": 1, "u3": "ba21_tokusyu02", "u4": "" },
{ "u1": 30014, "u2": 1, "u3": "ba21_tokusyu03", "u4": "" },
{ "u1": 30015, "u2": 1, "u3": "ba21_tokusyu04", "u4": "" },
{ "u1": 30016, "u2": 1, "u3": "ba30_damageS01", "u4": "" },
{ "u1": 30017, "u2": 1, "u3": "ba41_down01", "u4": "" },
{ "u1": 30100, "u2": 1, "u3": "run_stay", "u4": "" },
{ "u1": 30101, "u2": 1, "u3": "fi21_run01", "u4": "" },
{ "u1": 31000, "u2": 5, "u3": "eyes", "u4": "" },
{ "u1": 31001, "u2": 6, "u3": "mouths", "u4": "" },
{ "u1": 70010, "u2": 1, "u3": "", "u4": "" },
{ "u1": 70020, "u2": 1, "u3": "", "u4": "" },
{ "u1": 70030, "u2": 1, "u3": "", "u4": "" },
{ "u1": 70040, "u2": 1, "u3": "", "u4": "" },
{ "u1": 70050, "u2": 1, "u3": "", "u4": "" },
{ "u1": 70060, "u2": 1, "u3": "", "u4": "" },
{ "u1": 70070, "u2": 1, "u3": "", "u4": "" },
{ "u1": 80010, "u2": 1, "u3": "", "u4": "130_appearance_3" },
]}
