{ "entries": [
{ "u1": 1, "u2": 1, "name": "ダミー", "u4": "製品版ID　位置仮", "u5": "area_spot_01", "texBig": "ui/image/Background/s030_200_Downtown_01/s030_200_Downtown_01_512_512.ktx", "texSmall": "ui/image/Background/s030_200_Downtown_01/s030_200_Downtown_01_512_128.ktx" },
{ "u1": 1010, "u2": 1, "name": "0章_01", "u4": "製品版ID　位置仮", "u5": "area_spot_01", "texBig": "ui/image/Background/s030_010_Downtown/s030_010_Downtown_512_512.ktx", "texSmall": "ui/image/Background/s030_010_Downtown/s030_010_Downtown_512_128.ktx" },
{ "u1": 1020, "u2": 1, "name": "1章_01", "u4": "製品版ID　位置仮", "u5": "area_spot_01", "texBig": "ui/image/Background/s030_200_Downtown_01/s030_200_Downtown_01_512_512.ktx", "texSmall": "ui/image/Background/s030_200_Downtown_01/s030_200_Downtown_01_512_128.ktx" },
{ "u1": 1030, "u2": 1, "name": "1章_02", "u4": "製品版ID　位置仮", "u5": "area_spot_01", "texBig": "ui/image/Background/s030_010_Downtown/s030_010_Downtown_512_512.ktx", "texSmall": "ui/image/Background/s030_010_Downtown/s030_010_Downtown_512_128.ktx" },
{ "u1": 1040, "u2": 1, "name": "1章_03", "u4": "製品版ID　位置仮", "u5": "area_spot_01", "texBig": "ui/image/Background/s030_200_Downtown_01/s030_200_Downtown_01_512_512.ktx", "texSmall": "ui/image/Background/s030_200_Downtown_01/s030_200_Downtown_01_512_128.ktx" },
{ "u1": 1050, "u2": 1, "name": "1章_04", "u4": "製品版ID　位置仮", "u5": "area_spot_01", "texBig": "ui/image/Background/s030_200_Downtown_01/s030_200_Downtown_01_512_512.ktx", "texSmall": "ui/image/Background/s030_200_Downtown_01/s030_200_Downtown_01_512_128.ktx" },
{ "u1": 1060, "u2": 1, "name": "1章_05", "u4": "製品版ID　位置仮", "u5": "area_spot_01", "texBig": "ui/image/Background/s030_200_Downtown_01/s030_200_Downtown_01_512_512.ktx", "texSmall": "ui/image/Background/s030_200_Downtown_01/s030_200_Downtown_01_512_128.ktx" },
{ "u1": 1080, "u2": 2, "name": "2章_01", "u4": "製品版ID　位置仮", "u5": "area_spot_01", "texBig": "ui/image/Background/s130_010_Coast/s130_010_Coast_512_512.ktx", "texSmall": "ui/image/Background/s130_010_Coast/s130_010_Coast_512_128.ktx" },
{ "u1": 1090, "u2": 2, "name": "2章_02", "u4": "製品版ID　位置仮", "u5": "area_spot_01", "texBig": "ui/image/Background/s130_010_Coast/s130_010_Coast_512_512.ktx", "texSmall": "ui/image/Background/s130_010_Coast/s130_010_Coast_512_128.ktx" },
{ "u1": 1100, "u2": 2, "name": "2章_03", "u4": "製品版ID　位置仮", "u5": "area_spot_01", "texBig": "ui/image/Background/s130_010_Coast/s130_010_Coast_512_512.ktx", "texSmall": "ui/image/Background/s130_010_Coast/s130_010_Coast_512_128.ktx" },
{ "u1": 1110, "u2": 2, "name": "2章_04", "u4": "製品版ID　位置仮", "u5": "area_spot_01", "texBig": "ui/image/Background/s130_010_Coast/s130_010_Coast_512_512.ktx", "texSmall": "ui/image/Background/s130_010_Coast/s130_010_Coast_512_128.ktx" },
{ "u1": 1120, "u2": 2, "name": "2章_05", "u4": "製品版ID　位置仮", "u5": "area_spot_01", "texBig": "ui/image/Background/s130_010_Coast/s130_010_Coast_512_512.ktx", "texSmall": "ui/image/Background/s130_010_Coast/s130_010_Coast_512_128.ktx" },
{ "u1": 1130, "u2": 2, "name": "2章_06", "u4": "製品版ID　位置仮", "u5": "area_spot_01", "texBig": "ui/image/Background/s130_010_Coast/s130_010_Coast_512_512.ktx", "texSmall": "ui/image/Background/s130_010_Coast/s130_010_Coast_512_128.ktx" },
{ "u1": 1140, "u2": 2, "name": "2章_07", "u4": "製品版ID　位置仮", "u5": "area_spot_01", "texBig": "ui/image/Background/s110_010_Cave_02/s110_010_Cave_02_512_512.ktx", "texSmall": "ui/image/Background/s110_010_Cave_02/s110_010_Cave_02_512_128.ktx" },
{ "u1": 1150, "u2": 2, "name": "2章_08", "u4": "製品版ID　位置仮", "u5": "area_spot_01", "texBig": "ui/image/Background/s110_010_Cave_02/s110_010_Cave_02_512_512.ktx", "texSmall": "ui/image/Background/s110_010_Cave_02/s110_010_Cave_02_512_128.ktx" },
{ "u1": 1160, "u2": 2, "name": "2章_09", "u4": "製品版ID　位置仮", "u5": "area_spot_01", "texBig": "ui/image/Background/s110_010_Cave_02/s110_010_Cave_02_512_512.ktx", "texSmall": "ui/image/Background/s110_010_Cave_02/s110_010_Cave_02_512_128.ktx" },
{ "u1": 1170, "u2": 2, "name": "2章_10", "u4": "製品版ID　位置仮", "u5": "area_spot_01", "texBig": "ui/image/Background/s110_010_Cave_02/s110_010_Cave_02_512_512.ktx", "texSmall": "ui/image/Background/s110_010_Cave_02/s110_010_Cave_02_512_128.ktx" },
{ "u1": 1180, "u2": 3, "name": "3章_01", "u4": "製品版ID　位置仮", "u5": "area_spot_01", "texBig": "ui/image/Background/s210_010_Volcano/s210_010_Volcano_512_512.ktx", "texSmall": "ui/image/Background/s210_010_Volcano/s210_010_Volcano_512_128.ktx" },
{ "u1": 1190, "u2": 3, "name": "3章_02", "u4": "製品版ID　位置仮", "u5": "area_spot_01", "texBig": "ui/image/Background/s100_010_Canyon_02/s100_010_Canyon_02_512_512.ktx", "texSmall": "ui/image/Background/s100_010_Canyon_02/s100_010_Canyon_02_512_128.ktx" },
{ "u1": 1200, "u2": 3, "name": "3章_03", "u4": "製品版ID　位置仮", "u5": "area_spot_01", "texBig": "ui/image/Background/s210_080_Volcano_02/s210_080_Volcano_02_512_512.ktx", "texSmall": "ui/image/Background/s210_080_Volcano_02/s210_080_Volcano_02_512_128.ktx" },
{ "u1": 1210, "u2": 3, "name": "3章_04", "u4": "製品版ID　位置仮", "u5": "area_spot_01", "texBig": "ui/image/Background/s210_010_Volcano/s210_010_Volcano_512_512.ktx", "texSmall": "ui/image/Background/s210_010_Volcano/s210_010_Volcano_512_128.ktx" },
{ "u1": 1240, "u2": 3, "name": "3章_07", "u4": "製品版ID　位置仮", "u5": "area_spot_01", "texBig": "ui/image/Background/s210_010_Volcano/s210_010_Volcano_512_512.ktx", "texSmall": "ui/image/Background/s210_010_Volcano/s210_010_Volcano_512_128.ktx" },
{ "u1": 1250, "u2": 3, "name": "3章_08", "u4": "製品版ID　位置仮", "u5": "area_spot_01", "texBig": "ui/image/Background/s210_010_Volcano/s210_010_Volcano_512_512.ktx", "texSmall": "ui/image/Background/s210_010_Volcano/s210_010_Volcano_512_128.ktx" },
{ "u1": 1260, "u2": 4, "name": "4章_01", "u4": "製品版ID　位置仮", "u5": "area_spot_01", "texBig": "ui/image/Background/s070_010_Highway/s070_010_Highway_512_512.ktx", "texSmall": "ui/image/Background/s070_010_Highway/s070_010_Highway_512_128.ktx" },
{ "u1": 1270, "u2": 4, "name": "4章_02", "u4": "製品版ID　位置仮", "u5": "area_spot_01", "texBig": "ui/image/Background/s070_011_Highway/s070_011_Highway_512_512.ktx", "texSmall": "ui/image/Background/s070_011_Highway/s070_011_Highway_512_128.ktx" },
{ "u1": 1280, "u2": 4, "name": "4章_03", "u4": "製品版ID　位置仮", "u5": "area_spot_01", "texBig": "ui/image/Background/s070_012_Highway/s070_012_Highway_512_512.ktx", "texSmall": "ui/image/Background/s070_012_Highway/s070_012_Highway_512_128.ktx" },
{ "u1": 1290, "u2": 4, "name": "4章_04", "u4": "製品版ID　位置仮", "u5": "area_spot_01", "texBig": "ui/image/Background/s070_012_Highway/s070_012_Highway_512_512.ktx", "texSmall": "ui/image/Background/s070_012_Highway/s070_012_Highway_512_128.ktx" },
{ "u1": 1300, "u2": 4, "name": "4章_05", "u4": "製品版ID　位置仮", "u5": "area_spot_01", "texBig": "ui/image/Background/s070_012_Highway/s070_012_Highway_512_512.ktx", "texSmall": "ui/image/Background/s070_012_Highway/s070_012_Highway_512_128.ktx" },
{ "u1": 1310, "u2": 4, "name": "4章_06", "u4": "製品版ID　位置仮", "u5": "area_spot_01", "texBig": "ui/image/Background/s080_010_Forest_01/s080_010_Forest_01_512_512.ktx", "texSmall": "ui/image/Background/s080_010_Forest_01/s080_010_Forest_01_512_128.ktx" },
{ "u1": 1320, "u2": 4, "name": "4章_07", "u4": "製品版ID　位置仮", "u5": "area_spot_01", "texBig": "ui/image/Background/s080_010_Forest_02/s080_010_Forest_02_512_512.ktx", "texSmall": "ui/image/Background/s080_010_Forest_02/s080_010_Forest_02_512_128.ktx" },
{ "u1": 1330, "u2": 4, "name": "4章_08", "u4": "製品版ID　位置仮", "u5": "area_spot_01", "texBig": "ui/image/Background/s080_010_Forest_02/s080_010_Forest_02_512_512.ktx", "texSmall": "ui/image/Background/s080_010_Forest_02/s080_010_Forest_02_512_128.ktx" },
{ "u1": 1340, "u2": 4, "name": "4章_09", "u4": "製品版ID　位置仮", "u5": "area_spot_01", "texBig": "ui/image/Background/s080_010_Forest_02/s080_010_Forest_02_512_512.ktx", "texSmall": "ui/image/Background/s080_010_Forest_02/s080_010_Forest_02_512_128.ktx" },
{ "u1": 1350, "u2": 5, "name": "5章_01", "u4": "製品版ID　位置仮", "u5": "area_spot_01", "texBig": "ui/image/Background/s100_010_Canyon_02/s100_010_Canyon_02_512_512.ktx", "texSmall": "ui/image/Background/s100_010_Canyon_02/s100_010_Canyon_02_512_128.ktx" },
{ "u1": 1360, "u2": 5, "name": "5章_02", "u4": "製品版ID　位置仮", "u5": "area_spot_01", "texBig": "ui/image/Background/s100_010_Canyon_02/s100_010_Canyon_02_512_512.ktx", "texSmall": "ui/image/Background/s100_010_Canyon_02/s100_010_Canyon_02_512_128.ktx" },
{ "u1": 1370, "u2": 5, "name": "5章_03", "u4": "製品版ID　位置仮", "u5": "area_spot_01", "texBig": "ui/image/Background/s100_010_Canyon_02/s100_010_Canyon_02_512_512.ktx", "texSmall": "ui/image/Background/s100_010_Canyon_02/s100_010_Canyon_02_512_128.ktx" },
{ "u1": 1380, "u2": 5, "name": "5章_04", "u4": "製品版ID　位置仮", "u5": "area_spot_01", "texBig": "ui/image/Background/s100_010_Canyon_02/s100_010_Canyon_02_512_512.ktx", "texSmall": "ui/image/Background/s100_010_Canyon_02/s100_010_Canyon_02_512_128.ktx" },
{ "u1": 1390, "u2": 5, "name": "5章_05", "u4": "製品版ID　位置仮", "u5": "area_spot_01", "texBig": "ui/image/Background/s100_010_Canyon_02/s100_010_Canyon_02_512_512.ktx", "texSmall": "ui/image/Background/s100_010_Canyon_02/s100_010_Canyon_02_512_128.ktx" },
{ "u1": 1400, "u2": 5, "name": "5章_06", "u4": "製品版ID　位置仮", "u5": "area_spot_01", "texBig": "ui/image/Background/s070_012_Highway/s070_012_Highway_512_512.ktx", "texSmall": "ui/image/Background/s070_012_Highway/s070_012_Highway_512_128.ktx" },
{ "u1": 1410, "u2": 5, "name": "5章_07", "u4": "製品版ID　位置仮", "u5": "area_spot_01", "texBig": "ui/image/Background/s100_010_Canyon_02/s100_010_Canyon_02_512_512.ktx", "texSmall": "ui/image/Background/s100_010_Canyon_02/s100_010_Canyon_02_512_128.ktx" },
{ "u1": 1420, "u2": 5, "name": "5章_08", "u4": "製品版ID　位置仮", "u5": "area_spot_01", "texBig": "ui/image/Background/s070_012_Highway/s070_012_Highway_512_512.ktx", "texSmall": "ui/image/Background/s070_012_Highway/s070_012_Highway_512_128.ktx" },
{ "u1": 1430, "u2": 5, "name": "5章_09", "u4": "製品版ID　位置仮", "u5": "area_spot_01", "texBig": "ui/image/Background/s070_012_Highway/s070_012_Highway_512_512.ktx", "texSmall": "ui/image/Background/s070_012_Highway/s070_012_Highway_512_128.ktx" },
{ "u1": 1440, "u2": 5, "name": "5章_10", "u4": "製品版ID　位置仮", "u5": "area_spot_01", "texBig": "ui/image/Background/s070_012_Highway/s070_012_Highway_512_512.ktx", "texSmall": "ui/image/Background/s070_012_Highway/s070_012_Highway_512_128.ktx" },
{ "u1": 1450, "u2": 6, "name": "6章_01", "u4": "製品版ID　位置仮", "u5": "area_spot_01", "texBig": "ui/image/Background/s080_010_Forest_01/s080_010_Forest_01_512_512.ktx", "texSmall": "ui/image/Background/s080_010_Forest_01/s080_010_Forest_01_512_128.ktx" },
{ "u1": 1460, "u2": 6, "name": "6章_02", "u4": "製品版ID　位置仮", "u5": "area_spot_01", "texBig": "ui/image/Background/s080_010_Forest_01/s080_010_Forest_01_512_512.ktx", "texSmall": "ui/image/Background/s080_010_Forest_01/s080_010_Forest_01_512_128.ktx" },
{ "u1": 1470, "u2": 6, "name": "6章_03", "u4": "製品版ID　位置仮", "u5": "area_spot_01", "texBig": "ui/image/Background/s060_010_Village_01/s060_010_Village_01_512_512.ktx", "texSmall": "ui/image/Background/s060_010_Village_01/s060_010_Village_01_512_128.ktx" },
{ "u1": 1480, "u2": 6, "name": "6章_04", "u4": "製品版ID　位置仮", "u5": "area_spot_01", "texBig": "ui/image/Background/s070_010_Highway/s070_010_Highway_512_512.ktx", "texSmall": "ui/image/Background/s070_010_Highway/s070_010_Highway_512_128.ktx" },
{ "u1": 1490, "u2": 6, "name": "6章_05", "u4": "製品版ID　位置仮", "u5": "area_spot_01", "texBig": "ui/image/Background/s070_010_Highway/s070_010_Highway_512_512.ktx", "texSmall": "ui/image/Background/s070_010_Highway/s070_010_Highway_512_128.ktx" },
{ "u1": 1500, "u2": 6, "name": "6章_06", "u4": "製品版ID　位置仮", "u5": "area_spot_01", "texBig": "ui/image/Background/s060_010_Village_01/s060_010_Village_01_512_512.ktx", "texSmall": "ui/image/Background/s060_010_Village_01/s060_010_Village_01_512_128.ktx" },
{ "u1": 1510, "u2": 6, "name": "6章_07", "u4": "製品版ID　位置仮", "u5": "area_spot_01", "texBig": "ui/image/Background/s060_010_Village_02/s060_010_Village_02_512_512.ktx", "texSmall": "ui/image/Background/s060_010_Village_02/s060_010_Village_02_512_128.ktx" },
{ "u1": 1520, "u2": 6, "name": "6章_08", "u4": "製品版ID　位置仮", "u5": "area_spot_01", "texBig": "ui/image/Background/s060_010_Village_02/s060_010_Village_02_512_512.ktx", "texSmall": "ui/image/Background/s060_010_Village_02/s060_010_Village_02_512_128.ktx" },
{ "u1": 1530, "u2": 6, "name": "6章_09", "u4": "製品版ID　位置仮", "u5": "area_spot_01", "texBig": "ui/image/Background/s060_010_Village_02/s060_010_Village_02_512_512.ktx", "texSmall": "ui/image/Background/s060_010_Village_02/s060_010_Village_02_512_128.ktx" },
{ "u1": 1540, "u2": 7, "name": "7章_01", "u4": "製品版ID　位置仮", "u5": "area_spot_01", "texBig": "ui/image/Background/s070_010_Highway/s070_010_Highway_512_512.ktx", "texSmall": "ui/image/Background/s070_010_Highway/s070_010_Highway_512_128.ktx" },
{ "u1": 1550, "u2": 7, "name": "7章_02", "u4": "製品版ID　位置仮", "u5": "area_spot_01", "texBig": "ui/image/Background/s070_011_Highway/s070_011_Highway_512_512.ktx", "texSmall": "ui/image/Background/s070_011_Highway/s070_011_Highway_512_128.ktx" },
{ "u1": 1560, "u2": 7, "name": "7章_03", "u4": "製品版ID　位置仮", "u5": "area_spot_01", "texBig": "ui/image/Background/s100_010_Canyon_02/s100_010_Canyon_02_512_512.ktx", "texSmall": "ui/image/Background/s100_010_Canyon_02/s100_010_Canyon_02_512_128.ktx" },
{ "u1": 1570, "u2": 7, "name": "7章_04", "u4": "製品版ID　位置仮", "u5": "area_spot_01", "texBig": "ui/image/Background/s100_010_Canyon_02/s100_010_Canyon_02_512_512.ktx", "texSmall": "ui/image/Background/s100_010_Canyon_02/s100_010_Canyon_02_512_128.ktx" },
{ "u1": 1580, "u2": 7, "name": "7章_05", "u4": "製品版ID　位置仮", "u5": "area_spot_01", "texBig": "ui/image/Background/s100_010_Canyon_02/s100_010_Canyon_02_512_512.ktx", "texSmall": "ui/image/Background/s100_010_Canyon_02/s100_010_Canyon_02_512_128.ktx" },
{ "u1": 1590, "u2": 7, "name": "7章_06", "u4": "製品版ID　位置仮", "u5": "area_spot_01", "texBig": "ui/image/Background/s100_010_Canyon_02/s100_010_Canyon_02_512_512.ktx", "texSmall": "ui/image/Background/s100_010_Canyon_02/s100_010_Canyon_02_512_128.ktx" },
{ "u1": 1600, "u2": 7, "name": "7章_07", "u4": "製品版ID　位置仮", "u5": "area_spot_01", "texBig": "ui/image/Background/s100_010_Canyon_02/s100_010_Canyon_02_512_512.ktx", "texSmall": "ui/image/Background/s100_010_Canyon_02/s100_010_Canyon_02_512_128.ktx" },
{ "u1": 1610, "u2": 7, "name": "7章_08", "u4": "製品版ID　位置仮", "u5": "area_spot_01", "texBig": "ui/image/Background/s100_010_Canyon_02/s100_010_Canyon_02_512_512.ktx", "texSmall": "ui/image/Background/s100_010_Canyon_02/s100_010_Canyon_02_512_128.ktx" },
{ "u1": 1620, "u2": 7, "name": "7章_09", "u4": "製品版ID　位置仮", "u5": "area_spot_01", "texBig": "ui/image/Background/s100_010_Canyon_02/s100_010_Canyon_02_512_512.ktx", "texSmall": "ui/image/Background/s100_010_Canyon_02/s100_010_Canyon_02_512_128.ktx" },
{ "u1": 1630, "u2": 7, "name": "7章_10", "u4": "製品版ID　位置仮", "u5": "area_spot_01", "texBig": "ui/image/Background/s210_080_Volcano_02/s210_080_Volcano_02_512_512.ktx", "texSmall": "ui/image/Background/s210_080_Volcano_02/s210_080_Volcano_02_512_128.ktx" },
{ "u1": 1640, "u2": 7, "name": "7章_11", "u4": "製品版ID　位置仮", "u5": "area_spot_01", "texBig": "ui/image/Background/s210_080_Volcano_02/s210_080_Volcano_02_512_512.ktx", "texSmall": "ui/image/Background/s210_080_Volcano_02/s210_080_Volcano_02_512_128.ktx" },
{ "u1": 1650, "u2": 7, "name": "7章_12", "u4": "製品版ID　位置仮", "u5": "area_spot_01", "texBig": "ui/image/Background/s210_080_Volcano_02/s210_080_Volcano_02_512_512.ktx", "texSmall": "ui/image/Background/s210_080_Volcano_02/s210_080_Volcano_02_512_128.ktx" },
{ "u1": 1660, "u2": 7, "name": "7章_13", "u4": "製品版ID　位置仮", "u5": "area_spot_01", "texBig": "ui/image/Background/s210_080_Volcano_02/s210_080_Volcano_02_512_512.ktx", "texSmall": "ui/image/Background/s210_080_Volcano_02/s210_080_Volcano_02_512_128.ktx" },
{ "u1": 1670, "u2": 8, "name": "8章_01", "u4": "製品版ID　位置仮", "u5": "area_spot_01", "texBig": "ui/image/Background/s190_010_Glacier/s190_010_Glacier_512_512.ktx", "texSmall": "ui/image/Background/s190_010_Glacier/s190_010_Glacier_512_128.ktx" },
{ "u1": 1680, "u2": 8, "name": "8章_02", "u4": "製品版ID　位置仮", "u5": "area_spot_01", "texBig": "ui/image/Background/s190_010_Glacier/s190_010_Glacier_512_512.ktx", "texSmall": "ui/image/Background/s190_010_Glacier/s190_010_Glacier_512_128.ktx" },
{ "u1": 1690, "u2": 8, "name": "8章_03", "u4": "製品版ID　位置仮", "u5": "area_spot_01", "texBig": "ui/image/Background/s190_010_Glacier/s190_010_Glacier_512_512.ktx", "texSmall": "ui/image/Background/s190_010_Glacier/s190_010_Glacier_512_128.ktx" },
{ "u1": 1700, "u2": 8, "name": "8章_04", "u4": "製品版ID　位置仮", "u5": "area_spot_01", "texBig": "ui/image/Background/s190_010_Glacier/s190_010_Glacier_512_512.ktx", "texSmall": "ui/image/Background/s190_010_Glacier/s190_010_Glacier_512_128.ktx" },
{ "u1": 1710, "u2": 8, "name": "8章_05", "u4": "製品版ID　位置仮", "u5": "area_spot_01", "texBig": "ui/image/Background/s190_010_Glacier/s190_010_Glacier_512_512.ktx", "texSmall": "ui/image/Background/s190_010_Glacier/s190_010_Glacier_512_128.ktx" },
{ "u1": 1720, "u2": 8, "name": "8章_06", "u4": "製品版ID　位置仮", "u5": "area_spot_01", "texBig": "ui/image/Background/s190_010_Glacier/s190_010_Glacier_512_512.ktx", "texSmall": "ui/image/Background/s190_010_Glacier/s190_010_Glacier_512_128.ktx" },
{ "u1": 1730, "u2": 8, "name": "8章_07", "u4": "製品版ID　位置仮", "u5": "area_spot_01", "texBig": "ui/image/Background/s190_010_Glacier/s190_010_Glacier_512_512.ktx", "texSmall": "ui/image/Background/s190_010_Glacier/s190_010_Glacier_512_128.ktx" },
{ "u1": 1740, "u2": 8, "name": "8章_08", "u4": "製品版ID　位置仮", "u5": "area_spot_01", "texBig": "ui/image/Background/s190_010_Glacier/s190_010_Glacier_512_512.ktx", "texSmall": "ui/image/Background/s190_010_Glacier/s190_010_Glacier_512_128.ktx" },
{ "u1": 1750, "u2": 8, "name": "8章_09", "u4": "製品版ID　位置仮", "u5": "area_spot_01", "texBig": "ui/image/Background/s190_010_Glacier/s190_010_Glacier_512_512.ktx", "texSmall": "ui/image/Background/s190_010_Glacier/s190_010_Glacier_512_128.ktx" },
{ "u1": 1760, "u2": 9, "name": "9章_01", "u4": "製品版ID　位置仮", "u5": "area_spot_01", "texBig": "ui/image/Background/s030_010_Downtown/s030_010_Downtown_512_512.ktx", "texSmall": "ui/image/Background/s030_010_Downtown/s030_010_Downtown_512_128.ktx" },
{ "u1": 1770, "u2": 9, "name": "9章_02", "u4": "製品版ID　位置仮", "u5": "area_spot_01", "texBig": "ui/image/Background/s030_010_Downtown/s030_010_Downtown_512_512.ktx", "texSmall": "ui/image/Background/s030_010_Downtown/s030_010_Downtown_512_128.ktx" },
{ "u1": 1780, "u2": 9, "name": "9章_03", "u4": "製品版ID　位置仮", "u5": "area_spot_01", "texBig": "ui/image/Background/s030_200_Downtown_02/s030_200_Downtown_02_512_512.ktx", "texSmall": "ui/image/Background/s030_200_Downtown_02/s030_200_Downtown_02_512_128.ktx" },
{ "u1": 1790, "u2": 9, "name": "9章_04", "u4": "製品版ID　位置仮", "u5": "area_spot_01", "texBig": "ui/image/Background/s030_200_Downtown_02/s030_200_Downtown_02_512_512.ktx", "texSmall": "ui/image/Background/s030_200_Downtown_02/s030_200_Downtown_02_512_128.ktx" },
{ "u1": 1800, "u2": 9, "name": "9章_05", "u4": "製品版ID　位置仮", "u5": "area_spot_01", "texBig": "ui/image/Background/s030_200_Downtown_02/s030_200_Downtown_02_512_512.ktx", "texSmall": "ui/image/Background/s030_200_Downtown_02/s030_200_Downtown_02_512_128.ktx" },
{ "u1": 1810, "u2": 9, "name": "9章_06", "u4": "製品版ID　位置仮", "u5": "area_spot_01", "texBig": "ui/image/Background/s030_200_Downtown_02/s030_200_Downtown_02_512_512.ktx", "texSmall": "ui/image/Background/s030_200_Downtown_02/s030_200_Downtown_02_512_128.ktx" },
{ "u1": 1820, "u2": 9, "name": "9章_07", "u4": "製品版ID　位置仮", "u5": "area_spot_01", "texBig": "ui/image/Background/s130_010_Coast/s130_010_Coast_512_512.ktx", "texSmall": "ui/image/Background/s130_010_Coast/s130_010_Coast_512_128.ktx" },
{ "u1": 1830, "u2": 9, "name": "9章_08", "u4": "製品版ID　位置仮", "u5": "area_spot_01", "texBig": "ui/image/Background/s130_010_Coast/s130_010_Coast_512_512.ktx", "texSmall": "ui/image/Background/s130_010_Coast/s130_010_Coast_512_128.ktx" },
{ "u1": 1840, "u2": 9, "name": "9章_09", "u4": "製品版ID　位置仮", "u5": "area_spot_01", "texBig": "ui/image/Background/s130_010_Coast/s130_010_Coast_512_512.ktx", "texSmall": "ui/image/Background/s130_010_Coast/s130_010_Coast_512_128.ktx" },
{ "u1": 1850, "u2": 9, "name": "9章_10", "u4": "製品版ID　位置仮", "u5": "area_spot_01", "texBig": "ui/image/Background/s130_010_Coast/s130_010_Coast_512_512.ktx", "texSmall": "ui/image/Background/s130_010_Coast/s130_010_Coast_512_128.ktx" },
{ "u1": 1860, "u2": 9, "name": "9章_11", "u4": "製品版ID　位置仮", "u5": "area_spot_01", "texBig": "ui/image/Background/s130_010_Coast/s130_010_Coast_512_512.ktx", "texSmall": "ui/image/Background/s130_010_Coast/s130_010_Coast_512_128.ktx" },
{ "u1": 1870, "u2": 9, "name": "9章_12", "u4": "製品版ID　位置仮", "u5": "area_spot_01", "texBig": "ui/image/Background/s130_010_Coast/s130_010_Coast_512_512.ktx", "texSmall": "ui/image/Background/s130_010_Coast/s130_010_Coast_512_128.ktx" },
{ "u1": 1880, "u2": 10, "name": "10章_01", "u4": "製品版ID　位置仮", "u5": "area_spot_01", "texBig": "ui/image/Background/s080_010_Forest_01/s080_010_Forest_01_512_512.ktx", "texSmall": "ui/image/Background/s080_010_Forest_01/s080_010_Forest_01_512_128.ktx" },
{ "u1": 1890, "u2": 10, "name": "10章_02", "u4": "製品版ID　位置仮", "u5": "area_spot_01", "texBig": "ui/image/Background/s210_080_Volcano_01/s210_080_Volcano_01_512_512.ktx", "texSmall": "ui/image/Background/s210_080_Volcano_01/s210_080_Volcano_01_512_128.ktx" },
{ "u1": 1900, "u2": 10, "name": "10章_03", "u4": "製品版ID　位置仮", "u5": "area_spot_01", "texBig": "ui/image/Background/s210_010_Volcano/s210_010_Volcano_512_512.ktx", "texSmall": "ui/image/Background/s210_010_Volcano/s210_010_Volcano_512_128.ktx" },
{ "u1": 1910, "u2": 10, "name": "10章_04", "u4": "製品版ID　位置仮", "u5": "area_spot_01", "texBig": "ui/image/Background/s210_010_Volcano/s210_010_Volcano_512_512.ktx", "texSmall": "ui/image/Background/s210_010_Volcano/s210_010_Volcano_512_128.ktx" },
{ "u1": 1920, "u2": 10, "name": "10章_05", "u4": "製品版ID　位置仮", "u5": "area_spot_01", "texBig": "ui/image/Background/s210_010_Volcano/s210_010_Volcano_512_512.ktx", "texSmall": "ui/image/Background/s210_010_Volcano/s210_010_Volcano_512_128.ktx" },
{ "u1": 1930, "u2": 10, "name": "10章_06", "u4": "製品版ID　位置仮", "u5": "area_spot_01", "texBig": "ui/image/Background/s100_010_Canyon_02/s100_010_Canyon_02_512_512.ktx", "texSmall": "ui/image/Background/s100_010_Canyon_02/s100_010_Canyon_02_512_128.ktx" },
{ "u1": 1940, "u2": 10, "name": "10章_07", "u4": "製品版ID　位置仮", "u5": "area_spot_01", "texBig": "ui/image/Background/s100_010_Canyon_02/s100_010_Canyon_02_512_512.ktx", "texSmall": "ui/image/Background/s100_010_Canyon_02/s100_010_Canyon_02_512_128.ktx" },
{ "u1": 1950, "u2": 10, "name": "10章_08", "u4": "製品版ID　位置仮", "u5": "area_spot_01", "texBig": "ui/image/Background/s100_010_Canyon_02/s100_010_Canyon_02_512_512.ktx", "texSmall": "ui/image/Background/s100_010_Canyon_02/s100_010_Canyon_02_512_128.ktx" },
{ "u1": 1960, "u2": 10, "name": "10章_09", "u4": "製品版ID　位置仮", "u5": "area_spot_01", "texBig": "ui/image/Background/s100_010_Canyon_02/s100_010_Canyon_02_512_512.ktx", "texSmall": "ui/image/Background/s100_010_Canyon_02/s100_010_Canyon_02_512_128.ktx" },
{ "u1": 1970, "u2": 10, "name": "10章_10", "u4": "製品版ID　位置仮", "u5": "area_spot_01", "texBig": "ui/image/Background/s070_011_Highway/s070_011_Highway_512_512.ktx", "texSmall": "ui/image/Background/s070_011_Highway/s070_011_Highway_512_128.ktx" },
{ "u1": 1980, "u2": 10, "name": "10章_11", "u4": "製品版ID　位置仮", "u5": "area_spot_01", "texBig": "ui/image/Background/s070_012_Highway/s070_012_Highway_512_512.ktx", "texSmall": "ui/image/Background/s070_012_Highway/s070_012_Highway_512_128.ktx" },
{ "u1": 1990, "u2": 10, "name": "10章_12", "u4": "製品版ID　位置仮", "u5": "area_spot_01", "texBig": "ui/image/Background/s070_012_Highway/s070_012_Highway_512_512.ktx", "texSmall": "ui/image/Background/s070_012_Highway/s070_012_Highway_512_128.ktx" },
{ "u1": 2000, "u2": 10, "name": "10章_13", "u4": "製品版ID　位置仮", "u5": "area_spot_01", "texBig": "ui/image/Background/s070_012_Highway/s070_012_Highway_512_512.ktx", "texSmall": "ui/image/Background/s070_012_Highway/s070_012_Highway_512_128.ktx" },
{ "u1": 2010, "u2": 11, "name": "10.5章_01", "u4": "製品版ID　位置仮", "u5": "area_spot_01", "texBig": "ui/image/Background/s030_200_Downtown_01/s030_200_Downtown_01_512_512.ktx", "texSmall": "ui/image/Background/s030_200_Downtown_01/s030_200_Downtown_01_512_128.ktx" },
{ "u1": 2020, "u2": 11, "name": "10.5章_02", "u4": "製品版ID　位置仮", "u5": "area_spot_01", "texBig": "ui/image/Background/s030_200_Downtown_01/s030_200_Downtown_01_512_512.ktx", "texSmall": "ui/image/Background/s030_200_Downtown_01/s030_200_Downtown_01_512_128.ktx" },
{ "u1": 2030, "u2": 11, "name": "10.5章_03", "u4": "製品版ID　位置仮", "u5": "area_spot_01", "texBig": "ui/image/Background/s030_200_Downtown_01/s030_200_Downtown_01_512_512.ktx", "texSmall": "ui/image/Background/s030_200_Downtown_01/s030_200_Downtown_01_512_128.ktx" },
{ "u1": 2040, "u2": 11, "name": "10.5章_04", "u4": "製品版ID　位置仮", "u5": "area_spot_01", "texBig": "ui/image/Background/s040_200_Arena_01/s040_200_Arena_01_512_512.ktx", "texSmall": "ui/image/Background/s040_200_Arena_01/s040_200_Arena_01_512_128.ktx" },
{ "u1": 2050, "u2": 12, "name": "11章_01", "u4": "製品版ID　位置仮", "u5": "area_spot_01", "texBig": "ui/image/Background/s040_300_Arena_01/s040_300_Arena_01_512_512.ktx", "texSmall": "ui/image/Background/s040_300_Arena_01/s040_300_Arena_01_512_128.ktx" },
{ "u1": 2060, "u2": 12, "name": "11章_02", "u4": "製品版ID　位置仮", "u5": "area_spot_01", "texBig": "ui/image/Background/s040_300_Arena_01/s040_300_Arena_01_512_512.ktx", "texSmall": "ui/image/Background/s040_300_Arena_01/s040_300_Arena_01_512_128.ktx" },
{ "u1": 2070, "u2": 12, "name": "11章_03", "u4": "製品版ID　位置仮", "u5": "area_spot_01", "texBig": "ui/image/Background/s040_300_Arena_01/s040_300_Arena_01_512_512.ktx", "texSmall": "ui/image/Background/s040_300_Arena_01/s040_300_Arena_01_512_128.ktx" },
{ "u1": 2080, "u2": 13, "name": "12章_01", "u4": "製品版ID　位置仮", "u5": "area_spot_01", "texBig": "ui/image/Background/s030_200_Downtown_01/s030_200_Downtown_01_512_512.ktx", "texSmall": "ui/image/Background/s030_200_Downtown_01/s030_200_Downtown_01_512_128.ktx" },
{ "u1": 2090, "u2": 13, "name": "12章_02", "u4": "製品版ID　位置仮", "u5": "area_spot_01", "texBig": "ui/image/Background/s040_300_Arena_01/s040_300_Arena_01_512_512.ktx", "texSmall": "ui/image/Background/s040_300_Arena_01/s040_300_Arena_01_512_128.ktx" },
{ "u1": 2100, "u2": 13, "name": "12章_03", "u4": "製品版ID　位置仮", "u5": "area_spot_01", "texBig": "ui/image/Background/s040_300_Arena_01/s040_300_Arena_01_512_512.ktx", "texSmall": "ui/image/Background/s040_300_Arena_01/s040_300_Arena_01_512_128.ktx" },
{ "u1": 2110, "u2": 14, "name": "13章_01", "u4": "製品版ID　位置仮", "u5": "area_spot_01", "texBig": "ui/image/Background/s130_010_Coast/s130_010_Coast_512_512.ktx", "texSmall": "ui/image/Background/s130_010_Coast/s130_010_Coast_512_128.ktx" },
{ "u1": 2120, "u2": 14, "name": "13章_02", "u4": "製品版ID　位置仮", "u5": "area_spot_01", "texBig": "ui/image/Background/s040_300_Arena_01/s040_300_Arena_01_512_512.ktx", "texSmall": "ui/image/Background/s040_300_Arena_01/s040_300_Arena_01_512_128.ktx" },
{ "u1": 2130, "u2": 14, "name": "13章_03", "u4": "製品版ID　位置仮", "u5": "area_spot_01", "texBig": "ui/image/Background/s040_300_Arena_01/s040_300_Arena_01_512_512.ktx", "texSmall": "ui/image/Background/s040_300_Arena_01/s040_300_Arena_01_512_128.ktx" },
{ "u1": 2160, "u2": 15, "name": "14章_01", "u4": "製品版ID　位置仮", "u5": "area_spot_01", "texBig": "ui/image/Background/s080_010_Forest_01/s080_010_Forest_01_512_512.ktx", "texSmall": "ui/image/Background/s080_010_Forest_01/s080_010_Forest_01_512_128.ktx" },
{ "u1": 2170, "u2": 15, "name": "14章_02", "u4": "製品版ID　位置仮", "u5": "area_spot_01", "texBig": "ui/image/Background/s040_300_Arena_01/s040_300_Arena_01_512_512.ktx", "texSmall": "ui/image/Background/s040_300_Arena_01/s040_300_Arena_01_512_128.ktx" },
{ "u1": 2180, "u2": 15, "name": "14章_03", "u4": "製品版ID　位置仮", "u5": "area_spot_01", "texBig": "ui/image/Background/s040_300_Arena_01/s040_300_Arena_01_512_512.ktx", "texSmall": "ui/image/Background/s040_300_Arena_01/s040_300_Arena_01_512_128.ktx" },
{ "u1": 2190, "u2": 16, "name": "15章_01", "u4": "製品版ID　位置仮", "u5": "area_spot_01", "texBig": "ui/image/Background/s040_300_Arena_01/s040_300_Arena_01_512_512.ktx", "texSmall": "ui/image/Background/s040_300_Arena_01/s040_300_Arena_01_512_128.ktx" },
{ "u1": 2200, "u2": 16, "name": "15章_02", "u4": "製品版ID　位置仮", "u5": "area_spot_01", "texBig": "ui/image/Background/s040_300_Arena_01/s040_300_Arena_01_512_512.ktx", "texSmall": "ui/image/Background/s040_300_Arena_01/s040_300_Arena_01_512_128.ktx" },
{ "u1": 2210, "u2": 16, "name": "15章_03", "u4": "製品版ID　位置仮", "u5": "area_spot_01", "texBig": "ui/image/Background/s040_300_Arena_01/s040_300_Arena_01_512_512.ktx", "texSmall": "ui/image/Background/s040_300_Arena_01/s040_300_Arena_01_512_128.ktx" },
{ "u1": 2220, "u2": 17, "name": "16章_01", "u4": "製品版ID　位置仮", "u5": "area_spot_01", "texBig": "ui/image/Background/s040_300_Arena_01/s040_300_Arena_01_512_512.ktx", "texSmall": "ui/image/Background/s040_300_Arena_01/s040_300_Arena_01_512_128.ktx" },
{ "u1": 2230, "u2": 17, "name": "16章_02", "u4": "製品版ID　位置仮", "u5": "area_spot_01", "texBig": "ui/image/Background/s040_300_Arena_01/s040_300_Arena_01_512_512.ktx", "texSmall": "ui/image/Background/s040_300_Arena_01/s040_300_Arena_01_512_128.ktx" },
{ "u1": 2240, "u2": 17, "name": "16章_03", "u4": "製品版ID　位置仮", "u5": "area_spot_01", "texBig": "ui/image/Background/s040_300_Arena_01/s040_300_Arena_01_512_512.ktx", "texSmall": "ui/image/Background/s040_300_Arena_01/s040_300_Arena_01_512_128.ktx" },
{ "u1": 2250, "u2": 18, "name": "17章_01", "u4": "製品版ID　位置仮", "u5": "area_spot_01", "texBig": "ui/image/Background/s110_010_Cave_02/s110_010_Cave_02_512_512.ktx", "texSmall": "ui/image/Background/s110_010_Cave_02/s110_010_Cave_02_512_128.ktx" },
{ "u1": 2260, "u2": 18, "name": "17章_02", "u4": "製品版ID　位置仮", "u5": "area_spot_01", "texBig": "ui/image/Background/s040_300_Arena_01/s040_300_Arena_01_512_512.ktx", "texSmall": "ui/image/Background/s040_300_Arena_01/s040_300_Arena_01_512_128.ktx" },
{ "u1": 2270, "u2": 18, "name": "17章_03", "u4": "製品版ID　位置仮", "u5": "area_spot_01", "texBig": "ui/image/Background/s040_300_Arena_01/s040_300_Arena_01_512_512.ktx", "texSmall": "ui/image/Background/s040_300_Arena_01/s040_300_Arena_01_512_128.ktx" },
{ "u1": 2280, "u2": 19, "name": "18章_01", "u4": "製品版ID　位置仮", "u5": "area_spot_01", "texBig": "ui/image/Background/s210_010_Volcano/s210_010_Volcano_512_512.ktx", "texSmall": "ui/image/Background/s210_010_Volcano/s210_010_Volcano_512_128.ktx" },
{ "u1": 2290, "u2": 19, "name": "18章_02", "u4": "製品版ID　位置仮", "u5": "area_spot_01", "texBig": "ui/image/Background/s040_300_Arena_01/s040_300_Arena_01_512_512.ktx", "texSmall": "ui/image/Background/s040_300_Arena_01/s040_300_Arena_01_512_128.ktx" },
{ "u1": 2300, "u2": 19, "name": "18章_03", "u4": "製品版ID　位置仮", "u5": "area_spot_01", "texBig": "ui/image/Background/s040_300_Arena_01/s040_300_Arena_01_512_512.ktx", "texSmall": "ui/image/Background/s040_300_Arena_01/s040_300_Arena_01_512_128.ktx" },
{ "u1": 2305, "u2": 20, "name": "18.5章_01", "u4": "製品版ID　位置仮", "u5": "area_spot_01", "texBig": "ui/image/Background/s040_200_Arena_01/s040_200_Arena_01_512_512.ktx", "texSmall": "ui/image/Background/s040_200_Arena_01/s040_200_Arena_01_512_128.ktx" },
{ "u1": 2310, "u2": 11, "name": "10.5章_02　ノーマル", "u4": "製品版ID　位置仮", "u5": "area_spot_01", "texBig": "ui/image/Background/s030_200_Downtown_01/s030_200_Downtown_01_512_512.ktx", "texSmall": "ui/image/Background/s030_200_Downtown_01/s030_200_Downtown_01_512_128.ktx" },
{ "u1": 2320, "u2": 12, "name": "11章_02　ノーマル", "u4": "製品版ID　位置仮", "u5": "area_spot_01", "texBig": "ui/image/Background/s040_300_Arena_01/s040_300_Arena_01_512_512.ktx", "texSmall": "ui/image/Background/s040_300_Arena_01/s040_300_Arena_01_512_128.ktx" },
{ "u1": 2330, "u2": 13, "name": "12章_02　ノーマル", "u4": "製品版ID　位置仮", "u5": "area_spot_01", "texBig": "ui/image/Background/s040_300_Arena_01/s040_300_Arena_01_512_512.ktx", "texSmall": "ui/image/Background/s040_300_Arena_01/s040_300_Arena_01_512_128.ktx" },
{ "u1": 2340, "u2": 14, "name": "13章_02　ノーマル", "u4": "製品版ID　位置仮", "u5": "area_spot_01", "texBig": "ui/image/Background/s040_300_Arena_01/s040_300_Arena_01_512_512.ktx", "texSmall": "ui/image/Background/s040_300_Arena_01/s040_300_Arena_01_512_128.ktx" },
{ "u1": 2350, "u2": 15, "name": "14章_02　ノーマル", "u4": "製品版ID　位置仮", "u5": "area_spot_01", "texBig": "ui/image/Background/s040_300_Arena_01/s040_300_Arena_01_512_512.ktx", "texSmall": "ui/image/Background/s040_300_Arena_01/s040_300_Arena_01_512_128.ktx" },
{ "u1": 2360, "u2": 16, "name": "15章_02　ノーマル", "u4": "製品版ID　位置仮", "u5": "area_spot_01", "texBig": "ui/image/Background/s040_300_Arena_01/s040_300_Arena_01_512_512.ktx", "texSmall": "ui/image/Background/s040_300_Arena_01/s040_300_Arena_01_512_128.ktx" },
{ "u1": 2370, "u2": 17, "name": "16章_03　ノーマル", "u4": "製品版ID　位置仮", "u5": "area_spot_01", "texBig": "ui/image/Background/s040_300_Arena_01/s040_300_Arena_01_512_512.ktx", "texSmall": "ui/image/Background/s040_300_Arena_01/s040_300_Arena_01_512_128.ktx" },
{ "u1": 2380, "u2": 18, "name": "17章_02　ノーマル", "u4": "製品版ID　位置仮", "u5": "area_spot_01", "texBig": "ui/image/Background/s040_300_Arena_01/s040_300_Arena_01_512_512.ktx", "texSmall": "ui/image/Background/s040_300_Arena_01/s040_300_Arena_01_512_128.ktx" },
{ "u1": 2390, "u2": 19, "name": "18章_02　ノーマル", "u4": "製品版ID　位置仮", "u5": "area_spot_01", "texBig": "ui/image/Background/s040_300_Arena_01/s040_300_Arena_01_512_512.ktx", "texSmall": "ui/image/Background/s040_300_Arena_01/s040_300_Arena_01_512_128.ktx" },
{ "u1": 2400, "u2": 11, "name": "10.5章_02　ハード", "u4": "製品版ID　位置仮", "u5": "area_spot_01", "texBig": "ui/image/Background/s030_200_Downtown_01/s030_200_Downtown_01_512_512.ktx", "texSmall": "ui/image/Background/s030_200_Downtown_01/s030_200_Downtown_01_512_128.ktx" },
{ "u1": 2410, "u2": 12, "name": "11章_02　ハード", "u4": "製品版ID　位置仮", "u5": "area_spot_01", "texBig": "ui/image/Background/s040_300_Arena_01/s040_300_Arena_01_512_512.ktx", "texSmall": "ui/image/Background/s040_300_Arena_01/s040_300_Arena_01_512_128.ktx" },
{ "u1": 2420, "u2": 13, "name": "12章_02　ハード", "u4": "製品版ID　位置仮", "u5": "area_spot_01", "texBig": "ui/image/Background/s040_300_Arena_01/s040_300_Arena_01_512_512.ktx", "texSmall": "ui/image/Background/s040_300_Arena_01/s040_300_Arena_01_512_128.ktx" },
{ "u1": 2430, "u2": 14, "name": "13章_02　ハード", "u4": "製品版ID　位置仮", "u5": "area_spot_01", "texBig": "ui/image/Background/s040_300_Arena_01/s040_300_Arena_01_512_512.ktx", "texSmall": "ui/image/Background/s040_300_Arena_01/s040_300_Arena_01_512_128.ktx" },
{ "u1": 2440, "u2": 15, "name": "14章_02　ハード", "u4": "製品版ID　位置仮", "u5": "area_spot_01", "texBig": "ui/image/Background/s040_300_Arena_01/s040_300_Arena_01_512_512.ktx", "texSmall": "ui/image/Background/s040_300_Arena_01/s040_300_Arena_01_512_128.ktx" },
{ "u1": 2450, "u2": 16, "name": "15章_02　ハード", "u4": "製品版ID　位置仮", "u5": "area_spot_01", "texBig": "ui/image/Background/s040_300_Arena_01/s040_300_Arena_01_512_512.ktx", "texSmall": "ui/image/Background/s040_300_Arena_01/s040_300_Arena_01_512_128.ktx" },
{ "u1": 2460, "u2": 17, "name": "16章_03　ハード", "u4": "製品版ID　位置仮", "u5": "area_spot_01", "texBig": "ui/image/Background/s040_300_Arena_01/s040_300_Arena_01_512_512.ktx", "texSmall": "ui/image/Background/s040_300_Arena_01/s040_300_Arena_01_512_128.ktx" },
{ "u1": 2470, "u2": 18, "name": "17章_02　ハード", "u4": "製品版ID　位置仮", "u5": "area_spot_01", "texBig": "ui/image/Background/s040_300_Arena_01/s040_300_Arena_01_512_512.ktx", "texSmall": "ui/image/Background/s040_300_Arena_01/s040_300_Arena_01_512_128.ktx" },
{ "u1": 2480, "u2": 19, "name": "18章_02　ハード", "u4": "製品版ID　位置仮", "u5": "area_spot_01", "texBig": "ui/image/Background/s040_300_Arena_01/s040_300_Arena_01_512_512.ktx", "texSmall": "ui/image/Background/s040_300_Arena_01/s040_300_Arena_01_512_128.ktx" },
{ "u1": 2490, "u2": 11, "name": "10.5章_02　ベリーハード", "u4": "製品版ID　位置仮", "u5": "area_spot_01", "texBig": "ui/image/Background/s030_200_Downtown_01/s030_200_Downtown_01_512_512.ktx", "texSmall": "ui/image/Background/s030_200_Downtown_01/s030_200_Downtown_01_512_128.ktx" },
{ "u1": 2500, "u2": 12, "name": "11章_02　ベリーハード", "u4": "製品版ID　位置仮", "u5": "area_spot_01", "texBig": "ui/image/Background/s040_300_Arena_01/s040_300_Arena_01_512_512.ktx", "texSmall": "ui/image/Background/s040_300_Arena_01/s040_300_Arena_01_512_128.ktx" },
{ "u1": 2510, "u2": 13, "name": "12章_02　ベリーハード", "u4": "製品版ID　位置仮", "u5": "area_spot_01", "texBig": "ui/image/Background/s040_300_Arena_01/s040_300_Arena_01_512_512.ktx", "texSmall": "ui/image/Background/s040_300_Arena_01/s040_300_Arena_01_512_128.ktx" },
{ "u1": 2520, "u2": 14, "name": "13章_02　ベリーハード", "u4": "製品版ID　位置仮", "u5": "area_spot_01", "texBig": "ui/image/Background/s040_300_Arena_01/s040_300_Arena_01_512_512.ktx", "texSmall": "ui/image/Background/s040_300_Arena_01/s040_300_Arena_01_512_128.ktx" },
{ "u1": 2530, "u2": 15, "name": "14章_02　ベリーハード", "u4": "製品版ID　位置仮", "u5": "area_spot_01", "texBig": "ui/image/Background/s040_300_Arena_01/s040_300_Arena_01_512_512.ktx", "texSmall": "ui/image/Background/s040_300_Arena_01/s040_300_Arena_01_512_128.ktx" },
{ "u1": 2540, "u2": 16, "name": "15章_02　ベリーハード", "u4": "製品版ID　位置仮", "u5": "area_spot_01", "texBig": "ui/image/Background/s040_300_Arena_01/s040_300_Arena_01_512_512.ktx", "texSmall": "ui/image/Background/s040_300_Arena_01/s040_300_Arena_01_512_128.ktx" },
{ "u1": 2550, "u2": 17, "name": "16章_03　ベリーハード", "u4": "製品版ID　位置仮", "u5": "area_spot_01", "texBig": "ui/image/Background/s040_300_Arena_01/s040_300_Arena_01_512_512.ktx", "texSmall": "ui/image/Background/s040_300_Arena_01/s040_300_Arena_01_512_128.ktx" },
{ "u1": 2560, "u2": 18, "name": "17章_02　ベリーハード", "u4": "製品版ID　位置仮", "u5": "area_spot_01", "texBig": "ui/image/Background/s040_300_Arena_01/s040_300_Arena_01_512_512.ktx", "texSmall": "ui/image/Background/s040_300_Arena_01/s040_300_Arena_01_512_128.ktx" },
{ "u1": 2570, "u2": 19, "name": "18章_02　ベリーハード", "u4": "製品版ID　位置仮", "u5": "area_spot_01", "texBig": "ui/image/Background/s040_300_Arena_01/s040_300_Arena_01_512_512.ktx", "texSmall": "ui/image/Background/s040_300_Arena_01/s040_300_Arena_01_512_128.ktx" },
{ "u1": 1000301, "u2": 3, "name": "探索クエスト1", "u4": "製品版ID　位置仮", "u5": "area_spot_01", "texBig": "ui/image/Background/s100_010_Canyon_02/s100_010_Canyon_02_512_512.ktx", "texSmall": "ui/image/Background/s100_010_Canyon_02/s100_010_Canyon_02_512_128.ktx" },
{ "u1": 1000601, "u2": 6, "name": "探索クエスト2", "u4": "製品版ID　位置仮", "u5": "area_spot_01", "texBig": "ui/image/Background/s060_010_Village_01/s060_010_Village_01_512_512.ktx", "texSmall": "ui/image/Background/s060_010_Village_01/s060_010_Village_01_512_128.ktx" },
{ "u1": 1001001, "u2": 9, "name": "探索クエスト3", "u4": "製品版ID　位置仮", "u5": "area_spot_01", "texBig": "ui/image/Background/s070_010_Highway/s070_010_Highway_512_512.ktx", "texSmall": "ui/image/Background/s070_010_Highway/s070_010_Highway_512_128.ktx" },
{ "u1": 3001000, "u2": 1, "name": "s030_010_Downtown", "u4": "製品版ID　位置仮", "u5": "area_spot_01", "texBig": "ui/image/Background/s030_010_Downtown/s030_010_Downtown_512_512.ktx", "texSmall": "ui/image/Background/s030_010_Downtown/s030_010_Downtown_512_128.ktx" },
{ "u1": 3020000, "u2": 1, "name": "s030_200_Downtown", "u4": "製品版ID　位置仮", "u5": "area_spot_01", "texBig": "ui/image/Background/s030_200_Downtown/s030_200_Downtown_512_512.ktx", "texSmall": "ui/image/Background/s030_200_Downtown/s030_200_Downtown_512_128.ktx" },
{ "u1": 4020000, "u2": 1, "name": "s040_200_Arena", "u4": "製品版ID　位置仮", "u5": "area_spot_01", "texBig": "ui/image/Background/s040_200_Arena/s040_200_Arena_512_512.ktx", "texSmall": "ui/image/Background/s040_200_Arena/s040_200_Arena_512_128.ktx" },
{ "u1": 4020001, "u2": 1, "name": "s040_200_Arena_01", "u4": "製品版ID　位置仮", "u5": "area_spot_01", "texBig": "ui/image/Background/s040_200_Arena_01/s040_200_Arena_01_512_512.ktx", "texSmall": "ui/image/Background/s040_200_Arena_01/s040_200_Arena_01_512_128.ktx" },
{ "u1": 4540100, "u2": 1, "name": "s040_300_Arena", "u4": "製品版ID　位置仮", "u5": "area_spot_01", "texBig": "ui/image/Background/s040_300_Arena/s040_300_Arena_512_512.ktx", "texSmall": "ui/image/Background/s040_300_Arena/s040_300_Arena_512_128.ktx" },
{ "u1": 4540200, "u2": 1, "name": "s045_401_SubArena", "u4": "製品版ID　位置仮", "u5": "area_spot_01", "texBig": "ui/image/Background/s045_401_SubArena/s045_401_SubArena_512_512.ktx", "texSmall": "ui/image/Background/s045_401_SubArena/s045_401_SubArena_512_128.ktx" },
{ "u1": 4540300, "u2": 1, "name": "s045_402_SubArena", "u4": "製品版ID　位置仮", "u5": "area_spot_01", "texBig": "ui/image/Background/s045_402_SubArena/s045_402_SubArena_512_512.ktx", "texSmall": "ui/image/Background/s045_402_SubArena/s045_402_SubArena_512_128.ktx" },
{ "u1": 4540400, "u2": 1, "name": "s045_403_SubArena", "u4": "製品版ID　位置仮", "u5": "area_spot_01", "texBig": "ui/image/Background/s045_403_SubArena/s045_403_SubArena_512_512.ktx", "texSmall": "ui/image/Background/s045_403_SubArena/s045_403_SubArena_512_128.ktx" },
{ "u1": 4540500, "u2": 1, "name": "s045_404_SubArena", "u4": "製品版ID　位置仮", "u5": "area_spot_01", "texBig": "ui/image/Background/s045_404_SubArena/s045_404_SubArena_512_512.ktx", "texSmall": "ui/image/Background/s045_404_SubArena/s045_404_SubArena_512_128.ktx" },
{ "u1": 4540600, "u2": 1, "name": "s045_405_SubArena", "u4": "製品版ID　位置仮", "u5": "area_spot_01", "texBig": "ui/image/Background/s045_405_SubArena/s045_405_SubArena_512_512.ktx", "texSmall": "ui/image/Background/s045_405_SubArena/s045_405_SubArena_512_128.ktx" },
{ "u1": 6001000, "u2": 1, "name": "s060_010_Village", "u4": "製品版ID　位置仮", "u5": "area_spot_01", "texBig": "ui/image/Background/s060_010_Village/s060_010_Village_512_512.ktx", "texSmall": "ui/image/Background/s060_010_Village/s060_010_Village_512_128.ktx" },
{ "u1": 7001000, "u2": 1, "name": "s070_010_Highway", "u4": "製品版ID　位置仮", "u5": "area_spot_01", "texBig": "ui/image/Background/s070_010_Highway/s070_010_Highway_512_512.ktx", "texSmall": "ui/image/Background/s070_010_Highway/s070_010_Highway_512_128.ktx" },
{ "u1": 7001100, "u2": 1, "name": "s070_011_Highway", "u4": "製品版ID　位置仮", "u5": "area_spot_01", "texBig": "ui/image/Background/s070_011_Highway/s070_011_Highway_512_512.ktx", "texSmall": "ui/image/Background/s070_011_Highway/s070_011_Highway_512_128.ktx" },
{ "u1": 7001200, "u2": 1, "name": "s070_012_Highway", "u4": "製品版ID　位置仮", "u5": "area_spot_01", "texBig": "ui/image/Background/s070_012_Highway/s070_012_Highway_512_512.ktx", "texSmall": "ui/image/Background/s070_012_Highway/s070_012_Highway_512_128.ktx" },
{ "u1": 8001000, "u2": 1, "name": "s080_010_Forest", "u4": "製品版ID　位置仮", "u5": "area_spot_01", "texBig": "ui/image/Background/s080_010_Forest/s080_010_Forest_512_512.ktx", "texSmall": "ui/image/Background/s080_010_Forest/s080_010_Forest_512_128.ktx" },
{ "u1": 10001000, "u2": 1, "name": "s100_010_Canyon", "u4": "製品版ID　位置仮", "u5": "area_spot_01", "texBig": "ui/image/Background/s100_010_Canyon/s100_010_Canyon_512_512.ktx", "texSmall": "ui/image/Background/s100_010_Canyon/s100_010_Canyon_512_128.ktx" },
{ "u1": 11001000, "u2": 1, "name": "s110_010_Cave", "u4": "製品版ID　位置仮", "u5": "area_spot_01", "texBig": "ui/image/Background/s110_010_Cave/s110_010_Cave_512_512.ktx", "texSmall": "ui/image/Background/s110_010_Cave/s110_010_Cave_512_128.ktx" },
{ "u1": 13001000, "u2": 1, "name": "s130_010_Coast_04", "u4": "製品版ID　位置仮", "u5": "area_spot_01", "texBig": "ui/image/Background/s130_010_Coast_04/s130_010_Coast_04_512_512.ktx", "texSmall": "ui/image/Background/s130_010_Coast_04/s130_010_Coast_04_512_128.ktx" },
{ "u1": 19001000, "u2": 1, "name": "s190_010_Glacier", "u4": "製品版ID　位置仮", "u5": "area_spot_01", "texBig": "ui/image/Background/s190_010_Glacier/s190_010_Glacier_512_512.ktx", "texSmall": "ui/image/Background/s190_010_Glacier/s190_010_Glacier_512_128.ktx" },
{ "u1": 19007000, "u2": 1, "name": "s190_070_Glacier", "u4": "製品版ID　位置仮", "u5": "area_spot_01", "texBig": "ui/image/Background/s190_070_Glacier/s190_070_Glacier_512_512.ktx", "texSmall": "ui/image/Background/s190_070_Glacier/s190_070_Glacier_512_128.ktx" },
{ "u1": 21001000, "u2": 1, "name": "s210_010_Volcano", "u4": "製品版ID　位置仮", "u5": "area_spot_01", "texBig": "ui/image/Background/s210_010_Volcano/s210_010_Volcano_512_512.ktx", "texSmall": "ui/image/Background/s210_010_Volcano/s210_010_Volcano_512_128.ktx" },
{ "u1": 21008000, "u2": 1, "name": "s210_080_Volcano", "u4": "製品版ID　位置仮", "u5": "area_spot_01", "texBig": "ui/image/Background/s210_080_Volcano/s210_080_Volcano_512_512.ktx", "texSmall": "ui/image/Background/s210_080_Volcano/s210_080_Volcano_512_128.ktx" },
{ "u1": 21008002, "u2": 1, "name": "s210_080_Volcano_02", "u4": "製品版ID　位置仮", "u5": "area_spot_01", "texBig": "ui/image/Background/s210_080_Volcano_02/s210_080_Volcano_02_512_512.ktx", "texSmall": "ui/image/Background/s210_080_Volcano_02/s210_080_Volcano_02_512_128.ktx" },
{ "u1": 21024000, "u2": 1, "name": "s210_240_Volcano", "u4": "製品版ID　位置仮", "u5": "area_spot_01", "texBig": "ui/image/Background/s210_240_Volcano/s210_240_Volcano_512_512.ktx", "texSmall": "ui/image/Background/s210_240_Volcano/s210_240_Volcano_512_128.ktx" },
]}
