{ "entries": [
{ "unk1": "1", "unk2": "1", "name": "1章", "desc": "UT版_世界地図", "icon": "ui/image/icon.png", "position": "pin_pos_lc_01", "button": "btn_area_xbt_01", "effect": "area_open_eff_lc_01", "lbdat": "ui/QuestList/Map/lbproj/world_01/area_map_01.lbdat" },
{ "unk1": "2", "unk2": "1", "name": "2章", "desc": "UT版_世界地図", "icon": "ui/image/icon.png", "position": "pin_pos_lc_02", "button": "btn_area_xbt_02", "effect": "area_open_eff_lc_02", "lbdat": "ui/QuestList/Map/lbproj/world_01/area_map_02.lbdat" },
{ "unk1": "3", "unk2": "1", "name": "3章", "desc": "UT版_世界地図", "icon": "ui/image/icon.png", "position": "pin_pos_lc_03", "button": "btn_area_xbt_03", "effect": "area_open_eff_lc_03", "lbdat": "ui/QuestList/Map/lbproj/world_01/area_map_03.lbdat" },
{ "unk1": "4", "unk2": "1", "name": "4章", "desc": "UT版_世界地図", "icon": "ui/image/icon.png", "position": "pin_pos_lc_04", "button": "btn_area_xbt_04", "effect": "area_open_eff_lc_04", "lbdat": "ui/QuestList/Map/lbproj/world_01/area_map_04.lbdat" },
{ "unk1": "5", "unk2": "1", "name": "5章", "desc": "UT版_世界地図", "icon": "ui/image/icon.png", "position": "pin_pos_lc_05", "button": "btn_area_xbt_05", "effect": "area_open_eff_lc_05", "lbdat": "ui/QuestList/Map/lbproj/world_01/area_map_05.lbdat" },
{ "unk1": "6", "unk2": "1", "name": "6章", "desc": "UT版_世界地図", "icon": "ui/image/icon.png", "position": "pin_pos_lc_06", "button": "btn_area_xbt_06", "effect": "area_open_eff_lc_06", "lbdat": "ui/QuestList/Map/lbproj/world_01/area_map_06.lbdat" },
{ "unk1": "7", "unk2": "1", "name": "7章", "desc": "UT版_世界地図", "icon": "ui/image/icon.png", "position": "pin_pos_lc_07", "button": "btn_area_xbt_07", "effect": "area_open_eff_lc_07", "lbdat": "ui/QuestList/Map/lbproj/world_01/area_map_07.lbdat" },
{ "unk1": "8", "unk2": "1", "name": "8章", "desc": "UT版_世界地図", "icon": "ui/image/icon.png", "position": "pin_pos_lc_08", "button": "btn_area_xbt_08", "effect": "area_open_eff_lc_08", "lbdat": "ui/QuestList/Map/lbproj/world_01/area_map_08.lbdat" },
{ "unk1": "9", "unk2": "1", "name": "9章", "desc": "UT版_世界地図", "icon": "ui/image/icon.png", "position": "pin_pos_lc_09", "button": "btn_area_xbt_09", "effect": "area_open_eff_lc_09", "lbdat": "ui/QuestList/Map/lbproj/world_01/area_map_09.lbdat" },
{ "unk1": "10", "unk2": "1", "name": "10章", "desc": "UT版_世界地図", "icon": "ui/image/icon.png", "position": "pin_pos_lc_10", "button": "btn_area_xbt_10", "effect": "area_open_eff_lc_10", "lbdat": "ui/QuestList/Map/lbproj/world_01/area_map_10.lbdat" },
{ "unk1": "11", "unk2": "1", "name": "10.5章", "desc": "UT版_世界地図", "icon": "ui/image/icon.png", "position": "pin_pos_lc_11", "button": "btn_area_xbt_11", "effect": "area_open_eff_lc_11", "lbdat": "ui/QuestList/Map/lbproj/world_01/area_map_11.lbdat" },
{ "unk1": "12", "unk2": "1", "name": "11章", "desc": "UT版_世界地図", "icon": "ui/image/icon.png", "position": "pin_pos_lc_11", "button": "btn_area_xbt_11", "effect": "area_open_eff_lc_11", "lbdat": "ui/QuestList/Map/lbproj/world_01/area_map_11.lbdat" },
{ "unk1": "13", "unk2": "1", "name": "12章", "desc": "UT版_世界地図", "icon": "ui/image/icon.png", "position": "pin_pos_lc_11", "button": "btn_area_xbt_11", "effect": "area_open_eff_lc_11", "lbdat": "ui/QuestList/Map/lbproj/world_01/area_map_11.lbdat" },
{ "unk1": "14", "unk2": "1", "name": "13章", "desc": "UT版_世界地図", "icon": "ui/image/icon.png", "position": "pin_pos_lc_11", "button": "btn_area_xbt_11", "effect": "area_open_eff_lc_11", "lbdat": "ui/QuestList/Map/lbproj/world_01/area_map_11.lbdat" },
{ "unk1": "15", "unk2": "1", "name": "13.5章", "desc": "UT版_世界地図", "icon": "ui/image/icon.png", "position": "pin_pos_lc_11", "button": "btn_area_xbt_11", "effect": "area_open_eff_lc_11", "lbdat": "ui/QuestList/Map/lbproj/world_01/area_map_11.lbdat" },
{ "unk1": "16", "unk2": "1", "name": "14章", "desc": "UT版_世界地図", "icon": "ui/image/icon.png", "position": "pin_pos_lc_11", "button": "btn_area_xbt_11", "effect": "area_open_eff_lc_11", "lbdat": "ui/QuestList/Map/lbproj/world_01/area_map_11.lbdat" },
{ "unk1": "17", "unk2": "1", "name": "15章", "desc": "UT版_世界地図", "icon": "ui/image/icon.png", "position": "pin_pos_lc_11", "button": "btn_area_xbt_11", "effect": "area_open_eff_lc_11", "lbdat": "ui/QuestList/Map/lbproj/world_01/area_map_11.lbdat" },
{ "unk1": "18", "unk2": "1", "name": "16章", "desc": "UT版_世界地図", "icon": "ui/image/icon.png", "position": "pin_pos_lc_11", "button": "btn_area_xbt_11", "effect": "area_open_eff_lc_11", "lbdat": "ui/QuestList/Map/lbproj/world_01/area_map_11.lbdat" },
{ "unk1": "19", "unk2": "1", "name": "17章", "desc": "UT版_世界地図", "icon": "ui/image/icon.png", "position": "pin_pos_lc_11", "button": "btn_area_xbt_11", "effect": "area_open_eff_lc_11", "lbdat": "ui/QuestList/Map/lbproj/world_01/area_map_11.lbdat" },
{ "unk1": "20", "unk2": "1", "name": "18章", "desc": "UT版_世界地図", "icon": "ui/image/icon.png", "position": "pin_pos_lc_11", "button": "btn_area_xbt_11", "effect": "area_open_eff_lc_11", "lbdat": "ui/QuestList/Map/lbproj/world_01/area_map_11.lbdat" },
{ "unk1": "21", "unk2": "1", "name": "18.5章", "desc": "UT版_世界地図", "icon": "ui/image/icon.png", "position": "pin_pos_lc_11", "button": "btn_area_xbt_11", "effect": "area_open_eff_lc_11", "lbdat": "ui/QuestList/Map/lbproj/world_01/area_map_11.lbdat" },
]}
