{ "entries": [
{ "rewardId": 0, "rewardXp": 0, "rewardCoin": 0, "u4": 0, "u5": [ ] },
{ "rewardId": 100010201, "rewardXp": 0, "rewardCoin": 0, "u4": 15, "u5": [ ] },
{ "rewardId": 100010202, "rewardXp": 16, "rewardCoin": 40, "u4": 15, "u5": [ ] },
{ "rewardId": 100010401, "rewardXp": 18, "rewardCoin": 50, "u4": 18, "u5": [ ] },
{ "rewardId": 100020201, "rewardXp": 0, "rewardCoin": 0, "u4": 18, "u5": [ 12, 2 ] },
{ "rewardId": 100020202, "rewardXp": 24, "rewardCoin": 60, "u4": 21, "u5": [ 22, 32 ] },
{ "rewardId": 100020401, "rewardXp": 26, "rewardCoin": 64, "u4": 25, "u5": [ 12, 2, 22, 32 ] },
{ "rewardId": 100020601, "rewardXp": 0, "rewardCoin": 0, "u4": 30, "u5": [ 12, 2 ] },
{ "rewardId": 100020602, "rewardXp": 27, "rewardCoin": 68, "u4": 30, "u5": [ 22, 32 ] },
{ "rewardId": 100020701, "rewardXp": 0, "rewardCoin": 0, "u4": 30, "u5": [ 12, 2 ] },
{ "rewardId": 100020702, "rewardXp": 29, "rewardCoin": 71, "u4": 30, "u5": [ 22, 32 ] },
{ "rewardId": 100020901, "rewardXp": 30, "rewardCoin": 75, "u4": 30, "u5": [ 12, 2, 22, 32 ] },
{ "rewardId": 100030201, "rewardXp": 0, "rewardCoin": 0, "u4": 30, "u5": [ 14, 2 ] },
{ "rewardId": 100030202, "rewardXp": 40, "rewardCoin": 80, "u4": 30, "u5": [ 24, 34 ] },
{ "rewardId": 100030301, "rewardXp": 0, "rewardCoin": 0, "u4": 30, "u5": [ 14, 2 ] },
{ "rewardId": 100030302, "rewardXp": 43, "rewardCoin": 85, "u4": 30, "u5": [ 24, 34 ] },
{ "rewardId": 100030501, "rewardXp": 50, "rewardCoin": 100, "u4": 30, "u5": [ 14, 2, 24, 34 ] },
{ "rewardId": 100030701, "rewardXp": 50, "rewardCoin": 100, "u4": 30, "u5": [ 14, 2, 24, 34 ] },
{ "rewardId": 100030903, "rewardXp": 0, "rewardCoin": 0, "u4": 30, "u5": [ 14, 2 ] },
{ "rewardId": 100030905, "rewardXp": 50, "rewardCoin": 100, "u4": 30, "u5": [ 24, 34 ] },
{ "rewardId": 100040201, "rewardXp": 0, "rewardCoin": 0, "u4": 30, "u5": [ 16, 3 ] },
{ "rewardId": 100040202, "rewardXp": 56, "rewardCoin": 100, "u4": 30, "u5": [ 26, 36 ] },
{ "rewardId": 100040401, "rewardXp": 60, "rewardCoin": 106, "u4": 30, "u5": [ 16, 3, 26, 36 ] },
{ "rewardId": 100040601, "rewardXp": 0, "rewardCoin": 0, "u4": 30, "u5": [ 16, 3 ] },
{ "rewardId": 100040602, "rewardXp": 63, "rewardCoin": 113, "u4": 30, "u5": [ 26, 36 ] },
{ "rewardId": 100040801, "rewardXp": 70, "rewardCoin": 125, "u4": 30, "u5": [ 16, 3, 26, 36 ] },
{ "rewardId": 100050201, "rewardXp": 0, "rewardCoin": 0, "u4": 30, "u5": [ 18, 4 ] },
{ "rewardId": 100050202, "rewardXp": 81, "rewardCoin": 135, "u4": 30, "u5": [ 28, 38 ] },
{ "rewardId": 100050301, "rewardXp": 0, "rewardCoin": 0, "u4": 30, "u5": [ 18, 4 ] },
{ "rewardId": 100050302, "rewardXp": 84, "rewardCoin": 140, "u4": 30, "u5": [ 28, 38 ] },
{ "rewardId": 100050501, "rewardXp": 86, "rewardCoin": 144, "u4": 30, "u5": [ ] },
{ "rewardId": 100050701, "rewardXp": 0, "rewardCoin": 0, "u4": 30, "u5": [ 18, 4 ] },
{ "rewardId": 100050702, "rewardXp": 86, "rewardCoin": 144, "u4": 30, "u5": [ 28, 38 ] },
{ "rewardId": 100050901, "rewardXp": 90, "rewardCoin": 150, "u4": 30, "u5": [ 18, 4, 28, 38 ] },
{ "rewardId": 100060201, "rewardXp": 0, "rewardCoin": 0, "u4": 30, "u5": [ 15, 15, 55, 55 ] },
{ "rewardId": 100060202, "rewardXp": 99, "rewardCoin": 158, "u4": 30, "u5": [ 5, 45, 81 ] },
{ "rewardId": 100060401, "rewardXp": 102, "rewardCoin": 163, "u4": 30, "u5": [ 15, 15, 55, 55, 5, 45, 81 ] },
{ "rewardId": 100060601, "rewardXp": 0, "rewardCoin": 0, "u4": 30, "u5": [ 15, 15, 55, 55 ] },
{ "rewardId": 100060602, "rewardXp": 106, "rewardCoin": 168, "u4": 30, "u5": [ 5, 45, 81 ] },
{ "rewardId": 100060801, "rewardXp": 110, "rewardCoin": 175, "u4": 30, "u5": [ 15, 15, 55, 55, 5, 45, 81 ] },
{ "rewardId": 100061002, "rewardXp": 0, "rewardCoin": 0, "u4": 30, "u5": [ 15, 15, 55, 55 ] },
{ "rewardId": 100061004, "rewardXp": 110, "rewardCoin": 175, "u4": 30, "u5": [ 5, 45, 81 ] },
{ "rewardId": 100070201, "rewardXp": 0, "rewardCoin": 0, "u4": 30, "u5": [ 25, 25, 65, 65 ] },
{ "rewardId": 100070202, "rewardXp": 117, "rewardCoin": 180, "u4": 30, "u5": [ 6, 92, 82 ] },
{ "rewardId": 100070401, "rewardXp": 120, "rewardCoin": 184, "u4": 30, "u5": [ 25, 25, 65, 65, 6, 92, 82 ] },
{ "rewardId": 100070601, "rewardXp": 0, "rewardCoin": 0, "u4": 30, "u5": [ 25, 25, 65, 65 ] },
{ "rewardId": 100070602, "rewardXp": 122, "rewardCoin": 188, "u4": 30, "u5": [ 6, 92, 82 ] },
{ "rewardId": 100070801, "rewardXp": 125, "rewardCoin": 192, "u4": 30, "u5": [ 25, 25, 65, 65, 6, 92, 82 ] },
{ "rewardId": 100071001, "rewardXp": 0, "rewardCoin": 0, "u4": 30, "u5": [ 25, 25, 65, 65 ] },
{ "rewardId": 100071002, "rewardXp": 127, "rewardCoin": 196, "u4": 30, "u5": [ 6, 92, 82 ] },
{ "rewardId": 100071201, "rewardXp": 130, "rewardCoin": 200, "u4": 30, "u5": [ 25, 25, 65, 65, 6, 92, 82 ] },
{ "rewardId": 100080201, "rewardXp": 0, "rewardCoin": 0, "u4": 30, "u5": [ 35, 35, 75, 75 ] },
{ "rewardId": 100080202, "rewardXp": 135, "rewardCoin": 203, "u4": 30, "u5": [ 7, 46, 83 ] },
{ "rewardId": 100080401, "rewardXp": 140, "rewardCoin": 209, "u4": 30, "u5": [ 35, 35, 75, 75, 7, 46, 83 ] },
{ "rewardId": 100080601, "rewardXp": 0, "rewardCoin": 0, "u4": 30, "u5": [ 35, 35, 75, 75 ] },
{ "rewardId": 100080602, "rewardXp": 144, "rewardCoin": 216, "u4": 30, "u5": [ 7, 46, 83 ] },
{ "rewardId": 100080801, "rewardXp": 150, "rewardCoin": 225, "u4": 30, "u5": [ 35, 35, 75, 75, 7, 46, 83 ] },
{ "rewardId": 100090201, "rewardXp": 0, "rewardCoin": 0, "u4": 30, "u5": [ 15, 15, 55, 55 ] },
{ "rewardId": 100090202, "rewardXp": 153, "rewardCoin": 225, "u4": 30, "u5": [ 8, 93, 84 ] },
{ "rewardId": 100090401, "rewardXp": 156, "rewardCoin": 230, "u4": 30, "u5": [ 15, 15, 55, 55, 8, 93, 84 ] },
{ "rewardId": 100090601, "rewardXp": 0, "rewardCoin": 0, "u4": 30, "u5": [ 15, 15, 55, 55 ] },
{ "rewardId": 100090602, "rewardXp": 160, "rewardCoin": 235, "u4": 30, "u5": [ 8, 93, 84 ] },
{ "rewardId": 100090701, "rewardXp": 0, "rewardCoin": 0, "u4": 30, "u5": [ 15, 15, 55, 55 ] },
{ "rewardId": 100090702, "rewardXp": 163, "rewardCoin": 240, "u4": 30, "u5": [ 8, 93, 84 ] },
{ "rewardId": 100090901, "rewardXp": 167, "rewardCoin": 245, "u4": 30, "u5": [ 15, 15, 55, 55, 8, 93, 84 ] },
{ "rewardId": 100091101, "rewardXp": 170, "rewardCoin": 250, "u4": 30, "u5": [ 15, 15, 55, 55, 8, 93, 84 ] },
{ "rewardId": 100100201, "rewardXp": 0, "rewardCoin": 0, "u4": 30, "u5": [ 25, 25, 65, 65 ] },
{ "rewardId": 100100202, "rewardXp": 171, "rewardCoin": 248, "u4": 30, "u5": [ 9, 47, 85 ] },
{ "rewardId": 100100401, "rewardXp": 175, "rewardCoin": 253, "u4": 30, "u5": [ 25, 25, 65, 65, 9, 47, 85 ] },
{ "rewardId": 100100601, "rewardXp": 0, "rewardCoin": 0, "u4": 30, "u5": [ 25, 25, 65, 65 ] },
{ "rewardId": 100100602, "rewardXp": 179, "rewardCoin": 259, "u4": 30, "u5": [ 9, 47, 85 ] },
{ "rewardId": 100100801, "rewardXp": 182, "rewardCoin": 264, "u4": 30, "u5": [ 25, 25, 65, 65, 9, 47, 85 ] },
{ "rewardId": 100101001, "rewardXp": 0, "rewardCoin": 0, "u4": 30, "u5": [ 25, 25, 65, 65 ] },
{ "rewardId": 100101002, "rewardXp": 186, "rewardCoin": 270, "u4": 30, "u5": [ 9, 47, 85 ] },
{ "rewardId": 100101201, "rewardXp": 190, "rewardCoin": 275, "u4": 30, "u5": [ 25, 25, 65, 65, 9, 47, 85 ] },
{ "rewardId": 100101402, "rewardXp": 0, "rewardCoin": 0, "u4": 30, "u5": [ 25, 25, 65, 65 ] },
{ "rewardId": 100101404, "rewardXp": 0, "rewardCoin": 0, "u4": 30, "u5": [ 9, 47, 85 ] },
{ "rewardId": 100105201, "rewardXp": 210, "rewardCoin": 300, "u4": 30, "u5": [ 35, 35, 75, 75, 94, 86 ] },
{ "rewardId": 100105211, "rewardXp": 210, "rewardCoin": 300, "u4": 30, "u5": [ 35, 35, 75, 75, 94, 86 ] },
{ "rewardId": 100105221, "rewardXp": 500, "rewardCoin": 1000, "u4": 30, "u5": [ 15, 15, 25, 25, 35, 35, 52, 62, 72, 134, 144, 154, 42, 162, 180 ] },
{ "rewardId": 100105231, "rewardXp": 800, "rewardCoin": 1900, "u4": 30, "u5": [ 131, 141, 151, 97, 98, 99, 121, 121, 177, 177, 178, 178, 179, 179 ] },
{ "rewardId": 100110201, "rewardXp": 230, "rewardCoin": 350, "u4": 30, "u5": [ 15, 15, 25, 25, 35, 35, 1, 58, 68, 78, 48, 87 ] },
{ "rewardId": 100110211, "rewardXp": 230, "rewardCoin": 350, "u4": 30, "u5": [ 15, 15, 25, 25, 35, 35, 1, 58, 68, 78, 48, 87 ] },
{ "rewardId": 100110221, "rewardXp": 520, "rewardCoin": 1100, "u4": 30, "u5": [ 16, 16, 26, 26, 36, 36, 53, 63, 73, 171, 172, 173, 189, 163, 181 ] },
{ "rewardId": 100110231, "rewardXp": 820, "rewardCoin": 2000, "u4": 30, "u5": [ 239, 240, 241, 100, 101, 102, 122, 122, 177, 177, 178, 178, 179, 179 ] },
{ "rewardId": 100120201, "rewardXp": 250, "rewardCoin": 400, "u4": 30, "u5": [ 15, 15, 2, 55, 95, 88 ] },
{ "rewardId": 100120211, "rewardXp": 250, "rewardCoin": 400, "u4": 30, "u5": [ 15, 15, 2, 55, 95, 88 ] },
{ "rewardId": 100120221, "rewardXp": 540, "rewardCoin": 1200, "u4": 30, "u5": [ 15, 15, 55, 174, 43, 164, 182 ] },
{ "rewardId": 100120231, "rewardXp": 840, "rewardCoin": 2100, "u4": 30, "u5": [ 242, 242, 103, 104, 105, 123, 123, 177, 177, 178, 178, 179, 179 ] },
{ "rewardId": 100130201, "rewardXp": 270, "rewardCoin": 450, "u4": 30, "u5": [ 25, 25, 3, 65, 49, 89 ] },
{ "rewardId": 100130211, "rewardXp": 270, "rewardCoin": 450, "u4": 30, "u5": [ 25, 25, 3, 65, 49, 89 ] },
{ "rewardId": 100130221, "rewardXp": 560, "rewardCoin": 1300, "u4": 30, "u5": [ 25, 25, 65, 175, 190, 165, 183 ] },
{ "rewardId": 100130231, "rewardXp": 860, "rewardCoin": 2200, "u4": 30, "u5": [ 243, 243, 106, 107, 108, 124, 124, 177, 177, 178, 178, 179, 179 ] },
{ "rewardId": 100140201, "rewardXp": 290, "rewardCoin": 500, "u4": 30, "u5": [ 35, 35, 4, 75, 96, 90 ] },
{ "rewardId": 100140211, "rewardXp": 290, "rewardCoin": 500, "u4": 30, "u5": [ 35, 35, 4, 75, 96, 90 ] },
{ "rewardId": 100140221, "rewardXp": 580, "rewardCoin": 1400, "u4": 30, "u5": [ 35, 35, 75, 176, 44, 166, 184 ] },
{ "rewardId": 100140231, "rewardXp": 880, "rewardCoin": 2300, "u4": 30, "u5": [ 244, 244, 109, 110, 111, 125, 125, 177, 177, 178, 178, 179, 179 ] },
{ "rewardId": 100150201, "rewardXp": 310, "rewardCoin": 600, "u4": 30, "u5": [ 15, 25, 35, 5, 55, 55, 65, 65, 75, 75, 45, 45, 91 ] },
{ "rewardId": 100150211, "rewardXp": 310, "rewardCoin": 600, "u4": 30, "u5": [ 15, 25, 35, 5, 55, 55, 65, 65, 75, 75, 45, 45, 91 ] },
{ "rewardId": 100150221, "rewardXp": 600, "rewardCoin": 1500, "u4": 30, "u5": [ 15, 15, 15, 25, 25, 25, 35, 35, 35, 55, 65, 75, 174, 175, 176, 191, 167, 185 ] },
{ "rewardId": 100150231, "rewardXp": 900, "rewardCoin": 2400, "u4": 30, "u5": [ 248, 249, 250, 112, 113, 114, 126, 126, 177, 177, 178, 178, 179, 179 ] },
{ "rewardId": 100160201, "rewardXp": 330, "rewardCoin": 700, "u4": 30, "u5": [ 15, 15, 6, 55, 55, 45, 92, 159 ] },
{ "rewardId": 100160211, "rewardXp": 330, "rewardCoin": 700, "u4": 30, "u5": [ 15, 15, 6, 55, 55, 45, 92, 159 ] },
{ "rewardId": 100160221, "rewardXp": 620, "rewardCoin": 1600, "u4": 30, "u5": [ 15, 15, 55, 55, 133, 133, 45, 168, 186 ] },
{ "rewardId": 100160231, "rewardXp": 920, "rewardCoin": 2500, "u4": 30, "u5": [ 133, 133, 115, 116, 117, 127, 127, 177, 177, 178, 178, 179, 179 ] },
{ "rewardId": 100170201, "rewardXp": 350, "rewardCoin": 800, "u4": 30, "u5": [ 25, 25, 7, 65, 65, 45, 46, 160 ] },
{ "rewardId": 100170211, "rewardXp": 350, "rewardCoin": 800, "u4": 30, "u5": [ 25, 25, 7, 65, 65, 45, 46, 160 ] },
{ "rewardId": 100170221, "rewardXp": 640, "rewardCoin": 1700, "u4": 30, "u5": [ 25, 25, 65, 65, 143, 143, 92, 169, 187 ] },
{ "rewardId": 100170231, "rewardXp": 940, "rewardCoin": 2600, "u4": 30, "u5": [ 143, 143, 118, 119, 120, 128, 128, 177, 177, 178, 178, 179, 179 ] },
{ "rewardId": 100180201, "rewardXp": 370, "rewardCoin": 900, "u4": 30, "u5": [ 35, 35, 8, 75, 75, 45, 93, 161 ] },
{ "rewardId": 100180211, "rewardXp": 370, "rewardCoin": 900, "u4": 30, "u5": [ 35, 35, 8, 75, 75, 45, 93, 161 ] },
{ "rewardId": 100180221, "rewardXp": 660, "rewardCoin": 1800, "u4": 30, "u5": [ 35, 35, 75, 75, 153, 153, 47, 170, 188 ] },
{ "rewardId": 100180231, "rewardXp": 960, "rewardCoin": 2700, "u4": 30, "u5": [ 153, 153, 115, 116, 117, 127, 127, 177, 177, 178, 178, 179, 179 ] },
{ "rewardId": 200020001, "rewardXp": 36, "rewardCoin": 75, "u4": 30, "u5": [ ] },
{ "rewardId": 200020002, "rewardXp": 76, "rewardCoin": 138, "u4": 30, "u5": [ ] },
{ "rewardId": 200030001, "rewardXp": 36, "rewardCoin": 75, "u4": 30, "u5": [ ] },
{ "rewardId": 200040001, "rewardXp": 36, "rewardCoin": 75, "u4": 30, "u5": [ ] },
{ "rewardId": 200040002, "rewardXp": 76, "rewardCoin": 138, "u4": 30, "u5": [ ] },
{ "rewardId": 200110001, "rewardXp": 36, "rewardCoin": 75, "u4": 30, "u5": [ ] },
{ "rewardId": 200180001, "rewardXp": 36, "rewardCoin": 75, "u4": 30, "u5": [ ] },
{ "rewardId": 200180002, "rewardXp": 76, "rewardCoin": 138, "u4": 30, "u5": [ ] },
{ "rewardId": 200190001, "rewardXp": 36, "rewardCoin": 75, "u4": 30, "u5": [ ] },
{ "rewardId": 200190002, "rewardXp": 76, "rewardCoin": 138, "u4": 30, "u5": [ ] },
{ "rewardId": 200200001, "rewardXp": 36, "rewardCoin": 75, "u4": 30, "u5": [ ] },
{ "rewardId": 200200002, "rewardXp": 76, "rewardCoin": 138, "u4": 30, "u5": [ ] },
{ "rewardId": 200320001, "rewardXp": 36, "rewardCoin": 75, "u4": 30, "u5": [ ] },
{ "rewardId": 200330001, "rewardXp": 36, "rewardCoin": 75, "u4": 30, "u5": [ ] },
{ "rewardId": 200350001, "rewardXp": 36, "rewardCoin": 75, "u4": 30, "u5": [ ] },
{ "rewardId": 200370001, "rewardXp": 36, "rewardCoin": 75, "u4": 30, "u5": [ ] },
{ "rewardId": 200380001, "rewardXp": 36, "rewardCoin": 75, "u4": 30, "u5": [ ] },
{ "rewardId": 200390001, "rewardXp": 36, "rewardCoin": 75, "u4": 30, "u5": [ ] },
{ "rewardId": 200430001, "rewardXp": 36, "rewardCoin": 75, "u4": 30, "u5": [ ] },
{ "rewardId": 200440001, "rewardXp": 36, "rewardCoin": 75, "u4": 30, "u5": [ ] },
{ "rewardId": 200490001, "rewardXp": 36, "rewardCoin": 75, "u4": 30, "u5": [ ] },
{ "rewardId": 200500001, "rewardXp": 36, "rewardCoin": 75, "u4": 30, "u5": [ ] },
{ "rewardId": 200530001, "rewardXp": 36, "rewardCoin": 75, "u4": 30, "u5": [ ] },
{ "rewardId": 200590001, "rewardXp": 36, "rewardCoin": 75, "u4": 30, "u5": [ ] },
{ "rewardId": 200990001, "rewardXp": 36, "rewardCoin": 75, "u4": 30, "u5": [ ] },
{ "rewardId": 200990002, "rewardXp": 76, "rewardCoin": 138, "u4": 30, "u5": [ ] },
{ "rewardId": 201010001, "rewardXp": 36, "rewardCoin": 75, "u4": 30, "u5": [ ] },
{ "rewardId": 201010002, "rewardXp": 76, "rewardCoin": 138, "u4": 30, "u5": [ ] },
{ "rewardId": 400010101, "rewardXp": 1000, "rewardCoin": 2500, "u4": 30, "u5": [ 55, 65, 75, 133, 133, 143, 143, 153, 153, 192, 195, 198, 201, 201, 177, 177, 178, 178, 179, 179 ] },
{ "rewardId": 400010102, "rewardXp": 1500, "rewardCoin": 3000, "u4": 30, "u5": [ 133, 133, 143, 143, 153, 153, 193, 196, 199, 194, 197, 200, 201, 201, 202, 202, 245, 245, 246, 246, 247, 247 ] },
{ "rewardId": 400010201, "rewardXp": 1000, "rewardCoin": 2500, "u4": 30, "u5": [ 55, 65, 75, 133, 133, 143, 143, 153, 153, 203, 206, 209, 212, 212, 177, 177, 178, 178, 179, 179 ] },
{ "rewardId": 400010202, "rewardXp": 1500, "rewardCoin": 3000, "u4": 30, "u5": [ 133, 133, 143, 143, 153, 153, 204, 207, 210, 205, 208, 211, 212, 212, 213, 213, 245, 245, 246, 246, 247, 247 ] },
{ "rewardId": 400010301, "rewardXp": 1000, "rewardCoin": 2500, "u4": 30, "u5": [ 55, 65, 75, 133, 133, 143, 143, 153, 153, 192, 195, 198, 201, 201, 177, 177, 178, 178, 179, 179 ] },
{ "rewardId": 400010302, "rewardXp": 1500, "rewardCoin": 3000, "u4": 30, "u5": [ 133, 133, 143, 143, 153, 153, 193, 196, 199, 194, 197, 200, 201, 201, 202, 202, 245, 245, 246, 246, 247, 247 ] },
{ "rewardId": 400010401, "rewardXp": 1000, "rewardCoin": 2500, "u4": 30, "u5": [ 55, 65, 75, 133, 133, 143, 143, 153, 153, 103, 104, 105, 123, 123, 177, 177, 178, 178, 179, 179 ] },
{ "rewardId": 400010402, "rewardXp": 1500, "rewardCoin": 3000, "u4": 30, "u5": [ 133, 133, 143, 143, 153, 153, 214, 216, 218, 215, 217, 219, 123, 123, 220, 220, 245, 245, 246, 246, 247, 247 ] },
{ "rewardId": 400010501, "rewardXp": 1000, "rewardCoin": 2500, "u4": 30, "u5": [ 55, 65, 75, 133, 133, 143, 143, 153, 153, 221, 224, 227, 230, 230, 177, 177, 178, 178, 179, 179 ] },
{ "rewardId": 400010502, "rewardXp": 1500, "rewardCoin": 3000, "u4": 30, "u5": [ 133, 133, 143, 143, 153, 153, 222, 225, 228, 223, 226, 229, 230, 230, 231, 231, 245, 245, 246, 246, 247, 247 ] },
{ "rewardId": 400010601, "rewardXp": 1000, "rewardCoin": 2500, "u4": 30, "u5": [ 55, 65, 75, 133, 133, 143, 143, 153, 153, 109, 110, 111, 125, 125, 177, 177, 178, 178, 179, 179 ] },
{ "rewardId": 400010602, "rewardXp": 1500, "rewardCoin": 3000, "u4": 30, "u5": [ 133, 133, 143, 143, 153, 153, 232, 234, 236, 233, 235, 237, 125, 125, 238, 238, 245, 245, 246, 246, 247, 247 ] },
{ "rewardId": 400020101, "rewardXp": 12, "rewardCoin": 38, "u4": 30, "u5": [ 16, 16, 6, 6 ] },
{ "rewardId": 400020102, "rewardXp": 36, "rewardCoin": 75, "u4": 30, "u5": [ 16, 16, 16, 56, 8, 47, 251 ] },
{ "rewardId": 400020103, "rewardXp": 76, "rewardCoin": 138, "u4": 30, "u5": [ 56, 56, 252, 6, 44, 251, 251 ] },
{ "rewardId": 400020201, "rewardXp": 12, "rewardCoin": 38, "u4": 30, "u5": [ 26, 26, 6, 6 ] },
{ "rewardId": 400020202, "rewardXp": 36, "rewardCoin": 75, "u4": 30, "u5": [ 26, 26, 26, 66, 8, 47, 251 ] },
{ "rewardId": 400020203, "rewardXp": 76, "rewardCoin": 138, "u4": 30, "u5": [ 66, 66, 253, 6, 44, 251, 251 ] },
{ "rewardId": 400020301, "rewardXp": 12, "rewardCoin": 38, "u4": 30, "u5": [ 36, 36, 6, 6 ] },
{ "rewardId": 400020302, "rewardXp": 36, "rewardCoin": 75, "u4": 30, "u5": [ 36, 36, 36, 76, 8, 47, 251 ] },
{ "rewardId": 400020303, "rewardXp": 76, "rewardCoin": 138, "u4": 30, "u5": [ 76, 76, 254, 6, 44, 251, 251 ] },
{ "rewardId": 400020401, "rewardXp": 60, "rewardCoin": 38, "u4": 30, "u5": [ 260, 260, 260, 260 ] },
{ "rewardId": 400020402, "rewardXp": 180, "rewardCoin": 75, "u4": 30, "u5": [ 260, 260, 268 ] },
{ "rewardId": 400020403, "rewardXp": 380, "rewardCoin": 138, "u4": 30, "u5": [ 260, 260, 271, 271 ] },
{ "rewardId": 400030101, "rewardXp": 0, "rewardCoin": 0, "u4": 30, "u5": [ ] },
{ "rewardId": 400030201, "rewardXp": 0, "rewardCoin": 0, "u4": 30, "u5": [ ] },
{ "rewardId": 400030301, "rewardXp": 0, "rewardCoin": 0, "u4": 30, "u5": [ ] },
{ "rewardId": 400030401, "rewardXp": 0, "rewardCoin": 0, "u4": 30, "u5": [ ] },
{ "rewardId": 400030501, "rewardXp": 0, "rewardCoin": 0, "u4": 30, "u5": [ ] },
{ "rewardId": 400030601, "rewardXp": 0, "rewardCoin": 0, "u4": 30, "u5": [ ] },
{ "rewardId": 400040101, "rewardXp": 21, "rewardCoin": 31, "u4": 30, "u5": [ 16, 16, 57, 57, 4, 4, 4, 43, 288 ] },
{ "rewardId": 400040102, "rewardXp": 51, "rewardCoin": 63, "u4": 30, "u5": [ 15, 15, 15, 15, 289, 289, 135, 135, 46, 288, 288 ] },
{ "rewardId": 400040103, "rewardXp": 258, "rewardCoin": 550, "u4": 30, "u5": [ 55, 55, 55, 55, 135, 135, 135, 47, 47, 292, 292, 293 ] },
{ "rewardId": 400040201, "rewardXp": 21, "rewardCoin": 31, "u4": 30, "u5": [ 26, 26, 67, 67, 4, 4, 4, 43, 288 ] },
{ "rewardId": 400040202, "rewardXp": 51, "rewardCoin": 63, "u4": 30, "u5": [ 25, 25, 25, 25, 290, 290, 145, 145, 46, 288, 288 ] },
{ "rewardId": 400040203, "rewardXp": 258, "rewardCoin": 550, "u4": 30, "u5": [ 65, 65, 65, 65, 145, 145, 145, 47, 47, 292, 292, 293 ] },
{ "rewardId": 400040301, "rewardXp": 21, "rewardCoin": 31, "u4": 30, "u5": [ 36, 36, 77, 77, 4, 4, 4, 43, 288 ] },
{ "rewardId": 400040302, "rewardXp": 51, "rewardCoin": 63, "u4": 30, "u5": [ 35, 35, 35, 35, 291, 291, 155, 155, 46, 288, 288 ] },
{ "rewardId": 400040303, "rewardXp": 258, "rewardCoin": 550, "u4": 30, "u5": [ 75, 75, 75, 75, 155, 155, 155, 47, 47, 288, 288, 293 ] },
{ "rewardId": 400040401, "rewardXp": 140, "rewardCoin": 31, "u4": 30, "u5": [ 260, 260, 271 ] },
{ "rewardId": 400040402, "rewardXp": 340, "rewardCoin": 63, "u4": 30, "u5": [ 260, 260, 271, 271, 282 ] },
{ "rewardId": 400040403, "rewardXp": 1720, "rewardCoin": 550, "u4": 30, "u5": [ 260, 260, 271, 282 ] },
{ "rewardId": 400040501, "rewardXp": 21, "rewardCoin": 500, "u4": 30, "u5": [ 298, 298, 308 ] },
{ "rewardId": 400040502, "rewardXp": 51, "rewardCoin": 1000, "u4": 30, "u5": [ 298, 298, 308 ] },
{ "rewardId": 400040503, "rewardXp": 258, "rewardCoin": 8800, "u4": 30, "u5": [ 298, 298, 308, 308 ] },
{ "rewardId": 400040601, "rewardXp": 21, "rewardCoin": 31, "u4": 30, "u5": [ 16, 16, 57, 57, 4, 4, 4, 43, 288 ] },
{ "rewardId": 400040602, "rewardXp": 51, "rewardCoin": 63, "u4": 30, "u5": [ 15, 15, 15, 15, 289, 289, 135, 135, 46, 288, 288 ] },
{ "rewardId": 400040603, "rewardXp": 258, "rewardCoin": 550, "u4": 30, "u5": [ 55, 55, 55, 55, 135, 135, 135, 47, 47, 292, 292, 293 ] },
{ "rewardId": 400040701, "rewardXp": 21, "rewardCoin": 31, "u4": 30, "u5": [ 26, 26, 67, 67, 4, 4, 4, 43, 288 ] },
{ "rewardId": 400040702, "rewardXp": 51, "rewardCoin": 63, "u4": 30, "u5": [ 25, 25, 25, 25, 290, 290, 145, 145, 46, 288, 288 ] },
{ "rewardId": 400040703, "rewardXp": 258, "rewardCoin": 550, "u4": 30, "u5": [ 65, 65, 65, 65, 145, 145, 145, 47, 47, 292, 292, 293 ] },
{ "rewardId": 400040801, "rewardXp": 21, "rewardCoin": 31, "u4": 30, "u5": [ 36, 36, 77, 77, 4, 4, 4, 43, 288 ] },
{ "rewardId": 400040802, "rewardXp": 51, "rewardCoin": 63, "u4": 30, "u5": [ 35, 35, 35, 35, 291, 291, 155, 155, 46, 288, 288 ] },
{ "rewardId": 400040803, "rewardXp": 258, "rewardCoin": 550, "u4": 30, "u5": [ 75, 75, 75, 75, 155, 155, 155, 47, 47, 288, 288, 293 ] },
{ "rewardId": 400040901, "rewardXp": 140, "rewardCoin": 31, "u4": 30, "u5": [ 260, 260, 271 ] },
{ "rewardId": 400040902, "rewardXp": 340, "rewardCoin": 63, "u4": 30, "u5": [ 260, 260, 271, 271, 282 ] },
{ "rewardId": 400040903, "rewardXp": 1720, "rewardCoin": 550, "u4": 30, "u5": [ 260, 260, 271, 282 ] },
{ "rewardId": 400041001, "rewardXp": 21, "rewardCoin": 500, "u4": 30, "u5": [ 298, 298, 308 ] },
{ "rewardId": 400041002, "rewardXp": 51, "rewardCoin": 1000, "u4": 30, "u5": [ 298, 298, 308 ] },
{ "rewardId": 400041003, "rewardXp": 258, "rewardCoin": 8800, "u4": 30, "u5": [ 298, 298, 308, 308 ] },
{ "rewardId": 400041101, "rewardXp": 21, "rewardCoin": 31, "u4": 30, "u5": [ 16, 16, 57, 57, 4, 4, 4, 43, 288 ] },
{ "rewardId": 400041102, "rewardXp": 51, "rewardCoin": 63, "u4": 30, "u5": [ 15, 15, 15, 15, 289, 289, 135, 135, 46, 288, 288 ] },
{ "rewardId": 400041103, "rewardXp": 258, "rewardCoin": 550, "u4": 30, "u5": [ 55, 55, 55, 55, 135, 135, 135, 47, 47, 292, 292, 293 ] },
{ "rewardId": 400041201, "rewardXp": 21, "rewardCoin": 31, "u4": 30, "u5": [ 26, 26, 67, 67, 4, 4, 4, 43, 288 ] },
{ "rewardId": 400041202, "rewardXp": 51, "rewardCoin": 63, "u4": 30, "u5": [ 25, 25, 25, 25, 290, 290, 145, 145, 46, 288, 288 ] },
{ "rewardId": 400041203, "rewardXp": 258, "rewardCoin": 550, "u4": 30, "u5": [ 65, 65, 65, 65, 145, 145, 145, 47, 47, 292, 292, 293 ] },
{ "rewardId": 400041301, "rewardXp": 21, "rewardCoin": 31, "u4": 30, "u5": [ 36, 36, 77, 77, 4, 4, 4, 43, 288 ] },
{ "rewardId": 400041302, "rewardXp": 51, "rewardCoin": 63, "u4": 30, "u5": [ 35, 35, 35, 35, 291, 291, 155, 155, 46, 288, 288 ] },
{ "rewardId": 400041303, "rewardXp": 258, "rewardCoin": 550, "u4": 30, "u5": [ 75, 75, 75, 75, 155, 155, 155, 47, 47, 288, 288, 293 ] },
{ "rewardId": 400041401, "rewardXp": 140, "rewardCoin": 31, "u4": 30, "u5": [ 260, 260, 271 ] },
{ "rewardId": 400041402, "rewardXp": 340, "rewardCoin": 63, "u4": 30, "u5": [ 260, 260, 271, 271, 282 ] },
{ "rewardId": 400041403, "rewardXp": 1720, "rewardCoin": 550, "u4": 30, "u5": [ 260, 260, 271, 282 ] },
{ "rewardId": 400041501, "rewardXp": 21, "rewardCoin": 500, "u4": 30, "u5": [ 298, 298, 308 ] },
{ "rewardId": 400041502, "rewardXp": 51, "rewardCoin": 1000, "u4": 30, "u5": [ 298, 298, 308 ] },
{ "rewardId": 400041503, "rewardXp": 258, "rewardCoin": 8800, "u4": 30, "u5": [ 298, 298, 308, 308 ] },
{ "rewardId": 400041601, "rewardXp": 21, "rewardCoin": 31, "u4": 30, "u5": [ 16, 16, 57, 57, 4, 4, 4, 43, 288 ] },
{ "rewardId": 400041602, "rewardXp": 51, "rewardCoin": 63, "u4": 30, "u5": [ 15, 15, 15, 15, 289, 289, 135, 135, 46, 288, 288 ] },
{ "rewardId": 400041603, "rewardXp": 258, "rewardCoin": 550, "u4": 30, "u5": [ 55, 55, 55, 55, 135, 135, 135, 47, 47, 292, 292, 293 ] },
{ "rewardId": 400041701, "rewardXp": 21, "rewardCoin": 31, "u4": 30, "u5": [ 26, 26, 67, 67, 4, 4, 4, 43, 288 ] },
{ "rewardId": 400041702, "rewardXp": 51, "rewardCoin": 63, "u4": 30, "u5": [ 25, 25, 25, 25, 290, 290, 145, 145, 46, 288, 288 ] },
{ "rewardId": 400041703, "rewardXp": 258, "rewardCoin": 550, "u4": 30, "u5": [ 65, 65, 65, 65, 145, 145, 145, 47, 47, 292, 292, 293 ] },
{ "rewardId": 400041801, "rewardXp": 21, "rewardCoin": 31, "u4": 30, "u5": [ 36, 36, 77, 77, 4, 4, 4, 43, 288 ] },
{ "rewardId": 400041802, "rewardXp": 51, "rewardCoin": 63, "u4": 30, "u5": [ 35, 35, 35, 35, 291, 291, 155, 155, 46, 288, 288 ] },
{ "rewardId": 400041803, "rewardXp": 258, "rewardCoin": 550, "u4": 30, "u5": [ 75, 75, 75, 75, 155, 155, 155, 47, 47, 288, 288, 293 ] },
{ "rewardId": 400041901, "rewardXp": 140, "rewardCoin": 31, "u4": 30, "u5": [ 260, 260, 271 ] },
{ "rewardId": 400041902, "rewardXp": 340, "rewardCoin": 63, "u4": 30, "u5": [ 260, 260, 271, 271, 282 ] },
{ "rewardId": 400041903, "rewardXp": 1720, "rewardCoin": 550, "u4": 30, "u5": [ 260, 260, 271, 282 ] },
{ "rewardId": 400042001, "rewardXp": 21, "rewardCoin": 500, "u4": 30, "u5": [ 298, 298, 308 ] },
{ "rewardId": 400042002, "rewardXp": 51, "rewardCoin": 1000, "u4": 30, "u5": [ 298, 298, 308 ] },
{ "rewardId": 400042003, "rewardXp": 258, "rewardCoin": 8800, "u4": 30, "u5": [ 298, 298, 308, 308 ] },
{ "rewardId": 510700000, "rewardXp": 250, "rewardCoin": 400, "u4": 30, "u5": [ 314, 314, 314, 314, 15, 25, 35, 5, 55, 55, 65, 65, 75, 75, 45, 45, 91 ] },
{ "rewardId": 510700001, "rewardXp": 600, "rewardCoin": 1500, "u4": 30, "u5": [ 314, 314, 314, 314, 314, 15, 15, 15, 25, 25, 25, 35, 35, 35, 55, 65, 75, 174, 175, 176, 191, 167, 185 ] },
{ "rewardId": 510700100, "rewardXp": 340, "rewardCoin": 63, "u4": 30, "u5": [ 260, 260, 271, 271, 282 ] },
{ "rewardId": 510700101, "rewardXp": 1720, "rewardCoin": 550, "u4": 30, "u5": [ 260, 260, 271, 282 ] },
{ "rewardId": 510700102, "rewardXp": 250, "rewardCoin": 400, "u4": 30, "u5": [ 315, 315, 15, 25, 35, 5, 55, 55, 65, 65, 75, 75, 45, 45, 91 ] },
{ "rewardId": 510700103, "rewardXp": 600, "rewardCoin": 1500, "u4": 30, "u5": [ 318, 318, 318, 318, 15, 15, 15, 25, 25, 25, 35, 35, 35, 55, 65, 75, 174, 175, 176, 191, 167, 185 ] },
{ "rewardId": 510700200, "rewardXp": 340, "rewardCoin": 63, "u4": 30, "u5": [ 260, 260, 271, 271, 282 ] },
{ "rewardId": 510700201, "rewardXp": 1720, "rewardCoin": 550, "u4": 30, "u5": [ 260, 260, 271, 282 ] },
{ "rewardId": 510700202, "rewardXp": 250, "rewardCoin": 400, "u4": 30, "u5": [ 316, 316, 15, 25, 35, 5, 55, 55, 65, 65, 75, 75, 45, 45, 91 ] },
{ "rewardId": 510700203, "rewardXp": 600, "rewardCoin": 1500, "u4": 30, "u5": [ 319, 319, 319, 319, 15, 15, 15, 25, 25, 25, 35, 35, 35, 55, 65, 75, 174, 175, 176, 191, 167, 185 ] },
{ "rewardId": 510700300, "rewardXp": 340, "rewardCoin": 63, "u4": 30, "u5": [ 260, 260, 271, 271, 282 ] },
{ "rewardId": 510700301, "rewardXp": 1720, "rewardCoin": 550, "u4": 30, "u5": [ 260, 260, 271, 282 ] },
{ "rewardId": 510700302, "rewardXp": 250, "rewardCoin": 400, "u4": 30, "u5": [ 317, 317, 15, 25, 35, 5, 55, 55, 65, 65, 75, 75, 45, 45, 91 ] },
{ "rewardId": 510700303, "rewardXp": 600, "rewardCoin": 1500, "u4": 30, "u5": [ 320, 320, 320, 320, 15, 15, 15, 25, 25, 25, 35, 35, 35, 55, 65, 75, 174, 175, 176, 191, 167, 185 ] },
]}
