{ "entries": [
{ "battleId": "102010", "teamId": 111, "rewardId": 100010201, "u4": 1, "u5": 1, "u6": 0, "u7": 0, "u8": 1, "u9": 1, "u10": 1, "u11": 1, "u12": 0, "u13": 10, "u14": 0 },
{ "battleId": "102020", "teamId": 112, "rewardId": 100010202, "u4": 1, "u5": 1, "u6": 0, "u7": 0, "u8": 1, "u9": 1, "u10": 1, "u11": 1, "u12": 0, "u13": 10, "u14": 0 },
{ "battleId": "104100", "teamId": 123, "rewardId": 100010401, "u4": 5, "u5": 5, "u6": 0, "u7": 0, "u8": 1, "u9": 1, "u10": 1, "u11": 1, "u12": 0, "u13": 10, "u14": 2 },
{ "battleId": "202010", "teamId": 211, "rewardId": 100020201, "u4": 6, "u5": 6, "u6": 0, "u7": 0, "u8": 1, "u9": 1, "u10": 1, "u11": 1, "u12": 0, "u13": 10, "u14": 0 },
{ "battleId": "202020", "teamId": 212, "rewardId": 100020202, "u4": 6, "u5": 6, "u6": 0, "u7": 0, "u8": 1, "u9": 1, "u10": 1, "u11": 1, "u12": 0, "u13": 10, "u14": 3 },
{ "battleId": "204100", "teamId": 213, "rewardId": 100020401, "u4": 8, "u5": 8, "u6": 0, "u7": 0, "u8": 1, "u9": 1, "u10": 1, "u11": 1, "u12": 0, "u13": 10, "u14": 2 },
{ "battleId": "206010", "teamId": 221, "rewardId": 100020601, "u4": 8, "u5": 8, "u6": 0, "u7": 0, "u8": 1, "u9": 1, "u10": 1, "u11": 1, "u12": 0, "u13": 10, "u14": 3 },
{ "battleId": "206020", "teamId": 222, "rewardId": 100020602, "u4": 8, "u5": 8, "u6": 0, "u7": 0, "u8": 1, "u9": 1, "u10": 1, "u11": 1, "u12": 0, "u13": 10, "u14": 3 },
{ "battleId": "207010", "teamId": 231, "rewardId": 100020701, "u4": 10, "u5": 10, "u6": 0, "u7": 0, "u8": 1, "u9": 1, "u10": 1, "u11": 1, "u12": 0, "u13": 10, "u14": 3 },
{ "battleId": "207020", "teamId": 232, "rewardId": 100020702, "u4": 10, "u5": 10, "u6": 0, "u7": 0, "u8": 1, "u9": 1, "u10": 1, "u11": 1, "u12": 0, "u13": 10, "u14": 3 },
{ "battleId": "209100", "teamId": 233, "rewardId": 100020901, "u4": 10, "u5": 10, "u6": 0, "u7": 0, "u8": 1, "u9": 1, "u10": 1, "u11": 1, "u12": 0, "u13": 10, "u14": 3 },
{ "battleId": "302010", "teamId": 311, "rewardId": 100030201, "u4": 12, "u5": 12, "u6": 0, "u7": 0, "u8": 1, "u9": 1, "u10": 1, "u11": 1, "u12": 0, "u13": 10, "u14": 0 },
{ "battleId": "302020", "teamId": 312, "rewardId": 100030202, "u4": 13, "u5": 13, "u6": 0, "u7": 0, "u8": 1, "u9": 1, "u10": 1, "u11": 1, "u12": 0, "u13": 10, "u14": 0 },
{ "battleId": "303010", "teamId": 321, "rewardId": 100030301, "u4": 15, "u5": 15, "u6": 0, "u7": 0, "u8": 1, "u9": 1, "u10": 1, "u11": 1, "u12": 0, "u13": 10, "u14": 0 },
{ "battleId": "303020", "teamId": 322, "rewardId": 100030302, "u4": 15, "u5": 15, "u6": 0, "u7": 0, "u8": 1, "u9": 1, "u10": 1, "u11": 1, "u12": 0, "u13": 10, "u14": 0 },
{ "battleId": "307100", "teamId": 323, "rewardId": 100030701, "u4": 16, "u5": 16, "u6": 0, "u7": 0, "u8": 1, "u9": 1, "u10": 1, "u11": 1, "u12": 0, "u13": 10, "u14": 2 },
{ "battleId": "402010", "teamId": 411, "rewardId": 100040201, "u4": 16, "u5": 16, "u6": 0, "u7": 0, "u8": 1, "u9": 1, "u10": 1, "u11": 1, "u12": 0, "u13": 10, "u14": 0 },
{ "battleId": "402020", "teamId": 412, "rewardId": 100040202, "u4": 16, "u5": 16, "u6": 0, "u7": 0, "u8": 1, "u9": 1, "u10": 1, "u11": 1, "u12": 0, "u13": 10, "u14": 0 },
{ "battleId": "404100", "teamId": 413, "rewardId": 100040401, "u4": 17, "u5": 17, "u6": 0, "u7": 0, "u8": 1, "u9": 1, "u10": 1, "u11": 1, "u12": 0, "u13": 10, "u14": 2 },
{ "battleId": "406010", "teamId": 421, "rewardId": 100040601, "u4": 18, "u5": 18, "u6": 0, "u7": 0, "u8": 1, "u9": 1, "u10": 1, "u11": 1, "u12": 0, "u13": 10, "u14": 0 },
{ "battleId": "406020", "teamId": 422, "rewardId": 100040602, "u4": 18, "u5": 18, "u6": 0, "u7": 0, "u8": 1, "u9": 1, "u10": 1, "u11": 1, "u12": 0, "u13": 10, "u14": 0 },
{ "battleId": "408100", "teamId": 423, "rewardId": 100040801, "u4": 19, "u5": 19, "u6": 0, "u7": 0, "u8": 1, "u9": 1, "u10": 1, "u11": 1, "u12": 0, "u13": 10, "u14": 2 },
{ "battleId": "502010", "teamId": 511, "rewardId": 100050201, "u4": 20, "u5": 20, "u6": 0, "u7": 0, "u8": 1, "u9": 1, "u10": 1, "u11": 1, "u12": 0, "u13": 10, "u14": 0 },
{ "battleId": "502020", "teamId": 512, "rewardId": 100050202, "u4": 21, "u5": 21, "u6": 0, "u7": 0, "u8": 1, "u9": 1, "u10": 1, "u11": 1, "u12": 0, "u13": 10, "u14": 0 },
{ "battleId": "503010", "teamId": 521, "rewardId": 100050301, "u4": 24, "u5": 24, "u6": 0, "u7": 0, "u8": 1, "u9": 1, "u10": 1, "u11": 1, "u12": 0, "u13": 10, "u14": 0 },
{ "battleId": "503020", "teamId": 522, "rewardId": 100050302, "u4": 26, "u5": 26, "u6": 0, "u7": 0, "u8": 1, "u9": 1, "u10": 1, "u11": 1, "u12": 0, "u13": 10, "u14": 0 },
{ "battleId": "507010", "teamId": 541, "rewardId": 100050701, "u4": 29, "u5": 29, "u6": 0, "u7": 0, "u8": 1, "u9": 1, "u10": 1, "u11": 1, "u12": 0, "u13": 10, "u14": 0 },
{ "battleId": "507020", "teamId": 542, "rewardId": 100050702, "u4": 29, "u5": 29, "u6": 0, "u7": 0, "u8": 1, "u9": 1, "u10": 1, "u11": 1, "u12": 0, "u13": 10, "u14": 0 },
{ "battleId": "509100", "teamId": 543, "rewardId": 100050901, "u4": 30, "u5": 30, "u6": 0, "u7": 0, "u8": 1, "u9": 1, "u10": 1, "u11": 1, "u12": 0, "u13": 10, "u14": 2 },
{ "battleId": "602010", "teamId": 611, "rewardId": 100060201, "u4": 30, "u5": 30, "u6": 0, "u7": 0, "u8": 1, "u9": 1, "u10": 1, "u11": 1, "u12": 0, "u13": 10, "u14": 0 },
{ "battleId": "602020", "teamId": 612, "rewardId": 100060202, "u4": 30, "u5": 30, "u6": 0, "u7": 0, "u8": 1, "u9": 1, "u10": 1, "u11": 1, "u12": 0, "u13": 10, "u14": 0 },
{ "battleId": "604100", "teamId": 623, "rewardId": 100060401, "u4": 32, "u5": 32, "u6": 0, "u7": 0, "u8": 1, "u9": 1, "u10": 1, "u11": 1, "u12": 0, "u13": 10, "u14": 2 },
{ "battleId": "606010", "teamId": 631, "rewardId": 100060601, "u4": 32, "u5": 32, "u6": 0, "u7": 0, "u8": 1, "u9": 1, "u10": 1, "u11": 1, "u12": 0, "u13": 10, "u14": 0 },
{ "battleId": "606020", "teamId": 632, "rewardId": 100060602, "u4": 32, "u5": 32, "u6": 0, "u7": 0, "u8": 1, "u9": 1, "u10": 1, "u11": 1, "u12": 0, "u13": 10, "u14": 0 },
{ "battleId": "608100", "teamId": 633, "rewardId": 100060801, "u4": 32, "u5": 32, "u6": 0, "u7": 0, "u8": 1, "u9": 1, "u10": 1, "u11": 1, "u12": 0, "u13": 10, "u14": 2 },
{ "battleId": "702010", "teamId": 711, "rewardId": 100070201, "u4": 32, "u5": 32, "u6": 0, "u7": 0, "u8": 1, "u9": 1, "u10": 1, "u11": 1, "u12": 0, "u13": 10, "u14": 0 },
{ "battleId": "702020", "teamId": 712, "rewardId": 100070202, "u4": 32, "u5": 32, "u6": 0, "u7": 0, "u8": 1, "u9": 1, "u10": 1, "u11": 1, "u12": 0, "u13": 10, "u14": 0 },
{ "battleId": "704100", "teamId": 713, "rewardId": 100070401, "u4": 32, "u5": 32, "u6": 0, "u7": 0, "u8": 1, "u9": 1, "u10": 1, "u11": 1, "u12": 0, "u13": 10, "u14": 3 },
{ "battleId": "706010", "teamId": 721, "rewardId": 100070601, "u4": 32, "u5": 32, "u6": 0, "u7": 0, "u8": 1, "u9": 1, "u10": 1, "u11": 1, "u12": 0, "u13": 10, "u14": 3 },
{ "battleId": "706020", "teamId": 722, "rewardId": 100070602, "u4": 32, "u5": 32, "u6": 0, "u7": 0, "u8": 1, "u9": 1, "u10": 1, "u11": 1, "u12": 0, "u13": 10, "u14": 0 },
{ "battleId": "708100", "teamId": 723, "rewardId": 100070801, "u4": 32, "u5": 32, "u6": 0, "u7": 0, "u8": 1, "u9": 1, "u10": 1, "u11": 1, "u12": 0, "u13": 10, "u14": 2 },
{ "battleId": "710010", "teamId": 731, "rewardId": 100071001, "u4": 33, "u5": 33, "u6": 0, "u7": 0, "u8": 1, "u9": 1, "u10": 1, "u11": 1, "u12": 0, "u13": 10, "u14": 3 },
{ "battleId": "710020", "teamId": 732, "rewardId": 100071002, "u4": 33, "u5": 33, "u6": 0, "u7": 0, "u8": 1, "u9": 1, "u10": 1, "u11": 1, "u12": 0, "u13": 10, "u14": 3 },
{ "battleId": "712100", "teamId": 733, "rewardId": 100071201, "u4": 34, "u5": 34, "u6": 0, "u7": 0, "u8": 1, "u9": 1, "u10": 1, "u11": 1, "u12": 0, "u13": 10, "u14": 3 },
{ "battleId": "802010", "teamId": 813, "rewardId": 100080201, "u4": 34, "u5": 34, "u6": 0, "u7": 0, "u8": 1, "u9": 1, "u10": 1, "u11": 1, "u12": 0, "u13": 10, "u14": 0 },
{ "battleId": "802020", "teamId": 811, "rewardId": 100080202, "u4": 34, "u5": 34, "u6": 0, "u7": 0, "u8": 1, "u9": 1, "u10": 1, "u11": 1, "u12": 0, "u13": 10, "u14": 0 },
{ "battleId": "804100", "teamId": 812, "rewardId": 100080401, "u4": 35, "u5": 35, "u6": 0, "u7": 0, "u8": 1, "u9": 1, "u10": 1, "u11": 1, "u12": 0, "u13": 21, "u14": 2 },
{ "battleId": "806010", "teamId": 821, "rewardId": 100080601, "u4": 35, "u5": 35, "u6": 0, "u7": 0, "u8": 1, "u9": 1, "u10": 1, "u11": 1, "u12": 0, "u13": 10, "u14": 0 },
{ "battleId": "806020", "teamId": 822, "rewardId": 100080602, "u4": 35, "u5": 35, "u6": 0, "u7": 0, "u8": 1, "u9": 1, "u10": 1, "u11": 1, "u12": 0, "u13": 10, "u14": 0 },
{ "battleId": "808100", "teamId": 823, "rewardId": 100080801, "u4": 36, "u5": 36, "u6": 0, "u7": 0, "u8": 1, "u9": 1, "u10": 1, "u11": 1, "u12": 0, "u13": 21, "u14": 2 },
{ "battleId": "902010", "teamId": 911, "rewardId": 100090201, "u4": 36, "u5": 36, "u6": 0, "u7": 0, "u8": 1, "u9": 1, "u10": 1, "u11": 1, "u12": 0, "u13": 10, "u14": 3 },
{ "battleId": "902020", "teamId": 912, "rewardId": 100090202, "u4": 36, "u5": 36, "u6": 0, "u7": 0, "u8": 1, "u9": 1, "u10": 1, "u11": 1, "u12": 0, "u13": 10, "u14": 3 },
{ "battleId": "904100", "teamId": 914, "rewardId": 100090401, "u4": 36, "u5": 36, "u6": 0, "u7": 0, "u8": 1, "u9": 1, "u10": 1, "u11": 1, "u12": 0, "u13": 21, "u14": 3 },
{ "battleId": "906010", "teamId": 921, "rewardId": 100090601, "u4": 37, "u5": 37, "u6": 0, "u7": 0, "u8": 1, "u9": 1, "u10": 1, "u11": 1, "u12": 0, "u13": 10, "u14": 3 },
{ "battleId": "906020", "teamId": 922, "rewardId": 100090602, "u4": 37, "u5": 37, "u6": 0, "u7": 0, "u8": 1, "u9": 1, "u10": 1, "u11": 1, "u12": 0, "u13": 10, "u14": 3 },
{ "battleId": "907010", "teamId": 931, "rewardId": 100090701, "u4": 38, "u5": 38, "u6": 0, "u7": 0, "u8": 1, "u9": 1, "u10": 1, "u11": 1, "u12": 0, "u13": 10, "u14": 0 },
{ "battleId": "907020", "teamId": 932, "rewardId": 100090702, "u4": 38, "u5": 38, "u6": 0, "u7": 0, "u8": 1, "u9": 1, "u10": 1, "u11": 1, "u12": 0, "u13": 10, "u14": 3 },
{ "battleId": "909100", "teamId": 923, "rewardId": 100090901, "u4": 38, "u5": 38, "u6": 0, "u7": 0, "u8": 1, "u9": 1, "u10": 1, "u11": 1, "u12": 0, "u13": 21, "u14": 3 },
{ "battleId": "911100", "teamId": 933, "rewardId": 100091101, "u4": 39, "u5": 39, "u6": 0, "u7": 0, "u8": 1, "u9": 1, "u10": 1, "u11": 1, "u12": 0, "u13": 21, "u14": 2 },
{ "battleId": "1002010", "teamId": 1011, "rewardId": 100100201, "u4": 39, "u5": 39, "u6": 0, "u7": 0, "u8": 1, "u9": 1, "u10": 1, "u11": 1, "u12": 0, "u13": 10, "u14": 0 },
{ "battleId": "1002020", "teamId": 1012, "rewardId": 100100202, "u4": 39, "u5": 39, "u6": 0, "u7": 0, "u8": 1, "u9": 1, "u10": 1, "u11": 1, "u12": 0, "u13": 10, "u14": 0 },
{ "battleId": "1004100", "teamId": 1013, "rewardId": 100100401, "u4": 39, "u5": 39, "u6": 0, "u7": 0, "u8": 1, "u9": 1, "u10": 1, "u11": 1, "u12": 0, "u13": 21, "u14": 3 },
{ "battleId": "1006010", "teamId": 1021, "rewardId": 100100601, "u4": 39, "u5": 39, "u6": 0, "u7": 0, "u8": 1, "u9": 1, "u10": 1, "u11": 1, "u12": 0, "u13": 10, "u14": 3 },
{ "battleId": "1006020", "teamId": 1022, "rewardId": 100100602, "u4": 39, "u5": 39, "u6": 0, "u7": 0, "u8": 1, "u9": 1, "u10": 1, "u11": 1, "u12": 0, "u13": 10, "u14": 3 },
{ "battleId": "1008100", "teamId": 1023, "rewardId": 100100801, "u4": 40, "u5": 40, "u6": 0, "u7": 0, "u8": 1, "u9": 1, "u10": 1, "u11": 1, "u12": 0, "u13": 21, "u14": 3 },
{ "battleId": "1010010", "teamId": 1031, "rewardId": 100101001, "u4": 40, "u5": 40, "u6": 0, "u7": 0, "u8": 1, "u9": 1, "u10": 1, "u11": 1, "u12": 0, "u13": 10, "u14": 0 },
{ "battleId": "1010020", "teamId": 1032, "rewardId": 100101002, "u4": 40, "u5": 40, "u6": 0, "u7": 0, "u8": 1, "u9": 1, "u10": 1, "u11": 1, "u12": 0, "u13": 10, "u14": 0 },
{ "battleId": "1012100", "teamId": 1033, "rewardId": 100101201, "u4": 40, "u5": 40, "u6": 0, "u7": 0, "u8": 1, "u9": 1, "u10": 1, "u11": 1, "u12": 0, "u13": 21, "u14": 2 },
{ "battleId": "1052100", "teamId": 1050, "rewardId": 100105201, "u4": 37, "u5": 37, "u6": 0, "u7": 0, "u8": 1, "u9": 1, "u10": 1, "u11": 1, "u12": 0, "u13": 20, "u14": 2 },
{ "battleId": "1102100", "teamId": 1130, "rewardId": 100110201, "u4": 39, "u5": 39, "u6": 0, "u7": 0, "u8": 1, "u9": 1, "u10": 1, "u11": 1, "u12": 0, "u13": 23, "u14": 2 },
{ "battleId": "1202100", "teamId": 1230, "rewardId": 100120201, "u4": 44, "u5": 44, "u6": 0, "u7": 0, "u8": 1, "u9": 1, "u10": 1, "u11": 1, "u12": 0, "u13": 23, "u14": 2 },
{ "battleId": "1302100", "teamId": 1330, "rewardId": 100130201, "u4": 45, "u5": 45, "u6": 0, "u7": 0, "u8": 1, "u9": 1, "u10": 1, "u11": 1, "u12": 0, "u13": 23, "u14": 2 },
{ "battleId": "1402100", "teamId": 1430, "rewardId": 100140201, "u4": 47, "u5": 47, "u6": 0, "u7": 0, "u8": 1, "u9": 1, "u10": 1, "u11": 1, "u12": 0, "u13": 23, "u14": 2 },
{ "battleId": "1502100", "teamId": 1530, "rewardId": 100150201, "u4": 55, "u5": 55, "u6": 0, "u7": 0, "u8": 1, "u9": 1, "u10": 1, "u11": 1, "u12": 0, "u13": 23, "u14": 2 },
{ "battleId": "1602100", "teamId": 1630, "rewardId": 100160201, "u4": 57, "u5": 57, "u6": 0, "u7": 0, "u8": 1, "u9": 1, "u10": 1, "u11": 1, "u12": 0, "u13": 23, "u14": 2 },
{ "battleId": "1702100", "teamId": 1730, "rewardId": 100170201, "u4": 59, "u5": 59, "u6": 0, "u7": 0, "u8": 1, "u9": 1, "u10": 1, "u11": 1, "u12": 0, "u13": 23, "u14": 2 },
{ "battleId": "1802100", "teamId": 1830, "rewardId": 100180201, "u4": 60, "u5": 60, "u6": 0, "u7": 0, "u8": 1, "u9": 1, "u10": 1, "u11": 1, "u12": 0, "u13": 23, "u14": 2 },
{ "battleId": "20002001", "teamId": 50012, "rewardId": 200020001, "u4": 1, "u5": 1, "u6": 0, "u7": 0, "u8": 1, "u9": 1, "u10": 1, "u11": 1, "u12": 0, "u13": 10, "u14": 0 },
{ "battleId": "20002002", "teamId": 55012, "rewardId": 200020002, "u4": 1, "u5": 1, "u6": 0, "u7": 0, "u8": 1, "u9": 1, "u10": 1, "u11": 1, "u12": 0, "u13": 10, "u14": 0 },
{ "battleId": "20018001", "teamId": 50013, "rewardId": 200180001, "u4": 1, "u5": 1, "u6": 0, "u7": 0, "u8": 1, "u9": 1, "u10": 1, "u11": 1, "u12": 0, "u13": 10, "u14": 0 },
{ "battleId": "20018002", "teamId": 55013, "rewardId": 200180002, "u4": 1, "u5": 1, "u6": 0, "u7": 0, "u8": 1, "u9": 1, "u10": 1, "u11": 1, "u12": 0, "u13": 10, "u14": 0 },
{ "battleId": "20032001", "teamId": 50014, "rewardId": 200320001, "u4": 1, "u5": 1, "u6": 0, "u7": 0, "u8": 1, "u9": 1, "u10": 1, "u11": 1, "u12": 0, "u13": 10, "u14": 0 },
{ "battleId": "20039001", "teamId": 50015, "rewardId": 200390001, "u4": 1, "u5": 1, "u6": 0, "u7": 0, "u8": 1, "u9": 1, "u10": 1, "u11": 1, "u12": 0, "u13": 10, "u14": 0 },
{ "battleId": "20099001", "teamId": 50021, "rewardId": 200990001, "u4": 1, "u5": 1, "u6": 0, "u7": 0, "u8": 1, "u9": 1, "u10": 1, "u11": 1, "u12": 0, "u13": 10, "u14": 0 },
{ "battleId": "20099002", "teamId": 55014, "rewardId": 200990002, "u4": 1, "u5": 1, "u6": 0, "u7": 0, "u8": 1, "u9": 1, "u10": 1, "u11": 1, "u12": 0, "u13": 10, "u14": 0 },
{ "battleId": "20101001", "teamId": 50011, "rewardId": 201010001, "u4": 1, "u5": 1, "u6": 0, "u7": 0, "u8": 1, "u9": 1, "u10": 1, "u11": 1, "u12": 0, "u13": 10, "u14": 0 },
{ "battleId": "20101002", "teamId": 55011, "rewardId": 201010002, "u4": 1, "u5": 1, "u6": 0, "u7": 0, "u8": 1, "u9": 1, "u10": 1, "u11": 1, "u12": 0, "u13": 10, "u14": 0 },
{ "battleId": "1001052100", "teamId": 1051, "rewardId": 100105211, "u4": 40, "u5": 40, "u6": 0, "u7": 0, "u8": 0, "u9": 1, "u10": 1, "u11": 2, "u12": 1052100, "u13": 120, "u14": 2 },
{ "battleId": "1001052101", "teamId": 1051, "rewardId": 100105221, "u4": 60, "u5": 60, "u6": 0, "u7": 0, "u8": 0, "u9": 1, "u10": 1, "u11": 2, "u12": 1052101, "u13": 130, "u14": 2 },
{ "battleId": "1001052102", "teamId": 1051, "rewardId": 100105231, "u4": 78, "u5": 78, "u6": 0, "u7": 0, "u8": 0, "u9": 1, "u10": 1, "u11": 2, "u12": 1052102, "u13": 140, "u14": 2 },
{ "battleId": "1001102100", "teamId": 1121, "rewardId": 100110211, "u4": 42, "u5": 42, "u6": 0, "u7": 0, "u8": 0, "u9": 1, "u10": 1, "u11": 2, "u12": 1102100, "u13": 120, "u14": 2 },
{ "battleId": "1001102101", "teamId": 1121, "rewardId": 100110221, "u4": 62, "u5": 62, "u6": 0, "u7": 0, "u8": 0, "u9": 1, "u10": 1, "u11": 2, "u12": 1102101, "u13": 130, "u14": 2 },
{ "battleId": "1001102102", "teamId": 1121, "rewardId": 100110231, "u4": 78, "u5": 78, "u6": 0, "u7": 0, "u8": 0, "u9": 1, "u10": 1, "u11": 2, "u12": 1102102, "u13": 140, "u14": 2 },
{ "battleId": "1001202100", "teamId": 1221, "rewardId": 100120211, "u4": 42, "u5": 42, "u6": 0, "u7": 0, "u8": 0, "u9": 1, "u10": 1, "u11": 2, "u12": 1202100, "u13": 120, "u14": 2 },
{ "battleId": "1001202101", "teamId": 1221, "rewardId": 100120221, "u4": 64, "u5": 64, "u6": 0, "u7": 0, "u8": 0, "u9": 1, "u10": 1, "u11": 2, "u12": 1202101, "u13": 130, "u14": 2 },
{ "battleId": "1001202102", "teamId": 1221, "rewardId": 100120231, "u4": 80, "u5": 80, "u6": 0, "u7": 0, "u8": 0, "u9": 1, "u10": 1, "u11": 2, "u12": 1202102, "u13": 140, "u14": 2 },
{ "battleId": "1001302100", "teamId": 1321, "rewardId": 100130211, "u4": 42, "u5": 42, "u6": 0, "u7": 0, "u8": 0, "u9": 1, "u10": 1, "u11": 2, "u12": 1302100, "u13": 120, "u14": 2 },
{ "battleId": "1001302101", "teamId": 1321, "rewardId": 100130221, "u4": 66, "u5": 66, "u6": 0, "u7": 0, "u8": 0, "u9": 1, "u10": 1, "u11": 2, "u12": 1302101, "u13": 130, "u14": 2 },
{ "battleId": "1001302102", "teamId": 1321, "rewardId": 100130231, "u4": 80, "u5": 80, "u6": 0, "u7": 0, "u8": 0, "u9": 1, "u10": 1, "u11": 2, "u12": 1302102, "u13": 140, "u14": 2 },
{ "battleId": "1001402100", "teamId": 1421, "rewardId": 100140211, "u4": 44, "u5": 44, "u6": 0, "u7": 0, "u8": 0, "u9": 1, "u10": 1, "u11": 2, "u12": 1402100, "u13": 120, "u14": 2 },
{ "battleId": "1001402101", "teamId": 1421, "rewardId": 100140221, "u4": 68, "u5": 68, "u6": 0, "u7": 0, "u8": 0, "u9": 1, "u10": 1, "u11": 2, "u12": 1402101, "u13": 130, "u14": 2 },
{ "battleId": "1001402102", "teamId": 1421, "rewardId": 100140231, "u4": 83, "u5": 83, "u6": 0, "u7": 0, "u8": 0, "u9": 1, "u10": 1, "u11": 2, "u12": 1402102, "u13": 140, "u14": 2 },
{ "battleId": "1001502100", "teamId": 1521, "rewardId": 100150211, "u4": 44, "u5": 44, "u6": 0, "u7": 0, "u8": 0, "u9": 1, "u10": 1, "u11": 2, "u12": 1502100, "u13": 120, "u14": 2 },
{ "battleId": "1001502101", "teamId": 1521, "rewardId": 100150221, "u4": 70, "u5": 70, "u6": 0, "u7": 0, "u8": 0, "u9": 1, "u10": 1, "u11": 2, "u12": 1502101, "u13": 130, "u14": 2 },
{ "battleId": "1001502102", "teamId": 1521, "rewardId": 100150231, "u4": 85, "u5": 85, "u6": 0, "u7": 0, "u8": 0, "u9": 1, "u10": 1, "u11": 2, "u12": 1502102, "u13": 140, "u14": 2 },
{ "battleId": "1001602100", "teamId": 1621, "rewardId": 100160211, "u4": 47, "u5": 47, "u6": 0, "u7": 0, "u8": 0, "u9": 1, "u10": 1, "u11": 2, "u12": 1602100, "u13": 120, "u14": 2 },
{ "battleId": "1001602101", "teamId": 1621, "rewardId": 100160221, "u4": 72, "u5": 72, "u6": 0, "u7": 0, "u8": 0, "u9": 1, "u10": 1, "u11": 2, "u12": 1602101, "u13": 130, "u14": 2 },
{ "battleId": "1001602102", "teamId": 1621, "rewardId": 100160231, "u4": 87, "u5": 87, "u6": 0, "u7": 0, "u8": 0, "u9": 1, "u10": 1, "u11": 2, "u12": 1602102, "u13": 140, "u14": 2 },
{ "battleId": "1001702100", "teamId": 1721, "rewardId": 100170211, "u4": 47, "u5": 47, "u6": 0, "u7": 0, "u8": 0, "u9": 1, "u10": 1, "u11": 2, "u12": 1702100, "u13": 122, "u14": 2 },
{ "battleId": "1001702101", "teamId": 1721, "rewardId": 100170221, "u4": 73, "u5": 73, "u6": 0, "u7": 0, "u8": 0, "u9": 1, "u10": 1, "u11": 2, "u12": 1702101, "u13": 132, "u14": 2 },
{ "battleId": "1001702102", "teamId": 1721, "rewardId": 100170231, "u4": 85, "u5": 85, "u6": 0, "u7": 0, "u8": 0, "u9": 1, "u10": 1, "u11": 2, "u12": 1702102, "u13": 142, "u14": 2 },
{ "battleId": "1001802100", "teamId": 1821, "rewardId": 100180211, "u4": 55, "u5": 55, "u6": 0, "u7": 0, "u8": 0, "u9": 1, "u10": 1, "u11": 2, "u12": 1802100, "u13": 122, "u14": 2 },
{ "battleId": "1001802101", "teamId": 1821, "rewardId": 100180221, "u4": 75, "u5": 75, "u6": 0, "u7": 0, "u8": 0, "u9": 1, "u10": 1, "u11": 2, "u12": 1802101, "u13": 132, "u14": 2 },
{ "battleId": "1001802102", "teamId": 1821, "rewardId": 100180231, "u4": 91, "u5": 91, "u6": 0, "u7": 0, "u8": 0, "u9": 1, "u10": 1, "u11": 2, "u12": 1802102, "u13": 142, "u14": 2 },
{ "battleId": "1030102100030903", "teamId": 311, "rewardId": 100030903, "u4": 13, "u5": 13, "u6": 0, "u7": 0, "u8": 1, "u9": 1, "u10": 1, "u11": 1, "u12": 0, "u13": 10, "u14": 0 },
{ "battleId": "1030102100030905", "teamId": 321, "rewardId": 100030905, "u4": 15, "u5": 15, "u6": 0, "u7": 0, "u8": 1, "u9": 1, "u10": 1, "u11": 1, "u12": 0, "u13": 10, "u14": 0 },
{ "battleId": "1030102100061002", "teamId": 632, "rewardId": 100061002, "u4": 30, "u5": 30, "u6": 0, "u7": 0, "u8": 1, "u9": 1, "u10": 1, "u11": 1, "u12": 0, "u13": 10, "u14": 0 },
{ "battleId": "1030102100061004", "teamId": 623, "rewardId": 100061004, "u4": 32, "u5": 32, "u6": 0, "u7": 0, "u8": 1, "u9": 1, "u10": 1, "u11": 1, "u12": 0, "u13": 10, "u14": 0 },
{ "battleId": "1030102100101402", "teamId": 1022, "rewardId": 100101402, "u4": 42, "u5": 42, "u6": 0, "u7": 0, "u8": 1, "u9": 1, "u10": 1, "u11": 1, "u12": 0, "u13": 10, "u14": 3 },
{ "battleId": "1030102100101404", "teamId": 1013, "rewardId": 100101404, "u4": 43, "u5": 43, "u6": 0, "u7": 0, "u8": 1, "u9": 1, "u10": 1, "u11": 1, "u12": 0, "u13": 10, "u14": 3 },
{ "battleId": "1030400010201011", "teamId": 71011, "rewardId": 400020101, "u4": 8, "u5": 8, "u6": 0, "u7": 0, "u8": 1, "u9": 1, "u10": 1, "u11": 1, "u12": 0, "u13": 10, "u14": 0 },
{ "battleId": "1030400010201012", "teamId": 71015, "rewardId": 400020102, "u4": 30, "u5": 30, "u6": 0, "u7": 0, "u8": 1, "u9": 1, "u10": 1, "u11": 1, "u12": 0, "u13": 10, "u14": 0 },
{ "battleId": "1030400010201013", "teamId": 71024, "rewardId": 400020103, "u4": 45, "u5": 45, "u6": 0, "u7": 0, "u8": 1, "u9": 1, "u10": 1, "u11": 1, "u12": 0, "u13": 20, "u14": 0 },
{ "battleId": "1030400010202011", "teamId": 71012, "rewardId": 400020201, "u4": 8, "u5": 8, "u6": 0, "u7": 0, "u8": 1, "u9": 1, "u10": 1, "u11": 1, "u12": 0, "u13": 10, "u14": 0 },
{ "battleId": "1030400010202012", "teamId": 71021, "rewardId": 400020202, "u4": 30, "u5": 30, "u6": 0, "u7": 0, "u8": 1, "u9": 1, "u10": 1, "u11": 1, "u12": 0, "u13": 10, "u14": 0 },
{ "battleId": "1030400010202013", "teamId": 71025, "rewardId": 400020203, "u4": 45, "u5": 45, "u6": 0, "u7": 0, "u8": 1, "u9": 1, "u10": 1, "u11": 1, "u12": 0, "u13": 20, "u14": 0 },
{ "battleId": "1030400010203011", "teamId": 71013, "rewardId": 400020301, "u4": 8, "u5": 8, "u6": 0, "u7": 0, "u8": 1, "u9": 1, "u10": 1, "u11": 1, "u12": 0, "u13": 10, "u14": 0 },
{ "battleId": "1030400010203012", "teamId": 71022, "rewardId": 400020302, "u4": 30, "u5": 30, "u6": 0, "u7": 0, "u8": 1, "u9": 1, "u10": 1, "u11": 1, "u12": 0, "u13": 10, "u14": 0 },
{ "battleId": "1030400010203013", "teamId": 71031, "rewardId": 400020303, "u4": 45, "u5": 45, "u6": 0, "u7": 0, "u8": 1, "u9": 1, "u10": 1, "u11": 1, "u12": 0, "u13": 20, "u14": 0 },
{ "battleId": "1030400010204011", "teamId": 71014, "rewardId": 400020401, "u4": 7, "u5": 7, "u6": 0, "u7": 0, "u8": 1, "u9": 1, "u10": 1, "u11": 1, "u12": 0, "u13": 10, "u14": 0 },
{ "battleId": "1030400010204012", "teamId": 71023, "rewardId": 400020402, "u4": 30, "u5": 30, "u6": 0, "u7": 0, "u8": 1, "u9": 1, "u10": 1, "u11": 1, "u12": 0, "u13": 10, "u14": 0 },
{ "battleId": "1030400010204013", "teamId": 71032, "rewardId": 400020403, "u4": 45, "u5": 45, "u6": 0, "u7": 0, "u8": 1, "u9": 1, "u10": 1, "u11": 1, "u12": 0, "u13": 20, "u14": 0 },
{ "battleId": "1030400010301011", "teamId": 70011, "rewardId": 400030101, "u4": 20, "u5": 20, "u6": 0, "u7": 0, "u8": 1, "u9": 1, "u10": 1, "u11": 1, "u12": 0, "u13": 10, "u14": 0 },
{ "battleId": "1030400010302011", "teamId": 70012, "rewardId": 400030201, "u4": 60, "u5": 60, "u6": 0, "u7": 0, "u8": 0, "u9": 1, "u10": 1, "u11": 2, "u12": 40030201, "u13": 131, "u14": 0 },
{ "battleId": "1030400010304011", "teamId": 70014, "rewardId": 400030401, "u4": 75, "u5": 75, "u6": 0, "u7": 0, "u8": 1, "u9": 1, "u10": 1, "u11": 1, "u12": 0, "u13": 42, "u14": 0 },
{ "battleId": "1030400010305011", "teamId": 70015, "rewardId": 400030501, "u4": 45, "u5": 45, "u6": 0, "u7": 0, "u8": 0, "u9": 1, "u10": 1, "u11": 2, "u12": 40030501, "u13": 121, "u14": 0 },
{ "battleId": "1030400010306011", "teamId": 70016, "rewardId": 400030601, "u4": 45, "u5": 45, "u6": 0, "u7": 0, "u8": 0, "u9": 1, "u10": 1, "u11": 2, "u12": 40030601, "u13": 121, "u14": 0 },
{ "battleId": "1030400010401011", "teamId": 72011, "rewardId": 400040101, "u4": 20, "u5": 20, "u6": 0, "u7": 0, "u8": 1, "u9": 1, "u10": 1, "u11": 1, "u12": 0, "u13": 20, "u14": 0 },
{ "battleId": "1030400010401012", "teamId": 72011, "rewardId": 400040102, "u4": 40, "u5": 40, "u6": 0, "u7": 0, "u8": 1, "u9": 1, "u10": 1, "u11": 1, "u12": 0, "u13": 30, "u14": 0 },
{ "battleId": "1030400010401013", "teamId": 72011, "rewardId": 400040103, "u4": 80, "u5": 80, "u6": 0, "u7": 0, "u8": 1, "u9": 1, "u10": 1, "u11": 1, "u12": 0, "u13": 40, "u14": 0 },
{ "battleId": "1030400010402011", "teamId": 72012, "rewardId": 400040201, "u4": 20, "u5": 20, "u6": 0, "u7": 0, "u8": 1, "u9": 1, "u10": 1, "u11": 1, "u12": 0, "u13": 20, "u14": 0 },
{ "battleId": "1030400010402012", "teamId": 72012, "rewardId": 400040202, "u4": 40, "u5": 40, "u6": 0, "u7": 0, "u8": 1, "u9": 1, "u10": 1, "u11": 1, "u12": 0, "u13": 30, "u14": 0 },
{ "battleId": "1030400010402013", "teamId": 72012, "rewardId": 400040203, "u4": 80, "u5": 80, "u6": 0, "u7": 0, "u8": 1, "u9": 1, "u10": 1, "u11": 1, "u12": 0, "u13": 40, "u14": 0 },
{ "battleId": "1030400010403011", "teamId": 72013, "rewardId": 400040301, "u4": 20, "u5": 20, "u6": 0, "u7": 0, "u8": 1, "u9": 1, "u10": 1, "u11": 1, "u12": 0, "u13": 20, "u14": 0 },
{ "battleId": "1030400010403012", "teamId": 72013, "rewardId": 400040302, "u4": 40, "u5": 40, "u6": 0, "u7": 0, "u8": 1, "u9": 1, "u10": 1, "u11": 1, "u12": 0, "u13": 30, "u14": 0 },
{ "battleId": "1030400010403013", "teamId": 72013, "rewardId": 400040303, "u4": 80, "u5": 80, "u6": 0, "u7": 0, "u8": 1, "u9": 1, "u10": 1, "u11": 1, "u12": 0, "u13": 40, "u14": 0 },
{ "battleId": "1030400010404011", "teamId": 72014, "rewardId": 400040401, "u4": 20, "u5": 20, "u6": 0, "u7": 0, "u8": 1, "u9": 1, "u10": 1, "u11": 1, "u12": 0, "u13": 20, "u14": 0 },
{ "battleId": "1030400010404012", "teamId": 72014, "rewardId": 400040402, "u4": 40, "u5": 40, "u6": 0, "u7": 0, "u8": 1, "u9": 1, "u10": 1, "u11": 1, "u12": 0, "u13": 30, "u14": 0 },
{ "battleId": "1030400010404013", "teamId": 72014, "rewardId": 400040403, "u4": 80, "u5": 80, "u6": 0, "u7": 0, "u8": 1, "u9": 1, "u10": 1, "u11": 1, "u12": 0, "u13": 40, "u14": 0 },
{ "battleId": "1030400010405011", "teamId": 72015, "rewardId": 400040501, "u4": 20, "u5": 20, "u6": 0, "u7": 0, "u8": 1, "u9": 1, "u10": 1, "u11": 1, "u12": 0, "u13": 20, "u14": 0 },
{ "battleId": "1030400010405012", "teamId": 72015, "rewardId": 400040502, "u4": 40, "u5": 40, "u6": 0, "u7": 0, "u8": 1, "u9": 1, "u10": 1, "u11": 1, "u12": 0, "u13": 30, "u14": 0 },
{ "battleId": "1030400010405013", "teamId": 72015, "rewardId": 400040503, "u4": 80, "u5": 80, "u6": 0, "u7": 0, "u8": 1, "u9": 1, "u10": 1, "u11": 1, "u12": 0, "u13": 40, "u14": 0 },
{ "battleId": "1030400010406011", "teamId": 72021, "rewardId": 400040601, "u4": 20, "u5": 20, "u6": 0, "u7": 0, "u8": 1, "u9": 1, "u10": 1, "u11": 1, "u12": 0, "u13": 20, "u14": 0 },
{ "battleId": "1030400010406012", "teamId": 72021, "rewardId": 400040602, "u4": 40, "u5": 40, "u6": 0, "u7": 0, "u8": 1, "u9": 1, "u10": 1, "u11": 1, "u12": 0, "u13": 30, "u14": 0 },
{ "battleId": "1030400010406013", "teamId": 72021, "rewardId": 400040603, "u4": 80, "u5": 80, "u6": 0, "u7": 0, "u8": 1, "u9": 1, "u10": 1, "u11": 1, "u12": 0, "u13": 40, "u14": 0 },
{ "battleId": "1030400010407011", "teamId": 72022, "rewardId": 400040701, "u4": 20, "u5": 20, "u6": 0, "u7": 0, "u8": 1, "u9": 1, "u10": 1, "u11": 1, "u12": 0, "u13": 20, "u14": 0 },
{ "battleId": "1030400010407012", "teamId": 72022, "rewardId": 400040702, "u4": 40, "u5": 40, "u6": 0, "u7": 0, "u8": 1, "u9": 1, "u10": 1, "u11": 1, "u12": 0, "u13": 30, "u14": 0 },
{ "battleId": "1030400010407013", "teamId": 72022, "rewardId": 400040703, "u4": 80, "u5": 80, "u6": 0, "u7": 0, "u8": 1, "u9": 1, "u10": 1, "u11": 1, "u12": 0, "u13": 40, "u14": 0 },
{ "battleId": "1030400010408011", "teamId": 72023, "rewardId": 400040801, "u4": 20, "u5": 20, "u6": 0, "u7": 0, "u8": 1, "u9": 1, "u10": 1, "u11": 1, "u12": 0, "u13": 20, "u14": 0 },
{ "battleId": "1030400010408012", "teamId": 72023, "rewardId": 400040802, "u4": 40, "u5": 40, "u6": 0, "u7": 0, "u8": 1, "u9": 1, "u10": 1, "u11": 1, "u12": 0, "u13": 30, "u14": 0 },
{ "battleId": "1030400010408013", "teamId": 72023, "rewardId": 400040803, "u4": 80, "u5": 80, "u6": 0, "u7": 0, "u8": 1, "u9": 1, "u10": 1, "u11": 1, "u12": 0, "u13": 40, "u14": 0 },
{ "battleId": "1030400010409011", "teamId": 72024, "rewardId": 400040901, "u4": 20, "u5": 20, "u6": 0, "u7": 0, "u8": 1, "u9": 1, "u10": 1, "u11": 1, "u12": 0, "u13": 20, "u14": 0 },
{ "battleId": "1030400010409012", "teamId": 72024, "rewardId": 400040902, "u4": 40, "u5": 40, "u6": 0, "u7": 0, "u8": 1, "u9": 1, "u10": 1, "u11": 1, "u12": 0, "u13": 30, "u14": 0 },
{ "battleId": "1030400010409013", "teamId": 72024, "rewardId": 400040903, "u4": 80, "u5": 80, "u6": 0, "u7": 0, "u8": 1, "u9": 1, "u10": 1, "u11": 1, "u12": 0, "u13": 40, "u14": 0 },
{ "battleId": "1030400010410011", "teamId": 72025, "rewardId": 400041001, "u4": 20, "u5": 20, "u6": 0, "u7": 0, "u8": 1, "u9": 1, "u10": 1, "u11": 1, "u12": 0, "u13": 20, "u14": 0 },
{ "battleId": "1030400010410012", "teamId": 72025, "rewardId": 400041002, "u4": 40, "u5": 40, "u6": 0, "u7": 0, "u8": 1, "u9": 1, "u10": 1, "u11": 1, "u12": 0, "u13": 30, "u14": 0 },
{ "battleId": "1030400010410013", "teamId": 72025, "rewardId": 400041003, "u4": 80, "u5": 80, "u6": 0, "u7": 0, "u8": 1, "u9": 1, "u10": 1, "u11": 1, "u12": 0, "u13": 40, "u14": 0 },
{ "battleId": "1030400010411011", "teamId": 72031, "rewardId": 400041101, "u4": 20, "u5": 20, "u6": 0, "u7": 0, "u8": 1, "u9": 1, "u10": 1, "u11": 1, "u12": 0, "u13": 20, "u14": 0 },
{ "battleId": "1030400010411012", "teamId": 72031, "rewardId": 400041102, "u4": 40, "u5": 40, "u6": 0, "u7": 0, "u8": 1, "u9": 1, "u10": 1, "u11": 1, "u12": 0, "u13": 30, "u14": 0 },
{ "battleId": "1030400010411013", "teamId": 72031, "rewardId": 400041103, "u4": 80, "u5": 80, "u6": 0, "u7": 0, "u8": 1, "u9": 1, "u10": 1, "u11": 1, "u12": 0, "u13": 40, "u14": 0 },
{ "battleId": "1030400010412011", "teamId": 72032, "rewardId": 400041201, "u4": 20, "u5": 20, "u6": 0, "u7": 0, "u8": 1, "u9": 1, "u10": 1, "u11": 1, "u12": 0, "u13": 20, "u14": 0 },
{ "battleId": "1030400010412012", "teamId": 72032, "rewardId": 400041202, "u4": 40, "u5": 40, "u6": 0, "u7": 0, "u8": 1, "u9": 1, "u10": 1, "u11": 1, "u12": 0, "u13": 30, "u14": 0 },
{ "battleId": "1030400010412013", "teamId": 72032, "rewardId": 400041203, "u4": 80, "u5": 80, "u6": 0, "u7": 0, "u8": 1, "u9": 1, "u10": 1, "u11": 1, "u12": 0, "u13": 40, "u14": 0 },
{ "battleId": "1030400010413011", "teamId": 72033, "rewardId": 400041301, "u4": 20, "u5": 20, "u6": 0, "u7": 0, "u8": 1, "u9": 1, "u10": 1, "u11": 1, "u12": 0, "u13": 20, "u14": 0 },
{ "battleId": "1030400010413012", "teamId": 72033, "rewardId": 400041302, "u4": 40, "u5": 40, "u6": 0, "u7": 0, "u8": 1, "u9": 1, "u10": 1, "u11": 1, "u12": 0, "u13": 30, "u14": 0 },
{ "battleId": "1030400010413013", "teamId": 72033, "rewardId": 400041303, "u4": 80, "u5": 80, "u6": 0, "u7": 0, "u8": 1, "u9": 1, "u10": 1, "u11": 1, "u12": 0, "u13": 40, "u14": 0 },
{ "battleId": "1030400010414011", "teamId": 72034, "rewardId": 400041401, "u4": 20, "u5": 20, "u6": 0, "u7": 0, "u8": 1, "u9": 1, "u10": 1, "u11": 1, "u12": 0, "u13": 20, "u14": 0 },
{ "battleId": "1030400010414012", "teamId": 72034, "rewardId": 400041402, "u4": 40, "u5": 40, "u6": 0, "u7": 0, "u8": 1, "u9": 1, "u10": 1, "u11": 1, "u12": 0, "u13": 30, "u14": 0 },
{ "battleId": "1030400010414013", "teamId": 72034, "rewardId": 400041403, "u4": 80, "u5": 80, "u6": 0, "u7": 0, "u8": 1, "u9": 1, "u10": 1, "u11": 1, "u12": 0, "u13": 40, "u14": 0 },
{ "battleId": "1030400010415011", "teamId": 72035, "rewardId": 400041501, "u4": 20, "u5": 20, "u6": 0, "u7": 0, "u8": 1, "u9": 1, "u10": 1, "u11": 1, "u12": 0, "u13": 20, "u14": 0 },
{ "battleId": "1030400010415012", "teamId": 72035, "rewardId": 400041502, "u4": 40, "u5": 40, "u6": 0, "u7": 0, "u8": 1, "u9": 1, "u10": 1, "u11": 1, "u12": 0, "u13": 30, "u14": 0 },
{ "battleId": "1030400010415013", "teamId": 72035, "rewardId": 400041503, "u4": 80, "u5": 80, "u6": 0, "u7": 0, "u8": 1, "u9": 1, "u10": 1, "u11": 1, "u12": 0, "u13": 40, "u14": 0 },
{ "battleId": "1030400010416011", "teamId": 72041, "rewardId": 400041601, "u4": 20, "u5": 20, "u6": 0, "u7": 0, "u8": 1, "u9": 1, "u10": 1, "u11": 1, "u12": 0, "u13": 20, "u14": 0 },
{ "battleId": "1030400010416012", "teamId": 72041, "rewardId": 400041602, "u4": 40, "u5": 40, "u6": 0, "u7": 0, "u8": 1, "u9": 1, "u10": 1, "u11": 1, "u12": 0, "u13": 30, "u14": 0 },
{ "battleId": "1030400010416013", "teamId": 72041, "rewardId": 400041603, "u4": 80, "u5": 80, "u6": 0, "u7": 0, "u8": 1, "u9": 1, "u10": 1, "u11": 1, "u12": 0, "u13": 40, "u14": 0 },
{ "battleId": "1030400010417011", "teamId": 72042, "rewardId": 400041701, "u4": 20, "u5": 20, "u6": 0, "u7": 0, "u8": 1, "u9": 1, "u10": 1, "u11": 1, "u12": 0, "u13": 20, "u14": 0 },
{ "battleId": "1030400010417012", "teamId": 72042, "rewardId": 400041702, "u4": 40, "u5": 40, "u6": 0, "u7": 0, "u8": 1, "u9": 1, "u10": 1, "u11": 1, "u12": 0, "u13": 30, "u14": 0 },
{ "battleId": "1030400010417013", "teamId": 72042, "rewardId": 400041703, "u4": 80, "u5": 80, "u6": 0, "u7": 0, "u8": 1, "u9": 1, "u10": 1, "u11": 1, "u12": 0, "u13": 40, "u14": 0 },
{ "battleId": "1030400010418011", "teamId": 72043, "rewardId": 400041801, "u4": 20, "u5": 20, "u6": 0, "u7": 0, "u8": 1, "u9": 1, "u10": 1, "u11": 1, "u12": 0, "u13": 20, "u14": 0 },
{ "battleId": "1030400010418012", "teamId": 72043, "rewardId": 400041802, "u4": 40, "u5": 40, "u6": 0, "u7": 0, "u8": 1, "u9": 1, "u10": 1, "u11": 1, "u12": 0, "u13": 30, "u14": 0 },
{ "battleId": "1030400010418013", "teamId": 72043, "rewardId": 400041803, "u4": 80, "u5": 80, "u6": 0, "u7": 0, "u8": 1, "u9": 1, "u10": 1, "u11": 1, "u12": 0, "u13": 40, "u14": 0 },
{ "battleId": "1030400010419011", "teamId": 72044, "rewardId": 400041901, "u4": 20, "u5": 20, "u6": 0, "u7": 0, "u8": 1, "u9": 1, "u10": 1, "u11": 1, "u12": 0, "u13": 20, "u14": 0 },
{ "battleId": "1030400010419012", "teamId": 72044, "rewardId": 400041902, "u4": 40, "u5": 40, "u6": 0, "u7": 0, "u8": 1, "u9": 1, "u10": 1, "u11": 1, "u12": 0, "u13": 30, "u14": 0 },
{ "battleId": "1030400010419013", "teamId": 72044, "rewardId": 400041903, "u4": 80, "u5": 80, "u6": 0, "u7": 0, "u8": 1, "u9": 1, "u10": 1, "u11": 1, "u12": 0, "u13": 40, "u14": 0 },
{ "battleId": "1030400010420011", "teamId": 72045, "rewardId": 400042001, "u4": 20, "u5": 20, "u6": 0, "u7": 0, "u8": 1, "u9": 1, "u10": 1, "u11": 1, "u12": 0, "u13": 20, "u14": 0 },
{ "battleId": "1030400010420012", "teamId": 72045, "rewardId": 400042002, "u4": 40, "u5": 40, "u6": 0, "u7": 0, "u8": 1, "u9": 1, "u10": 1, "u11": 1, "u12": 0, "u13": 30, "u14": 0 },
{ "battleId": "1030400010420013", "teamId": 72045, "rewardId": 400042003, "u4": 80, "u5": 80, "u6": 0, "u7": 0, "u8": 1, "u9": 1, "u10": 1, "u11": 1, "u12": 0, "u13": 40, "u14": 0 },
{ "battleId": "1030401000800001", "teamId": 60015, "rewardId": 400010501, "u4": 85, "u5": 85, "u6": 0, "u7": 0, "u8": 0, "u9": 1, "u10": 1, "u11": 2, "u12": 41000501, "u13": 144, "u14": 0 },
{ "battleId": "1030401000800002", "teamId": 60015, "rewardId": 400010502, "u4": 100, "u5": 100, "u6": 0, "u7": 0, "u8": 0, "u9": 1, "u10": 1, "u11": 2, "u12": 41000502, "u13": 154, "u14": 0 },
{ "battleId": "1030401001500001", "teamId": 60011, "rewardId": 400010101, "u4": 85, "u5": 85, "u6": 0, "u7": 0, "u8": 0, "u9": 1, "u10": 1, "u11": 2, "u12": 41000101, "u13": 144, "u14": 0 },
{ "battleId": "1030401001500002", "teamId": 60011, "rewardId": 400010102, "u4": 100, "u5": 100, "u6": 0, "u7": 0, "u8": 0, "u9": 1, "u10": 1, "u11": 2, "u12": 41000102, "u13": 154, "u14": 0 },
{ "battleId": "1030401001600001", "teamId": 60021, "rewardId": 400010601, "u4": 85, "u5": 85, "u6": 0, "u7": 0, "u8": 0, "u9": 1, "u10": 1, "u11": 2, "u12": 41000601, "u13": 144, "u14": 0 },
{ "battleId": "1030401001600002", "teamId": 60021, "rewardId": 400010602, "u4": 100, "u5": 100, "u6": 0, "u7": 0, "u8": 0, "u9": 1, "u10": 1, "u11": 2, "u12": 41000602, "u13": 154, "u14": 0 },
{ "battleId": "1030401002900001", "teamId": 60014, "rewardId": 400010401, "u4": 85, "u5": 85, "u6": 0, "u7": 0, "u8": 0, "u9": 1, "u10": 1, "u11": 2, "u12": 41000401, "u13": 144, "u14": 0 },
{ "battleId": "1030401002900002", "teamId": 60014, "rewardId": 400010402, "u4": 100, "u5": 100, "u6": 0, "u7": 0, "u8": 0, "u9": 1, "u10": 1, "u11": 2, "u12": 41000402, "u13": 154, "u14": 0 },
{ "battleId": "1030401009900001", "teamId": 60013, "rewardId": 400010301, "u4": 85, "u5": 85, "u6": 0, "u7": 0, "u8": 0, "u9": 1, "u10": 1, "u11": 2, "u12": 41000301, "u13": 144, "u14": 0 },
{ "battleId": "1030401009900002", "teamId": 60013, "rewardId": 400010302, "u4": 100, "u5": 100, "u6": 0, "u7": 0, "u8": 0, "u9": 1, "u10": 1, "u11": 2, "u12": 41000302, "u13": 154, "u14": 0 },
{ "battleId": "1030401010100001", "teamId": 60012, "rewardId": 400010201, "u4": 85, "u5": 85, "u6": 0, "u7": 0, "u8": 0, "u9": 1, "u10": 1, "u11": 2, "u12": 41000201, "u13": 144, "u14": 0 },
{ "battleId": "1030401010100002", "teamId": 60012, "rewardId": 400010202, "u4": 100, "u5": 100, "u6": 0, "u7": 0, "u8": 0, "u9": 1, "u10": 1, "u11": 2, "u12": 41000202, "u13": 154, "u14": 0 },
{ "battleId": "1030500010102011", "teamId": 80011, "rewardId": 0, "u4": 20, "u5": 20, "u6": 0, "u7": 0, "u8": 1, "u9": 1, "u10": 1, "u11": 1, "u12": 0, "u13": 10, "u14": 0 },
{ "battleId": "1030500010104011", "teamId": 80012, "rewardId": 0, "u4": 20, "u5": 20, "u6": 0, "u7": 0, "u8": 1, "u9": 1, "u10": 1, "u11": 1, "u12": 0, "u13": 10, "u14": 0 },
{ "battleId": "1030500010106011", "teamId": 80013, "rewardId": 0, "u4": 20, "u5": 20, "u6": 0, "u7": 0, "u8": 1, "u9": 1, "u10": 1, "u11": 1, "u12": 0, "u13": 10, "u14": 0 },
{ "battleId": "1030500010108011", "teamId": 80014, "rewardId": 0, "u4": 35, "u5": 35, "u6": 0, "u7": 0, "u8": 1, "u9": 1, "u10": 1, "u11": 1, "u12": 0, "u13": 10, "u14": 0 },
{ "battleId": "1030500010109011", "teamId": 80015, "rewardId": 0, "u4": 45, "u5": 45, "u6": 0, "u7": 0, "u8": 1, "u9": 1, "u10": 1, "u11": 1, "u12": 0, "u13": 21, "u14": 0 },
{ "battleId": "1030500010110011", "teamId": 80022, "rewardId": 510700000, "u4": 42, "u5": 42, "u6": 0, "u7": 0, "u8": 0, "u9": 1, "u10": 1, "u11": 2, "u12": 50110011, "u13": 122, "u14": 0 },
{ "battleId": "1030500010111011", "teamId": 80022, "rewardId": 510700001, "u4": 70, "u5": 70, "u6": 0, "u7": 0, "u8": 0, "u9": 1, "u10": 1, "u11": 2, "u12": 50111011, "u13": 132, "u14": 0 },
{ "battleId": "1030500010201011", "teamId": 80111, "rewardId": 510700100, "u4": 30, "u5": 30, "u6": 0, "u7": 0, "u8": 1, "u9": 1, "u10": 1, "u11": 1, "u12": 0, "u13": 10, "u14": 0 },
{ "battleId": "1030500010201012", "teamId": 80111, "rewardId": 510700101, "u4": 45, "u5": 45, "u6": 0, "u7": 0, "u8": 1, "u9": 1, "u10": 1, "u11": 1, "u12": 0, "u13": 20, "u14": 0 },
{ "battleId": "1030500010202011", "teamId": 80211, "rewardId": 510700200, "u4": 30, "u5": 30, "u6": 0, "u7": 0, "u8": 1, "u9": 1, "u10": 1, "u11": 1, "u12": 0, "u13": 10, "u14": 0 },
{ "battleId": "1030500010202012", "teamId": 80211, "rewardId": 510700201, "u4": 45, "u5": 45, "u6": 0, "u7": 0, "u8": 1, "u9": 1, "u10": 1, "u11": 1, "u12": 0, "u13": 20, "u14": 0 },
{ "battleId": "1030500010203011", "teamId": 80311, "rewardId": 510700300, "u4": 30, "u5": 30, "u6": 0, "u7": 0, "u8": 1, "u9": 1, "u10": 1, "u11": 1, "u12": 0, "u13": 10, "u14": 0 },
{ "battleId": "1030500010203012", "teamId": 80311, "rewardId": 510700301, "u4": 45, "u5": 45, "u6": 0, "u7": 0, "u8": 1, "u9": 1, "u10": 1, "u11": 1, "u12": 0, "u13": 20, "u14": 0 },
{ "battleId": "1030500010301011", "teamId": 80112, "rewardId": 510700102, "u4": 50, "u5": 50, "u6": 0, "u7": 0, "u8": 0, "u9": 1, "u10": 1, "u11": 2, "u12": 50301011, "u13": 132, "u14": 0 },
{ "battleId": "1030500010301012", "teamId": 80112, "rewardId": 510700103, "u4": 73, "u5": 73, "u6": 0, "u7": 0, "u8": 0, "u9": 1, "u10": 1, "u11": 2, "u12": 50301012, "u13": 142, "u14": 0 },
{ "battleId": "1030500010302011", "teamId": 80212, "rewardId": 510700202, "u4": 50, "u5": 50, "u6": 0, "u7": 0, "u8": 0, "u9": 1, "u10": 1, "u11": 2, "u12": 50302011, "u13": 132, "u14": 0 },
{ "battleId": "1030500010302012", "teamId": 80212, "rewardId": 510700203, "u4": 77, "u5": 77, "u6": 0, "u7": 0, "u8": 0, "u9": 1, "u10": 1, "u11": 2, "u12": 50302012, "u13": 142, "u14": 0 },
{ "battleId": "1030500010303011", "teamId": 80312, "rewardId": 510700302, "u4": 50, "u5": 50, "u6": 0, "u7": 0, "u8": 0, "u9": 1, "u10": 1, "u11": 2, "u12": 50303011, "u13": 132, "u14": 0 },
{ "battleId": "1030500010303012", "teamId": 80312, "rewardId": 510700303, "u4": 75, "u5": 75, "u6": 0, "u7": 0, "u8": 0, "u9": 1, "u10": 1, "u11": 2, "u12": 50303012, "u13": 142, "u14": 0 },
]}
