{ "entries": [
{ "trainer": "ch0000_00_red", "monster": "pm0006_00_lizardon", "unk3": 0, "unk4": -70, "unk5": 0, "unk6": -100, "unk7": 0, "number": "50", "empty": "" },
{ "trainer": "ch0002_00_kotone", "monster": "pm0152_00_chicorita", "unk3": 0, "unk4": -50, "unk5": 0, "unk6": -50, "unk7": 0, "number": "50", "empty": "" },
{ "trainer": "ch0002_00_kotone", "monster": "pm0153_00_bayleaf", "unk3": 0, "unk4": -50, "unk5": 0, "unk6": -80, "unk7": 0, "number": "50", "empty": "" },
{ "trainer": "ch0002_00_kotone", "monster": "pm0154_01_meganium", "unk3": 0, "unk4": -70, "unk5": 0, "unk6": -100, "unk7": 0, "number": "50", "empty": "" },
{ "trainer": "ch0002_00_kotone", "monster": "pm0154_01_meganium", "unk3": 1, "unk4": -30, "unk5": 0, "unk6": 60, "unk7": -50, "number": "16061", "empty": "" },
{ "trainer": "ch0002_00_kotone", "monster": "pm0154_01_meganium", "unk3": 2, "unk4": -100, "unk5": 0, "unk6": -40, "unk7": 20, "number": "50", "empty": "" },
{ "trainer": "ch0004_00_toko", "monster": "pm0498_00_pokabu", "unk3": 0, "unk4": -50, "unk5": 0, "unk6": -50, "unk7": 0, "number": "50", "empty": "" },
{ "trainer": "ch0004_00_toko", "monster": "pm0499_00_chaoboo", "unk3": 0, "unk4": -50, "unk5": 0, "unk6": -70, "unk7": 0, "number": "50", "empty": "" },
{ "trainer": "ch0004_00_toko", "monster": "pm0500_00_enbuoh", "unk3": 0, "unk4": -70, "unk5": 0, "unk6": -100, "unk7": 0, "number": "50", "empty": "" },
{ "trainer": "ch0004_00_toko", "monster": "pm0500_00_enbuoh", "unk3": 1, "unk4": 0, "unk5": 0, "unk6": 55, "unk7": -105, "number": "16061", "empty": "" },
{ "trainer": "ch0004_00_toko", "monster": "pm0500_00_enbuoh", "unk3": 2, "unk4": -150, "unk5": 0, "unk6": 0, "unk7": 26, "number": "50", "empty": "" },
{ "trainer": "ch0005_00_kanna", "monster": "pm0131_00_laplace", "unk3": 0, "unk4": -70, "unk5": 0, "unk6": -100, "unk7": 0, "number": "50", "empty": "" },
{ "trainer": "ch0005_00_kanna", "monster": "pm0131_00_laplace", "unk3": 1, "unk4": 0, "unk5": 0, "unk6": 67, "unk7": -40, "number": "16061", "empty": "" },
{ "trainer": "ch0005_00_kanna", "monster": "pm0131_00_laplace", "unk3": 2, "unk4": -64, "unk5": 0, "unk6": 0, "unk7": 0, "number": "50", "empty": "" },
{ "trainer": "ch0006_00_oba", "monster": "pm0392_00_goukazaru", "unk3": 0, "unk4": -100, "unk5": 0, "unk6": -100, "unk7": 0, "number": "50", "empty": "" },
{ "trainer": "ch0007_00_acerola", "monster": "pm0823_00_sunaba2", "unk3": 0, "unk4": -70, "unk5": 0, "unk6": -100, "unk7": 0, "number": "50", "empty": "" },
{ "trainer": "ch0007_00_acerola", "monster": "pm0823_00_sunaba2", "unk3": 1, "unk4": -15, "unk5": 0, "unk6": 115, "unk7": -160, "number": "16061", "empty": "" },
{ "trainer": "ch0007_00_acerola", "monster": "pm0823_00_sunaba2", "unk3": 2, "unk4": -90, "unk5": 0, "unk6": 0, "unk7": 30, "number": "50", "empty": "" },
{ "trainer": "ch0008_00_erika", "monster": "pm0045_01_ruffresia", "unk3": 0, "unk4": -50, "unk5": 0, "unk6": -180, "unk7": 0, "number": "50", "empty": "" },
{ "trainer": "ch0009_00_senri", "monster": "pm0289_00_kekking", "unk3": 0, "unk4": 15, "unk5": 0, "unk6": -80, "unk7": 0, "number": "50", "empty": "" },
{ "trainer": "ch0009_00_senri", "monster": "pm0289_00_kekking", "unk3": 1, "unk4": 0, "unk5": 0, "unk6": -65, "unk7": 0, "number": "16061", "empty": "" },
{ "trainer": "ch0009_00_senri", "monster": "pm0289_00_kekking", "unk3": 2, "unk4": 0, "unk5": 0, "unk6": 0, "unk7": 0, "number": "50", "empty": "" },
{ "trainer": "ch0010_00_maximum", "monster": "pm0419_00_floazel", "unk3": 0, "unk4": -70, "unk5": 0, "unk6": -50, "unk7": 0, "number": "50", "empty": "" },
{ "trainer": "ch0011_00_homika", "monster": "pm0544_00_wheega", "unk3": 0, "unk4": -70, "unk5": 0, "unk6": -100, "unk7": 0, "number": "50", "empty": "" },
{ "trainer": "ch0011_00_homika", "monster": "pm0545_00_pendror", "unk3": 0, "unk4": -50, "unk5": 0, "unk6": -200, "unk7": 0, "number": "50", "empty": "" },
{ "trainer": "ch0012_00_corni", "monster": "pm0448_00_lucario", "unk3": 0, "unk4": -50, "unk5": 0, "unk6": -50, "unk7": 0, "number": "50", "empty": "" },
{ "trainer": "ch0013_00_hapu", "monster": "pm0840_00_roba2", "unk3": 0, "unk4": -70, "unk5": 0, "unk6": -200, "unk7": 0, "number": "50", "empty": "" },
{ "trainer": "ch0014_01_cheren", "monster": "pm0508_00_mooland", "unk3": 0, "unk4": -70, "unk5": 0, "unk6": -100, "unk7": 0, "number": "50", "empty": "" },
{ "trainer": "ch0015_00_takeshi", "monster": "pm0095_00_iwark", "unk3": 0, "unk4": -70, "unk5": 0, "unk6": -100, "unk7": 0, "number": "50", "empty": "" },
{ "trainer": "ch0015_01_takeshi", "monster": "pm0248_00_bangiras", "unk3": 0, "unk4": -50, "unk5": 0, "unk6": -100, "unk7": 0, "number": "50", "empty": "" },
{ "trainer": "ch0016_00_huuro", "monster": "pm0581_00_swanna", "unk3": 0, "unk4": -50, "unk5": 0, "unk6": -100, "unk7": 0, "number": "50", "empty": "" },
{ "trainer": "ch0018_00_chris", "monster": "pm0158_00_waninoko", "unk3": 0, "unk4": -50, "unk5": 0, "unk6": -50, "unk7": 0, "number": "50", "empty": "" },
{ "trainer": "ch0018_00_chris", "monster": "pm0159_00_alligates", "unk3": 0, "unk4": -60, "unk5": 0, "unk6": -60, "unk7": 0, "number": "50", "empty": "" },
{ "trainer": "ch0018_00_chris", "monster": "pm0160_00_ordile", "unk3": 0, "unk4": -60, "unk5": 0, "unk6": -130, "unk7": 0, "number": "50", "empty": "" },
{ "trainer": "ch0019_00_yuki", "monster": "pm0252_00_kimori", "unk3": 0, "unk4": -50, "unk5": 0, "unk6": -50, "unk7": 0, "number": "50", "empty": "" },
{ "trainer": "ch0019_00_yuki", "monster": "pm0253_00_juptile", "unk3": 0, "unk4": -50, "unk5": 0, "unk6": -60, "unk7": 0, "number": "50", "empty": "" },
{ "trainer": "ch0019_00_yuki", "monster": "pm0254_00_jukain", "unk3": 0, "unk4": -60, "unk5": 0, "unk6": -120, "unk7": 0, "number": "50", "empty": "" },
{ "trainer": "ch0020_00_toya", "monster": "pm0501_00_mijumaru", "unk3": 0, "unk4": -50, "unk5": 0, "unk6": -50, "unk7": 0, "number": "50", "empty": "" },
{ "trainer": "ch0020_00_toya", "monster": "pm0502_00_futachimaru", "unk3": 0, "unk4": -50, "unk5": 0, "unk6": -50, "unk7": 0, "number": "50", "empty": "" },
{ "trainer": "ch0020_00_toya", "monster": "pm0503_00_daikenki", "unk3": 0, "unk4": -70, "unk5": 0, "unk6": -110, "unk7": 0, "number": "50", "empty": "" },
{ "trainer": "ch0021_00_green", "monster": "pm0018_00_pigeot", "unk3": 0, "unk4": -60, "unk5": 0, "unk6": -120, "unk7": 0, "number": "50", "empty": "" },
{ "trainer": "ch0021_00_green", "monster": "pm0018_00_pigeot", "unk3": 1, "unk4": -5, "unk5": 0, "unk6": 20, "unk7": -30, "number": "16061", "empty": "" },
{ "trainer": "ch0021_00_green", "monster": "pm0018_00_pigeot", "unk3": 2, "unk4": -70, "unk5": 0, "unk6": 0, "unk7": 0, "number": "26201", "empty": "" },
{ "trainer": "ch0022_00_urup", "monster": "pm0751_00_ice3", "unk3": 0, "unk4": -70, "unk5": 0, "unk6": -250, "unk7": 0, "number": "50", "empty": "" },
{ "trainer": "ch0023_00_momi", "monster": "pm0242_00_happinas", "unk3": 0, "unk4": -70, "unk5": 0, "unk6": -80, "unk7": 0, "number": "50", "empty": "" },
{ "trainer": "ch0024_00_shikimi", "monster": "pm0609_00_chandela", "unk3": 0, "unk4": -70, "unk5": 0, "unk6": -100, "unk7": 0, "number": "50", "empty": "" },
{ "trainer": "ch0024_00_shikimi", "monster": "pm0609_00_chandela", "unk3": 1, "unk4": 5, "unk5": 0, "unk6": 0, "unk7": -130, "number": "16061", "empty": "" },
{ "trainer": "ch0024_00_shikimi", "monster": "pm0609_00_chandela", "unk3": 2, "unk4": -90, "unk5": 0, "unk6": -200, "unk7": 60, "number": "50", "empty": "" },
{ "trainer": "ch0025_00_suzuna", "monster": "pm0460_01_yukinooh", "unk3": 0, "unk4": -70, "unk5": 0, "unk6": -120, "unk7": 0, "number": "50", "empty": "" },
{ "trainer": "ch0025_00_suzuna", "monster": "pm0460_01_yukinooh", "unk3": 1, "unk4": -100, "unk5": 0, "unk6": 0, "unk7": 155, "number": "16061", "empty": "" },
{ "trainer": "ch0025_00_suzuna", "monster": "pm0460_01_yukinooh", "unk3": 2, "unk4": -50, "unk5": 0, "unk6": -78, "unk7": 0, "number": "50", "empty": "" },
{ "trainer": "ch0026_00_akane", "monster": "pm0241_00_miltank", "unk3": 0, "unk4": -50, "unk5": 0, "unk6": -70, "unk7": 0, "number": "50", "empty": "" },
{ "trainer": "ch0027_00_natane", "monster": "pm0407_01_roserade", "unk3": 0, "unk4": -50, "unk5": 0, "unk6": -50, "unk7": 0, "number": "50", "empty": "" },
{ "trainer": "ch0027_00_natane", "monster": "pm0407_01_roserade", "unk3": 1, "unk4": -20, "unk5": 0, "unk6": 0, "unk7": -80, "number": "16061", "empty": "" },
{ "trainer": "ch0027_00_natane", "monster": "pm0407_01_roserade", "unk3": 2, "unk4": -85, "unk5": 0, "unk6": 0, "unk7": 0, "number": "50", "empty": "" },
{ "trainer": "ch0028_00_ibuki", "monster": "pm0230_00_kingdra", "unk3": 0, "unk4": -50, "unk5": 0, "unk6": -80, "unk7": 0, "number": "50", "empty": "" },
{ "trainer": "ch0029_00_asuna", "monster": "pm0324_00_cotoise", "unk3": 0, "unk4": -60, "unk5": 0, "unk6": -60, "unk7": 0, "number": "50", "empty": "" },
{ "trainer": "ch0030_00_ran", "monster": "pm0337_00_lunatone", "unk3": 0, "unk4": -50, "unk5": 0, "unk6": -50, "unk7": 0, "number": "50", "empty": "" },
{ "trainer": "ch0031_00_fuu", "monster": "pm0338_00_solrock", "unk3": 0, "unk4": -50, "unk5": 0, "unk6": -50, "unk7": 0, "number": "50", "empty": "" },
{ "trainer": "ch0032_00_yanagi", "monster": "pm0086_00_pawou", "unk3": 0, "unk4": -50, "unk5": 0, "unk6": -50, "unk7": 0, "number": "50", "empty": "" },
{ "trainer": "ch0032_00_yanagi", "monster": "pm0087_00_jugon", "unk3": 0, "unk4": -50, "unk5": 0, "unk6": -90, "unk7": 0, "number": "50", "empty": "" },
{ "trainer": "ch0033_00_yakon", "monster": "pm0536_00_gamagaru", "unk3": 0, "unk4": -80, "unk5": 0, "unk6": -50, "unk7": 0, "number": "50", "empty": "" },
{ "trainer": "ch0033_00_yakon", "monster": "pm0537_00_gamageroge", "unk3": 0, "unk4": -80, "unk5": 0, "unk6": -80, "unk7": 0, "number": "50", "empty": "" },
{ "trainer": "ch0034_00_matsurika", "monster": "pm0210_00_granbulu", "unk3": 0, "unk4": -70, "unk5": 0, "unk6": -80, "unk7": 0, "number": "50", "empty": "" },
{ "trainer": "ch0034_00_matsurika", "monster": "pm0210_00_granbulu", "unk3": 1, "unk4": -20, "unk5": 0, "unk6": -80, "unk7": -45, "number": "16061", "empty": "" },
{ "trainer": "ch0034_00_matsurika", "monster": "pm0210_00_granbulu", "unk3": 2, "unk4": -110, "unk5": 0, "unk6": 0, "unk7": -220, "number": "50", "empty": "" },
{ "trainer": "ch0035_00_matthies", "monster": "pm0100_00_biriridama", "unk3": 0, "unk4": -60, "unk5": 0, "unk6": -50, "unk7": 0, "number": "50", "empty": "" },
{ "trainer": "ch0035_00_matthies", "monster": "pm0101_00_marumine", "unk3": 0, "unk4": -70, "unk5": 0, "unk6": -120, "unk7": 0, "number": "50", "empty": "" },
{ "trainer": "ch0036_00_mamane", "monster": "pm0858_00_nijichu", "unk3": 0, "unk4": -50, "unk5": 0, "unk6": -50, "unk7": 0, "number": "50", "empty": "" },
{ "trainer": "ch0037_00_fukuji", "monster": "pm0070_00_utsudon", "unk3": 0, "unk4": -50, "unk5": 0, "unk6": -80, "unk7": 0, "number": "50", "empty": "" },
{ "trainer": "ch0037_00_fukuji", "monster": "pm0071_00_utsubot", "unk3": 0, "unk4": -50, "unk5": 0, "unk6": -100, "unk7": 0, "number": "50", "empty": "" },
{ "trainer": "ch0038_00_hyouta", "monster": "pm0408_00_zugaidos", "unk3": 0, "unk4": -60, "unk5": 0, "unk6": -60, "unk7": 0, "number": "50", "empty": "" },
{ "trainer": "ch0038_00_hyouta", "monster": "pm0409_00_rampald", "unk3": 0, "unk4": -70, "unk5": 0, "unk6": -80, "unk7": 0, "number": "50", "empty": "" },
{ "trainer": "ch0039_00_viola", "monster": "pm0283_00_ametama", "unk3": 0, "unk4": -60, "unk5": 0, "unk6": -50, "unk7": 0, "number": "50", "empty": "" },
{ "trainer": "ch0039_00_viola", "monster": "pm0284_00_amemoth", "unk3": 0, "unk4": -60, "unk5": 0, "unk6": -50, "unk7": 0, "number": "50", "empty": "" },
{ "trainer": "ch0040_00_hachiku", "monster": "pm0615_00_freegeo", "unk3": 0, "unk4": -70, "unk5": 0, "unk6": -50, "unk7": 0, "number": "50", "empty": "" },
{ "trainer": "ch0041_00_nejiki", "monster": "pm0437_00_dohtakun", "unk3": 0, "unk4": -50, "unk5": 0, "unk6": -60, "unk7": 0, "number": "50", "empty": "" },
{ "trainer": "ch0042_00_nagi", "monster": "pm0279_00_pelipper", "unk3": 0, "unk4": -70, "unk5": 0, "unk6": -100, "unk7": 0, "number": "50", "empty": "" },
{ "trainer": "ch0043_00_toki", "monster": "pm0296_00_makunoshita", "unk3": 0, "unk4": -50, "unk5": 0, "unk6": -50, "unk7": 0, "number": "50", "empty": "" },
{ "trainer": "ch0043_00_toki", "monster": "pm0297_00_hariteyama", "unk3": 0, "unk4": -50, "unk5": 0, "unk6": -220, "unk7": 0, "number": "50", "empty": "" },
{ "trainer": "ch0044_00_tsutsuji", "monster": "pm0299_00_nosepass", "unk3": 0, "unk4": -50, "unk5": 0, "unk6": -60, "unk7": 0, "number": "50", "empty": "" },
{ "trainer": "ch0044_00_tsutsuji", "monster": "pm0476_00_dainose", "unk3": 0, "unk4": -70, "unk5": 0, "unk6": -80, "unk7": 0, "number": "50", "empty": "" },
{ "trainer": "ch0045_00_tsukushi", "monster": "pm0015_00_spear", "unk3": 0, "unk4": 50, "unk5": 0, "unk6": -120, "unk7": 0, "number": "50", "empty": "" },
{ "trainer": "ch0046_00_datsura", "monster": "pm0127_00_kailios", "unk3": 0, "unk4": -70, "unk5": 0, "unk6": -70, "unk7": 0, "number": "50", "empty": "" },
{ "trainer": "ch0047_00_itsuki", "monster": "pm0178_01_natio", "unk3": 0, "unk4": -50, "unk5": 50, "unk6": -90, "unk7": 0, "number": "50", "empty": "" },
{ "trainer": "ch0047_00_itsuki", "monster": "pm0178_01_natio", "unk3": 1, "unk4": -20, "unk5": 0, "unk6": 0, "unk7": -70, "number": "16061", "empty": "" },
{ "trainer": "ch0047_00_itsuki", "monster": "pm0178_01_natio", "unk3": 2, "unk4": -130, "unk5": 0, "unk6": 0, "unk7": 120, "number": "26201", "empty": "" },
{ "trainer": "ch0049_00_fuyo", "monster": "pm0356_00_samayouru", "unk3": 0, "unk4": -80, "unk5": 0, "unk6": -130, "unk7": 0, "number": "50", "empty": "" },
{ "trainer": "ch0049_00_fuyo", "monster": "pm0477_00_yonoir", "unk3": 0, "unk4": -60, "unk5": 0, "unk6": -150, "unk7": 0, "number": "50", "empty": "" },
{ "trainer": "ch0049_00_fuyo", "monster": "pm0477_00_yonoir", "unk3": 1, "unk4": 0, "unk5": 0, "unk6": 0, "unk7": -140, "number": "16061", "empty": "" },
{ "trainer": "ch0049_00_fuyo", "monster": "pm0477_00_yonoir", "unk3": 2, "unk4": -90, "unk5": 0, "unk6": -100, "unk7": 40, "number": "26201", "empty": "" },
{ "trainer": "ch0050_00_sumomo", "monster": "pm0307_01_asanan", "unk3": 0, "unk4": -50, "unk5": 0, "unk6": -50, "unk7": 0, "number": "50", "empty": "" },
{ "trainer": "ch0050_00_sumomo", "monster": "pm0308_01_charem", "unk3": 0, "unk4": -50, "unk5": 0, "unk6": -50, "unk7": 0, "number": "50", "empty": "" },
{ "trainer": "ch0051_00_litchi", "monster": "pm0829_12_okami2night", "unk3": 0, "unk4": -50, "unk5": 0, "unk6": -70, "unk7": 0, "number": "50", "empty": "" },
{ "trainer": "ch0051_00_litchi", "monster": "pm0829_12_okami2night", "unk3": 1, "unk4": -10, "unk5": 0, "unk6": 0, "unk7": -90, "number": "16061", "empty": "" },
{ "trainer": "ch0051_00_litchi", "monster": "pm0829_12_okami2night", "unk3": 2, "unk4": -120, "unk5": 0, "unk6": -60, "unk7": 70, "number": "50", "empty": "" },
{ "trainer": "ch0052_00_shizui", "monster": "pm0565_00_abagoura", "unk3": 0, "unk4": -70, "unk5": 0, "unk6": -60, "unk7": 0, "number": "50", "empty": "" },
{ "trainer": "ch0053_00_zakuro", "monster": "pm0739_00_aurora1", "unk3": 0, "unk4": -60, "unk5": 0, "unk6": -70, "unk7": 0, "number": "50", "empty": "" },
{ "trainer": "ch0053_00_zakuro", "monster": "pm0740_00_aurora2", "unk3": 0, "unk4": -70, "unk5": 0, "unk6": -130, "unk7": 0, "number": "50", "empty": "" },
{ "trainer": "ch0054_00_kyo", "monster": "pm0169_00_crobat", "unk3": 0, "unk4": -50, "unk5": 0, "unk6": -160, "unk7": 0, "number": "50", "empty": "" },
{ "trainer": "ch0055_00_gampi", "monster": "pm0746_11_sword3", "unk3": 0, "unk4": -70, "unk5": 0, "unk6": -50, "unk7": 0, "number": "50", "empty": "" },
{ "trainer": "ch0055_00_gampi", "monster": "pm0746_11_sword3", "unk3": 1, "unk4": -20, "unk5": 0, "unk6": 50, "unk7": -100, "number": "16061", "empty": "" },
{ "trainer": "ch0055_00_gampi", "monster": "pm0746_11_sword3", "unk3": 2, "unk4": -110, "unk5": 0, "unk6": 0, "unk7": 70, "number": "50", "empty": "" },
{ "trainer": "ch0056_00_kuchinashi", "monster": "pm0053_61_apersian", "unk3": 0, "unk4": -70, "unk5": 0, "unk6": -80, "unk7": 0, "number": "50", "empty": "" },
{ "trainer": "ch0056_00_kuchinashi", "monster": "pm0053_61_apersian", "unk3": 1, "unk4": 0, "unk5": 0, "unk6": 0, "unk7": -90, "number": "16061", "empty": "" },
{ "trainer": "ch0056_00_kuchinashi", "monster": "pm0053_61_apersian", "unk3": 2, "unk4": -170, "unk5": 0, "unk6": 0, "unk7": 90, "number": "26202", "empty": "" },
{ "trainer": "ch0057_00_shiba", "monster": "pm0068_00_kairiky", "unk3": 0, "unk4": -70, "unk5": 0, "unk6": -155, "unk7": 0, "number": "50", "empty": "" },
{ "trainer": "ch0057_00_shiba", "monster": "pm0068_00_kairiky", "unk3": 1, "unk4": -30, "unk5": 0, "unk6": 0, "unk7": -155, "number": "16061", "empty": "" },
{ "trainer": "ch0057_00_shiba", "monster": "pm0068_00_kairiky", "unk3": 2, "unk4": -95, "unk5": 0, "unk6": -155, "unk7": 0, "number": "50", "empty": "" },
{ "trainer": "ch0058_00_kahiri", "monster": "pm0809_00_kuchibashi3", "unk3": 0, "unk4": -50, "unk5": 0, "unk6": -100, "unk7": 0, "number": "50", "empty": "" },
{ "trainer": "ch0058_00_kahiri", "monster": "pm0809_00_kuchibashi3", "unk3": 1, "unk4": -20, "unk5": 0, "unk6": 104, "unk7": -140, "number": "16061", "empty": "" },
{ "trainer": "ch0058_00_kahiri", "monster": "pm0809_00_kuchibashi3", "unk3": 2, "unk4": -110, "unk5": 0, "unk6": 0, "unk7": 0, "number": "50", "empty": "" },
{ "trainer": "ch0059_00_katsura", "monster": "pm0077_00_ponyta", "unk3": 0, "unk4": -50, "unk5": 0, "unk6": -50, "unk7": 0, "number": "50", "empty": "" },
{ "trainer": "ch0059_00_katsura", "monster": "pm0078_00_gallop", "unk3": 0, "unk4": -70, "unk5": 0, "unk6": -80, "unk7": 0, "number": "50", "empty": "" },
{ "trainer": "ch0060_00_anzu", "monster": "pm0168_00_ariados", "unk3": 0, "unk4": -60, "unk5": 0, "unk6": -60, "unk7": 0, "number": "50", "empty": "" },
{ "trainer": "ch0061_00_kikuko", "monster": "pm0094_00_gangar", "unk3": 0, "unk4": -70, "unk5": 0, "unk6": -80, "unk7": 0, "number": "50", "empty": "" },
{ "trainer": "ch0061_00_kikuko", "monster": "pm0094_00_gangar", "unk3": 1, "unk4": -20, "unk5": 0, "unk6": 60, "unk7": -160, "number": "16061", "empty": "" },
{ "trainer": "ch0061_00_kikuko", "monster": "pm0094_00_gangar", "unk3": 2, "unk4": -90, "unk5": 0, "unk6": -60, "unk7": 20, "number": "50", "empty": "" },
{ "trainer": "ch0062_00_karin", "monster": "pm0229_01_hellgar", "unk3": 0, "unk4": -60, "unk5": 0, "unk6": -80, "unk7": 0, "number": "50", "empty": "" },
{ "trainer": "ch0062_00_karin", "monster": "pm0229_01_hellgar", "unk3": 1, "unk4": 0, "unk5": 0, "unk6": 0, "unk7": -60, "number": "16061", "empty": "" },
{ "trainer": "ch0062_00_karin", "monster": "pm0229_01_hellgar", "unk3": 2, "unk4": -155, "unk5": 0, "unk6": 0, "unk7": 130, "number": "50", "empty": "" },
{ "trainer": "ch0063_00_renbu", "monster": "pm0534_00_roubushin", "unk3": 0, "unk4": -70, "unk5": 0, "unk6": -150, "unk7": 0, "number": "50", "empty": "" },
{ "trainer": "ch0063_00_renbu", "monster": "pm0534_00_roubushin", "unk3": 1, "unk4": -10, "unk5": 0, "unk6": 0, "unk7": -140, "number": "16061", "empty": "" },
{ "trainer": "ch0063_00_renbu", "monster": "pm0534_00_roubushin", "unk3": 2, "unk4": -100, "unk5": 0, "unk6": -186, "unk7": 20, "number": "50", "empty": "" },
{ "trainer": "ch0064_00_rival", "monster": "pm0828_00_okami1", "unk3": 0, "unk4": -50, "unk5": 0, "unk6": -50, "unk7": 0, "number": "50", "empty": "" },
{ "trainer": "ch0066_00_boss", "monster": "pm0553_00_waruvial", "unk3": 0, "unk4": -60, "unk5": 0, "unk6": -90, "unk7": 0, "number": "50", "empty": "" },
{ "trainer": "ch0067_00_leader1", "monster": "pm0197_00_blacky", "unk3": 0, "unk4": -50, "unk5": 0, "unk6": -50, "unk7": 0, "number": "50", "empty": "" },
{ "trainer": "ch0068_00_leader2", "monster": "pm0430_00_dongkarasu", "unk3": 0, "unk4": -70, "unk5": 20, "unk6": -100, "unk7": 0, "number": "50", "empty": "" },
{ "trainer": "ch0091_00_shirona", "monster": "pm0445_01_gaburias", "unk3": 0, "unk4": -70, "unk5": 0, "unk6": -125, "unk7": 0, "number": "50", "empty": "" },
{ "trainer": "ch0091_00_shirona", "monster": "pm0445_01_gaburias", "unk3": 1, "unk4": -130, "unk5": 0, "unk6": -60, "unk7": -5, "number": "16061", "empty": "" },
{ "trainer": "ch0091_00_shirona", "monster": "pm0445_01_gaburias", "unk3": 2, "unk4": -50, "unk5": 0, "unk6": 0, "unk7": 0, "number": "50", "empty": "" },
{ "trainer": "ch0092_00_iris", "monster": "pm0612_00_ononokus", "unk3": 0, "unk4": -60, "unk5": 0, "unk6": -120, "unk7": 0, "number": "50", "empty": "" },
{ "trainer": "ch0094_00_genji", "monster": "pm0373_00_bohmander", "unk3": 0, "unk4": -80, "unk5": 0, "unk6": -180, "unk7": 0, "number": "50", "empty": "" },
{ "trainer": "ch0096_00_zumi", "monster": "pm0757_00_shrimp2", "unk3": 0, "unk4": -50, "unk5": 0, "unk6": -50, "unk7": 0, "number": "50", "empty": "" },
{ "trainer": "ch0097_00_mai", "monster": "pm0059_00_windie", "unk3": 0, "unk4": -60, "unk5": 0, "unk6": -100, "unk7": 0, "number": "50", "empty": "" },
{ "trainer": "ch0098_00_hau", "monster": "pm0026_61_araichu", "unk3": 0, "unk4": -50, "unk5": 0, "unk6": -50, "unk7": 0, "number": "50", "empty": "" },
{ "trainer": "ch0098_00_hau", "monster": "pm0026_61_araichu", "unk3": 1, "unk4": -100, "unk5": 0, "unk6": 20, "unk7": 100, "number": "16061", "empty": "" },
{ "trainer": "ch0098_00_hau", "monster": "pm0026_61_araichu", "unk3": 2, "unk4": 20, "unk5": 0, "unk6": 0, "unk7": -30, "number": "26140", "empty": "" },
{ "trainer": "ch0099_00_jun", "monster": "pm0393_00_pochama", "unk3": 0, "unk4": -50, "unk5": 0, "unk6": -50, "unk7": 0, "number": "50", "empty": "" },
{ "trainer": "ch0099_00_jun", "monster": "pm0394_00_pottaishi", "unk3": 0, "unk4": -50, "unk5": 0, "unk6": -50, "unk7": 0, "number": "50", "empty": "" },
{ "trainer": "ch0099_00_jun", "monster": "pm0395_00_emperte", "unk3": 0, "unk4": -60, "unk5": 0, "unk6": -70, "unk7": 0, "number": "50", "empty": "" },
{ "trainer": "ch0101_00_mei", "monster": "pm0495_00_tsutarja", "unk3": 0, "unk4": -50, "unk5": 0, "unk6": -50, "unk7": 0, "number": "50", "empty": "" },
{ "trainer": "ch0101_00_mei", "monster": "pm0496_00_janovy", "unk3": 0, "unk4": -50, "unk5": 0, "unk6": -50, "unk7": 0, "number": "50", "empty": "" },
{ "trainer": "ch0101_00_mei", "monster": "pm0497_00_jalorda", "unk3": 0, "unk4": 40, "unk5": 0, "unk6": -120, "unk7": 0, "number": "50", "empty": "" },
{ "trainer": "ch0101_00_mei", "monster": "pm0497_00_jalorda", "unk3": 1, "unk4": -84, "unk5": 0, "unk6": 62, "unk7": 35, "number": "16061", "empty": "" },
{ "trainer": "ch0101_00_mei", "monster": "pm0497_00_jalorda", "unk3": 2, "unk4": -52, "unk5": 0, "unk6": 0, "unk7": 0, "number": "50", "empty": "" },
{ "trainer": "ch0110_01_kasumi", "monster": "pm0121_00_starmie", "unk3": 0, "unk4": -50, "unk5": 0, "unk6": -50, "unk7": 0, "number": "50", "empty": "" },
]}
