{ "entries": [
{ "itemId": "10002000000", "itemType": 1 },
{ "itemId": "10005000000", "itemType": 1 },
{ "itemId": "10006000000", "itemType": 1 },
{ "itemId": "10007000000", "itemType": 1 },
{ "itemId": "10008000000", "itemType": 1 },
{ "itemId": "10009000000", "itemType": 1 },
{ "itemId": "10010000000", "itemType": 1 },
{ "itemId": "10011000000", "itemType": 1 },
{ "itemId": "10012000000", "itemType": 1 },
{ "itemId": "10013000000", "itemType": 1 },
{ "itemId": "10014010000", "itemType": 1 },
{ "itemId": "10015000000", "itemType": 1 },
{ "itemId": "10015010000", "itemType": 1 },
{ "itemId": "10016000000", "itemType": 1 },
{ "itemId": "10018000000", "itemType": 1 },
{ "itemId": "10019000000", "itemType": 1 },
{ "itemId": "10020000000", "itemType": 1 },
{ "itemId": "10021000000", "itemType": 1 },
{ "itemId": "10022000000", "itemType": 1 },
{ "itemId": "10023000000", "itemType": 1 },
{ "itemId": "10024000000", "itemType": 1 },
{ "itemId": "10025000000", "itemType": 1 },
{ "itemId": "10026000000", "itemType": 1 },
{ "itemId": "10027000000", "itemType": 1 },
{ "itemId": "10028000000", "itemType": 1 },
{ "itemId": "10029000000", "itemType": 1 },
{ "itemId": "10030000000", "itemType": 1 },
{ "itemId": "10031000000", "itemType": 1 },
{ "itemId": "10032000000", "itemType": 1 },
{ "itemId": "10033000000", "itemType": 1 },
{ "itemId": "10034000000", "itemType": 1 },
{ "itemId": "10035000000", "itemType": 1 },
{ "itemId": "10036000000", "itemType": 1 },
{ "itemId": "10037000000", "itemType": 1 },
{ "itemId": "10038000000", "itemType": 1 },
{ "itemId": "10039000000", "itemType": 1 },
{ "itemId": "10040000000", "itemType": 1 },
{ "itemId": "10041000000", "itemType": 1 },
{ "itemId": "10042000000", "itemType": 1 },
{ "itemId": "10043000000", "itemType": 1 },
{ "itemId": "10044000000", "itemType": 1 },
{ "itemId": "10045000000", "itemType": 1 },
{ "itemId": "10046000000", "itemType": 1 },
{ "itemId": "10047000000", "itemType": 1 },
{ "itemId": "10049000000", "itemType": 1 },
{ "itemId": "10050000000", "itemType": 1 },
{ "itemId": "10051000000", "itemType": 1 },
{ "itemId": "10052000000", "itemType": 1 },
{ "itemId": "10053000000", "itemType": 1 },
{ "itemId": "10054000000", "itemType": 1 },
{ "itemId": "10055000000", "itemType": 1 },
{ "itemId": "10056000000", "itemType": 1 },
{ "itemId": "10057000000", "itemType": 1 },
{ "itemId": "10058000000", "itemType": 1 },
{ "itemId": "10059000000", "itemType": 1 },
{ "itemId": "10060000000", "itemType": 1 },
{ "itemId": "10061000000", "itemType": 1 },
{ "itemId": "10062000000", "itemType": 1 },
{ "itemId": "10063000000", "itemType": 1 },
{ "itemId": "10092000000", "itemType": 1 },
{ "itemId": "10094000000", "itemType": 1 },
{ "itemId": "10096000000", "itemType": 1 },
{ "itemId": "10097000000", "itemType": 1 },
{ "itemId": "10098000000", "itemType": 1 },
{ "itemId": "10099000000", "itemType": 1 },
{ "itemId": "10101000000", "itemType": 1 },
{ "itemId": "10110000000", "itemType": 1 },
{ "itemId": "18000000000", "itemType": 1 },
{ "itemId": "40000000001", "itemType": 4 },
{ "itemId": "50000000001", "itemType": 5 },
{ "itemId": "60000000001", "itemType": 6 },
{ "itemId": "410000000001", "itemType": 41 },
{ "itemId": "450000000100", "itemType": 45 },
{ "itemId": "450000000200", "itemType": 45 },
{ "itemId": "510000001101", "itemType": 51 },
{ "itemId": "510000001102", "itemType": 51 },
{ "itemId": "510000001103", "itemType": 51 },
{ "itemId": "510000001201", "itemType": 51 },
{ "itemId": "510000001202", "itemType": 51 },
{ "itemId": "510000001203", "itemType": 51 },
{ "itemId": "510000001301", "itemType": 51 },
{ "itemId": "510000001302", "itemType": 51 },
{ "itemId": "510000001303", "itemType": 51 },
{ "itemId": "510000002101", "itemType": 51 },
{ "itemId": "510000002102", "itemType": 51 },
{ "itemId": "510000002103", "itemType": 51 },
{ "itemId": "510000003101", "itemType": 51 },
{ "itemId": "510000003102", "itemType": 51 },
{ "itemId": "510000003201", "itemType": 51 },
{ "itemId": "510000003202", "itemType": 51 },
{ "itemId": "510000003301", "itemType": 51 },
{ "itemId": "510000003302", "itemType": 51 },
{ "itemId": "510000004201", "itemType": 51 },
{ "itemId": "510000004202", "itemType": 51 },
{ "itemId": "510000004301", "itemType": 51 },
{ "itemId": "510000004302", "itemType": 51 },
{ "itemId": "520000000001", "itemType": 52 },
{ "itemId": "520000000002", "itemType": 52 },
{ "itemId": "520000000003", "itemType": 52 },
{ "itemId": "530000000001", "itemType": 53 },
{ "itemId": "550000000003", "itemType": 55 },
{ "itemId": "550000000004", "itemType": 55 },
{ "itemId": "550000000005", "itemType": 55 },
{ "itemId": "610002000001", "itemType": 61 },
{ "itemId": "610002000002", "itemType": 61 },
{ "itemId": "610003000001", "itemType": 61 },
{ "itemId": "610004000001", "itemType": 61 },
{ "itemId": "610004000002", "itemType": 61 },
{ "itemId": "610011000001", "itemType": 61 },
{ "itemId": "610018000001", "itemType": 61 },
{ "itemId": "610018000002", "itemType": 61 },
{ "itemId": "610019000001", "itemType": 61 },
{ "itemId": "610019000002", "itemType": 61 },
{ "itemId": "610020000001", "itemType": 61 },
{ "itemId": "610020000002", "itemType": 61 },
{ "itemId": "610032000001", "itemType": 61 },
{ "itemId": "610033000001", "itemType": 61 },
{ "itemId": "610035000001", "itemType": 61 },
{ "itemId": "610037000001", "itemType": 61 },
{ "itemId": "610038000001", "itemType": 61 },
{ "itemId": "610039000001", "itemType": 61 },
{ "itemId": "610043000001", "itemType": 61 },
{ "itemId": "610044000001", "itemType": 61 },
{ "itemId": "610049000001", "itemType": 61 },
{ "itemId": "610050000001", "itemType": 61 },
{ "itemId": "610053000001", "itemType": 61 },
{ "itemId": "610059000001", "itemType": 61 },
{ "itemId": "610099000001", "itemType": 61 },
{ "itemId": "610099000002", "itemType": 61 },
{ "itemId": "610101000001", "itemType": 61 },
{ "itemId": "610101000002", "itemType": 61 },
{ "itemId": "618000000011", "itemType": 61 },
{ "itemId": "618000000012", "itemType": 61 },
{ "itemId": "618000000021", "itemType": 61 },
{ "itemId": "618000000022", "itemType": 61 },
{ "itemId": "618000000031", "itemType": 61 },
{ "itemId": "618000000041", "itemType": 61 },
{ "itemId": "618000000042", "itemType": 61 },
{ "itemId": "618000000051", "itemType": 61 },
{ "itemId": "618000000061", "itemType": 61 },
{ "itemId": "618000000062", "itemType": 61 },
{ "itemId": "618000000071", "itemType": 61 },
{ "itemId": "618000000072", "itemType": 61 },
{ "itemId": "618000000081", "itemType": 61 },
{ "itemId": "618000000082", "itemType": 61 },
{ "itemId": "618000000091", "itemType": 61 },
{ "itemId": "618000000092", "itemType": 61 },
{ "itemId": "618000000101", "itemType": 61 },
{ "itemId": "650000000001", "itemType": 65 },
{ "itemId": "660000000001", "itemType": 66 },
{ "itemId": "660000000002", "itemType": 66 },
{ "itemId": "670000000001", "itemType": 67 },
{ "itemId": "720000000100", "itemType": 72 },
{ "itemId": "720000000200", "itemType": 72 },
{ "itemId": "720000000300", "itemType": 72 },
{ "itemId": "730000000010", "itemType": 73 },
{ "itemId": "730000000020", "itemType": 73 },
{ "itemId": "730000000030", "itemType": 73 },
{ "itemId": "730000000040", "itemType": 73 },
{ "itemId": "730000000050", "itemType": 73 },
{ "itemId": "750000000002", "itemType": 75 },
{ "itemId": "750000000003", "itemType": 75 },
{ "itemId": "750000000004", "itemType": 75 },
{ "itemId": "750000000005", "itemType": 75 },
{ "itemId": "810001010201", "itemType": 81 },
{ "itemId": "810001010202", "itemType": 81 },
{ "itemId": "810001010203", "itemType": 81 },
{ "itemId": "810001010204", "itemType": 81 },
{ "itemId": "810001010205", "itemType": 81 },
{ "itemId": "810001010206", "itemType": 81 },
{ "itemId": "810001010207", "itemType": 81 },
{ "itemId": "810001010208", "itemType": 81 },
{ "itemId": "810001010209", "itemType": 81 },
{ "itemId": "810001010210", "itemType": 81 },
{ "itemId": "810001010211", "itemType": 81 },
{ "itemId": "810001010212", "itemType": 81 },
{ "itemId": "810001010213", "itemType": 81 },
{ "itemId": "810001010214", "itemType": 81 },
{ "itemId": "810001010215", "itemType": 81 },
{ "itemId": "810001010216", "itemType": 81 },
{ "itemId": "810001010217", "itemType": 81 },
{ "itemId": "810001010218", "itemType": 81 },
{ "itemId": "810001020101", "itemType": 81 },
{ "itemId": "810001020102", "itemType": 81 },
{ "itemId": "810001020103", "itemType": 81 },
{ "itemId": "810001020104", "itemType": 81 },
{ "itemId": "810001020105", "itemType": 81 },
{ "itemId": "810001020106", "itemType": 81 },
{ "itemId": "810001020107", "itemType": 81 },
{ "itemId": "810001020108", "itemType": 81 },
{ "itemId": "810001020109", "itemType": 81 },
{ "itemId": "810001020110", "itemType": 81 },
{ "itemId": "810001020111", "itemType": 81 },
{ "itemId": "810001020112", "itemType": 81 },
{ "itemId": "810001020113", "itemType": 81 },
{ "itemId": "810001020114", "itemType": 81 },
{ "itemId": "810001020115", "itemType": 81 },
{ "itemId": "810001020116", "itemType": 81 },
{ "itemId": "810001020117", "itemType": 81 },
{ "itemId": "810001020118", "itemType": 81 },
{ "itemId": "810001030301", "itemType": 81 },
{ "itemId": "810001030302", "itemType": 81 },
{ "itemId": "810001030303", "itemType": 81 },
{ "itemId": "810001030304", "itemType": 81 },
{ "itemId": "810001030305", "itemType": 81 },
{ "itemId": "810001030306", "itemType": 81 },
{ "itemId": "810001030307", "itemType": 81 },
{ "itemId": "810001030308", "itemType": 81 },
{ "itemId": "810001030309", "itemType": 81 },
{ "itemId": "810001030310", "itemType": 81 },
{ "itemId": "810001030311", "itemType": 81 },
{ "itemId": "810001030312", "itemType": 81 },
{ "itemId": "810001030313", "itemType": 81 },
{ "itemId": "810001030314", "itemType": 81 },
{ "itemId": "810001030315", "itemType": 81 },
{ "itemId": "810001030316", "itemType": 81 },
{ "itemId": "810001030317", "itemType": 81 },
{ "itemId": "810001030318", "itemType": 81 },
{ "itemId": "810002010201", "itemType": 81 },
{ "itemId": "810002010202", "itemType": 81 },
{ "itemId": "810002010203", "itemType": 81 },
{ "itemId": "810002010204", "itemType": 81 },
{ "itemId": "810002010205", "itemType": 81 },
{ "itemId": "810002010206", "itemType": 81 },
{ "itemId": "810002010207", "itemType": 81 },
{ "itemId": "810002010208", "itemType": 81 },
{ "itemId": "810002010209", "itemType": 81 },
{ "itemId": "810002010210", "itemType": 81 },
{ "itemId": "810002010211", "itemType": 81 },
{ "itemId": "810002010212", "itemType": 81 },
{ "itemId": "810002010213", "itemType": 81 },
{ "itemId": "810002010214", "itemType": 81 },
{ "itemId": "810002010215", "itemType": 81 },
{ "itemId": "810002010216", "itemType": 81 },
{ "itemId": "810002010217", "itemType": 81 },
{ "itemId": "810002010218", "itemType": 81 },
{ "itemId": "810002020101", "itemType": 81 },
{ "itemId": "810002020102", "itemType": 81 },
{ "itemId": "810002020103", "itemType": 81 },
{ "itemId": "810002020104", "itemType": 81 },
{ "itemId": "810002020105", "itemType": 81 },
{ "itemId": "810002020106", "itemType": 81 },
{ "itemId": "810002020107", "itemType": 81 },
{ "itemId": "810002020108", "itemType": 81 },
{ "itemId": "810002020109", "itemType": 81 },
{ "itemId": "810002020110", "itemType": 81 },
{ "itemId": "810002020111", "itemType": 81 },
{ "itemId": "810002020112", "itemType": 81 },
{ "itemId": "810002020113", "itemType": 81 },
{ "itemId": "810002020114", "itemType": 81 },
{ "itemId": "810002020115", "itemType": 81 },
{ "itemId": "810002020116", "itemType": 81 },
{ "itemId": "810002020117", "itemType": 81 },
{ "itemId": "810002020118", "itemType": 81 },
{ "itemId": "810002030301", "itemType": 81 },
{ "itemId": "810002030302", "itemType": 81 },
{ "itemId": "810002030303", "itemType": 81 },
{ "itemId": "810002030304", "itemType": 81 },
{ "itemId": "810002030305", "itemType": 81 },
{ "itemId": "810002030306", "itemType": 81 },
{ "itemId": "810002030307", "itemType": 81 },
{ "itemId": "810002030308", "itemType": 81 },
{ "itemId": "810002030309", "itemType": 81 },
{ "itemId": "810002030310", "itemType": 81 },
{ "itemId": "810002030311", "itemType": 81 },
{ "itemId": "810002030312", "itemType": 81 },
{ "itemId": "810002030313", "itemType": 81 },
{ "itemId": "810002030314", "itemType": 81 },
{ "itemId": "810002030315", "itemType": 81 },
{ "itemId": "810002030316", "itemType": 81 },
{ "itemId": "810002030317", "itemType": 81 },
{ "itemId": "810002030318", "itemType": 81 },
{ "itemId": "820000000001", "itemType": 82 },
{ "itemId": "820000000002", "itemType": 82 },
{ "itemId": "820000000003", "itemType": 82 },
{ "itemId": "820000000004", "itemType": 82 },
{ "itemId": "820000000005", "itemType": 82 },
{ "itemId": "820000000006", "itemType": 82 },
{ "itemId": "820000000007", "itemType": 82 },
{ "itemId": "820000000008", "itemType": 82 },
{ "itemId": "820000000009", "itemType": 82 },
{ "itemId": "820000000010", "itemType": 82 },
{ "itemId": "820000000011", "itemType": 82 },
{ "itemId": "820000000012", "itemType": 82 },
{ "itemId": "820000000013", "itemType": 82 },
{ "itemId": "820000000014", "itemType": 82 },
{ "itemId": "820000000015", "itemType": 82 },
{ "itemId": "820000000016", "itemType": 82 },
{ "itemId": "820000000017", "itemType": 82 },
{ "itemId": "820000000018", "itemType": 82 },
{ "itemId": "820000000101", "itemType": 82 },
{ "itemId": "820000000102", "itemType": 82 },
{ "itemId": "820000000103", "itemType": 82 },
{ "itemId": "820000000104", "itemType": 82 },
{ "itemId": "820000000105", "itemType": 82 },
{ "itemId": "820000000106", "itemType": 82 },
{ "itemId": "820000000107", "itemType": 82 },
{ "itemId": "820000000108", "itemType": 82 },
{ "itemId": "820000000109", "itemType": 82 },
{ "itemId": "820000000110", "itemType": 82 },
{ "itemId": "820000000111", "itemType": 82 },
{ "itemId": "820000000112", "itemType": 82 },
{ "itemId": "820000000113", "itemType": 82 },
{ "itemId": "820000000114", "itemType": 82 },
{ "itemId": "820000000115", "itemType": 82 },
{ "itemId": "820000000116", "itemType": 82 },
{ "itemId": "820000000117", "itemType": 82 },
{ "itemId": "820000000118", "itemType": 82 },
{ "itemId": "820000000201", "itemType": 82 },
{ "itemId": "820000000202", "itemType": 82 },
{ "itemId": "820000000203", "itemType": 82 },
{ "itemId": "820000000204", "itemType": 82 },
{ "itemId": "820000000205", "itemType": 82 },
{ "itemId": "820000000206", "itemType": 82 },
{ "itemId": "910110000000", "itemType": 91 },
{ "itemId": "1030100000000100", "itemType": 3 },
{ "itemId": "1030100000010100", "itemType": 3 },
{ "itemId": "1030100000010200", "itemType": 3 },
{ "itemId": "1030100000010300", "itemType": 3 },
{ "itemId": "1030100000010400", "itemType": 3 },
{ "itemId": "1030100000010500", "itemType": 3 },
{ "itemId": "1030100000020100", "itemType": 3 },
{ "itemId": "1030100000020200", "itemType": 3 },
{ "itemId": "1030100000020300", "itemType": 3 },
{ "itemId": "1030100000020400", "itemType": 3 },
{ "itemId": "1030100000020500", "itemType": 3 },
{ "itemId": "1030100000020600", "itemType": 3 },
{ "itemId": "1030100000020700", "itemType": 3 },
{ "itemId": "1030100000020800", "itemType": 3 },
{ "itemId": "1030100000020900", "itemType": 3 },
{ "itemId": "1030100000021000", "itemType": 3 },
{ "itemId": "1030100000030100", "itemType": 3 },
{ "itemId": "1030100000030200", "itemType": 3 },
{ "itemId": "1030100000030300", "itemType": 3 },
{ "itemId": "1030100000030400", "itemType": 3 },
{ "itemId": "1030100000030700", "itemType": 3 },
{ "itemId": "1030100000030800", "itemType": 3 },
{ "itemId": "1030100000040100", "itemType": 3 },
{ "itemId": "1030100000040200", "itemType": 3 },
{ "itemId": "1030100000040300", "itemType": 3 },
{ "itemId": "1030100000040400", "itemType": 3 },
{ "itemId": "1030100000040500", "itemType": 3 },
{ "itemId": "1030100000040600", "itemType": 3 },
{ "itemId": "1030100000040700", "itemType": 3 },
{ "itemId": "1030100000040800", "itemType": 3 },
{ "itemId": "1030100000040900", "itemType": 3 },
{ "itemId": "1030100000050100", "itemType": 3 },
{ "itemId": "1030100000050200", "itemType": 3 },
{ "itemId": "1030100000050300", "itemType": 3 },
{ "itemId": "1030100000050400", "itemType": 3 },
{ "itemId": "1030100000050700", "itemType": 3 },
{ "itemId": "1030100000050800", "itemType": 3 },
{ "itemId": "1030100000050900", "itemType": 3 },
{ "itemId": "1030100000051000", "itemType": 3 },
{ "itemId": "1030100000060100", "itemType": 3 },
{ "itemId": "1030100000060200", "itemType": 3 },
{ "itemId": "1030100000060300", "itemType": 3 },
{ "itemId": "1030100000060400", "itemType": 3 },
{ "itemId": "1030100000060500", "itemType": 3 },
{ "itemId": "1030100000060600", "itemType": 3 },
{ "itemId": "1030100000060700", "itemType": 3 },
{ "itemId": "1030100000060800", "itemType": 3 },
{ "itemId": "1030100000060900", "itemType": 3 },
{ "itemId": "1030100000070100", "itemType": 3 },
{ "itemId": "1030100000070200", "itemType": 3 },
{ "itemId": "1030100000070300", "itemType": 3 },
{ "itemId": "1030100000070400", "itemType": 3 },
{ "itemId": "1030100000070500", "itemType": 3 },
{ "itemId": "1030100000070600", "itemType": 3 },
{ "itemId": "1030100000070700", "itemType": 3 },
{ "itemId": "1030100000070800", "itemType": 3 },
{ "itemId": "1030100000070900", "itemType": 3 },
{ "itemId": "1030100000071000", "itemType": 3 },
{ "itemId": "1030100000071100", "itemType": 3 },
{ "itemId": "1030100000071200", "itemType": 3 },
{ "itemId": "1030100000071300", "itemType": 3 },
{ "itemId": "1030100000080100", "itemType": 3 },
{ "itemId": "1030100000080200", "itemType": 3 },
{ "itemId": "1030100000080300", "itemType": 3 },
{ "itemId": "1030100000080400", "itemType": 3 },
{ "itemId": "1030100000080500", "itemType": 3 },
{ "itemId": "1030100000080600", "itemType": 3 },
{ "itemId": "1030100000080700", "itemType": 3 },
{ "itemId": "1030100000080800", "itemType": 3 },
{ "itemId": "1030100000080900", "itemType": 3 },
{ "itemId": "1030100000090100", "itemType": 3 },
{ "itemId": "1030100000090200", "itemType": 3 },
{ "itemId": "1030100000090300", "itemType": 3 },
{ "itemId": "1030100000090400", "itemType": 3 },
{ "itemId": "1030100000090500", "itemType": 3 },
{ "itemId": "1030100000090600", "itemType": 3 },
{ "itemId": "1030100000090700", "itemType": 3 },
{ "itemId": "1030100000090800", "itemType": 3 },
{ "itemId": "1030100000090900", "itemType": 3 },
{ "itemId": "1030100000091000", "itemType": 3 },
{ "itemId": "1030100000091100", "itemType": 3 },
{ "itemId": "1030100000091200", "itemType": 3 },
{ "itemId": "1030100000100100", "itemType": 3 },
{ "itemId": "1030100000100200", "itemType": 3 },
{ "itemId": "1030100000100300", "itemType": 3 },
{ "itemId": "1030100000100400", "itemType": 3 },
{ "itemId": "1030100000100500", "itemType": 3 },
{ "itemId": "1030100000100600", "itemType": 3 },
{ "itemId": "1030100000100700", "itemType": 3 },
{ "itemId": "1030100000100800", "itemType": 3 },
{ "itemId": "1030100000100900", "itemType": 3 },
{ "itemId": "1030100000101000", "itemType": 3 },
{ "itemId": "1030100000101100", "itemType": 3 },
{ "itemId": "1030100000101200", "itemType": 3 },
{ "itemId": "1030100000101300", "itemType": 3 },
{ "itemId": "1030100000105100", "itemType": 3 },
{ "itemId": "1030100000105200", "itemType": 3 },
{ "itemId": "1030100000105300", "itemType": 3 },
{ "itemId": "1030100000105400", "itemType": 3 },
{ "itemId": "1030100000110100", "itemType": 3 },
{ "itemId": "1030100000110200", "itemType": 3 },
{ "itemId": "1030100000110300", "itemType": 3 },
{ "itemId": "1030100000120100", "itemType": 3 },
{ "itemId": "1030100000120200", "itemType": 3 },
{ "itemId": "1030100000120300", "itemType": 3 },
{ "itemId": "1030100000130100", "itemType": 3 },
{ "itemId": "1030100000130200", "itemType": 3 },
{ "itemId": "1030100000130300", "itemType": 3 },
{ "itemId": "1030100000140100", "itemType": 3 },
{ "itemId": "1030100000140200", "itemType": 3 },
{ "itemId": "1030100000140300", "itemType": 3 },
{ "itemId": "1030100000150100", "itemType": 3 },
{ "itemId": "1030100000150200", "itemType": 3 },
{ "itemId": "1030100000150300", "itemType": 3 },
{ "itemId": "1030100000160100", "itemType": 3 },
{ "itemId": "1030100000160200", "itemType": 3 },
{ "itemId": "1030100000160300", "itemType": 3 },
{ "itemId": "1030100000170100", "itemType": 3 },
{ "itemId": "1030100000170200", "itemType": 3 },
{ "itemId": "1030100000170300", "itemType": 3 },
{ "itemId": "1030100000180100", "itemType": 3 },
{ "itemId": "1030100000180200", "itemType": 3 },
{ "itemId": "1030100000180300", "itemType": 3 },
{ "itemId": "1030100000185100", "itemType": 3 },
{ "itemId": "1030102100030100", "itemType": 3 },
{ "itemId": "1030102100060100", "itemType": 3 },
{ "itemId": "1030102100100100", "itemType": 3 },
{ "itemId": "1030110000105200", "itemType": 3 },
{ "itemId": "1030110000110200", "itemType": 3 },
{ "itemId": "1030110000120200", "itemType": 3 },
{ "itemId": "1030110000130200", "itemType": 3 },
{ "itemId": "1030110000140200", "itemType": 3 },
{ "itemId": "1030110000150200", "itemType": 3 },
{ "itemId": "1030110000160200", "itemType": 3 },
{ "itemId": "1030110000170200", "itemType": 3 },
{ "itemId": "1030110000180200", "itemType": 3 },
{ "itemId": "1030111000105200", "itemType": 3 },
{ "itemId": "1030111000110200", "itemType": 3 },
{ "itemId": "1030111000120200", "itemType": 3 },
{ "itemId": "1030111000130200", "itemType": 3 },
{ "itemId": "1030111000140200", "itemType": 3 },
{ "itemId": "1030111000150200", "itemType": 3 },
{ "itemId": "1030111000160200", "itemType": 3 },
{ "itemId": "1030111000170200", "itemType": 3 },
{ "itemId": "1030111000180200", "itemType": 3 },
{ "itemId": "1030112000105200", "itemType": 3 },
{ "itemId": "1030112000110200", "itemType": 3 },
{ "itemId": "1030112000120200", "itemType": 3 },
{ "itemId": "1030112000130200", "itemType": 3 },
{ "itemId": "1030112000140200", "itemType": 3 },
{ "itemId": "1030112000150200", "itemType": 3 },
{ "itemId": "1030112000160200", "itemType": 3 },
{ "itemId": "1030112000170200", "itemType": 3 },
{ "itemId": "1030112000180200", "itemType": 3 },
{ "itemId": "1030210002000000", "itemType": 3 },
{ "itemId": "1030210005000000", "itemType": 3 },
{ "itemId": "1030210006000000", "itemType": 3 },
{ "itemId": "1030210007000000", "itemType": 3 },
{ "itemId": "1030210008000000", "itemType": 3 },
{ "itemId": "1030210009000000", "itemType": 3 },
{ "itemId": "1030210010000000", "itemType": 3 },
{ "itemId": "1030210011000000", "itemType": 3 },
{ "itemId": "1030210012000000", "itemType": 3 },
{ "itemId": "1030210013000000", "itemType": 3 },
{ "itemId": "1030210014010000", "itemType": 3 },
{ "itemId": "1030210015000000", "itemType": 3 },
{ "itemId": "1030210015010000", "itemType": 3 },
{ "itemId": "1030210016000000", "itemType": 3 },
{ "itemId": "1030210018000000", "itemType": 3 },
{ "itemId": "1030210019000000", "itemType": 3 },
{ "itemId": "1030210020000000", "itemType": 3 },
{ "itemId": "1030210021000000", "itemType": 3 },
{ "itemId": "1030210022000000", "itemType": 3 },
{ "itemId": "1030210023000000", "itemType": 3 },
{ "itemId": "1030210024000000", "itemType": 3 },
{ "itemId": "1030210025000000", "itemType": 3 },
{ "itemId": "1030210026000000", "itemType": 3 },
{ "itemId": "1030210027000000", "itemType": 3 },
{ "itemId": "1030210028000000", "itemType": 3 },
{ "itemId": "1030210029000000", "itemType": 3 },
{ "itemId": "1030210030000000", "itemType": 3 },
{ "itemId": "1030210031000000", "itemType": 3 },
{ "itemId": "1030210032000000", "itemType": 3 },
{ "itemId": "1030210033000000", "itemType": 3 },
{ "itemId": "1030210034000000", "itemType": 3 },
{ "itemId": "1030210035000000", "itemType": 3 },
{ "itemId": "1030210036000000", "itemType": 3 },
{ "itemId": "1030210037000000", "itemType": 3 },
{ "itemId": "1030210038000000", "itemType": 3 },
{ "itemId": "1030210039000000", "itemType": 3 },
{ "itemId": "1030210040000000", "itemType": 3 },
{ "itemId": "1030210041000000", "itemType": 3 },
{ "itemId": "1030210042000000", "itemType": 3 },
{ "itemId": "1030210043000000", "itemType": 3 },
{ "itemId": "1030210044000000", "itemType": 3 },
{ "itemId": "1030210045000000", "itemType": 3 },
{ "itemId": "1030210046000000", "itemType": 3 },
{ "itemId": "1030210047000000", "itemType": 3 },
{ "itemId": "1030210049000000", "itemType": 3 },
{ "itemId": "1030210050000000", "itemType": 3 },
{ "itemId": "1030210051000000", "itemType": 3 },
{ "itemId": "1030210052000000", "itemType": 3 },
{ "itemId": "1030210053000000", "itemType": 3 },
{ "itemId": "1030210054000000", "itemType": 3 },
{ "itemId": "1030210055000000", "itemType": 3 },
{ "itemId": "1030210056000000", "itemType": 3 },
{ "itemId": "1030210057000000", "itemType": 3 },
{ "itemId": "1030210058000000", "itemType": 3 },
{ "itemId": "1030210059000000", "itemType": 3 },
{ "itemId": "1030210060000000", "itemType": 3 },
{ "itemId": "1030210061000000", "itemType": 3 },
{ "itemId": "1030210062000000", "itemType": 3 },
{ "itemId": "1030210063000000", "itemType": 3 },
{ "itemId": "1030210092000000", "itemType": 3 },
{ "itemId": "1030210094000000", "itemType": 3 },
{ "itemId": "1030210096000000", "itemType": 3 },
{ "itemId": "1030210097000000", "itemType": 3 },
{ "itemId": "1030210098000000", "itemType": 3 },
{ "itemId": "1030210099000000", "itemType": 3 },
{ "itemId": "1030210101000000", "itemType": 3 },
{ "itemId": "1030210110000000", "itemType": 3 },
{ "itemId": "1030220002000100", "itemType": 3 },
{ "itemId": "1030220002000200", "itemType": 3 },
{ "itemId": "1030220018000100", "itemType": 3 },
{ "itemId": "1030220018000200", "itemType": 3 },
{ "itemId": "1030220032000100", "itemType": 3 },
{ "itemId": "1030220039000100", "itemType": 3 },
{ "itemId": "1030220099000100", "itemType": 3 },
{ "itemId": "1030220099000200", "itemType": 3 },
{ "itemId": "1030220101000100", "itemType": 3 },
{ "itemId": "1030220101000200", "itemType": 3 },
{ "itemId": "1030400010201011", "itemType": 3 },
{ "itemId": "1030400010201012", "itemType": 3 },
{ "itemId": "1030400010201013", "itemType": 3 },
{ "itemId": "1030400010202011", "itemType": 3 },
{ "itemId": "1030400010202012", "itemType": 3 },
{ "itemId": "1030400010202013", "itemType": 3 },
{ "itemId": "1030400010203011", "itemType": 3 },
{ "itemId": "1030400010203012", "itemType": 3 },
{ "itemId": "1030400010203013", "itemType": 3 },
{ "itemId": "1030400010204011", "itemType": 3 },
{ "itemId": "1030400010204012", "itemType": 3 },
{ "itemId": "1030400010204013", "itemType": 3 },
{ "itemId": "1030400010301011", "itemType": 3 },
{ "itemId": "1030400010302011", "itemType": 3 },
{ "itemId": "1030400010304011", "itemType": 3 },
{ "itemId": "1030400010305011", "itemType": 3 },
{ "itemId": "1030400010306011", "itemType": 3 },
{ "itemId": "1030400010401011", "itemType": 3 },
{ "itemId": "1030400010401012", "itemType": 3 },
{ "itemId": "1030400010401013", "itemType": 3 },
{ "itemId": "1030400010402011", "itemType": 3 },
{ "itemId": "1030400010402012", "itemType": 3 },
{ "itemId": "1030400010402013", "itemType": 3 },
{ "itemId": "1030400010403011", "itemType": 3 },
{ "itemId": "1030400010403012", "itemType": 3 },
{ "itemId": "1030400010403013", "itemType": 3 },
{ "itemId": "1030400010404011", "itemType": 3 },
{ "itemId": "1030400010404012", "itemType": 3 },
{ "itemId": "1030400010404013", "itemType": 3 },
{ "itemId": "1030400010405011", "itemType": 3 },
{ "itemId": "1030400010405012", "itemType": 3 },
{ "itemId": "1030400010405013", "itemType": 3 },
{ "itemId": "1030400010406011", "itemType": 3 },
{ "itemId": "1030400010406012", "itemType": 3 },
{ "itemId": "1030400010406013", "itemType": 3 },
{ "itemId": "1030400010407011", "itemType": 3 },
{ "itemId": "1030400010407012", "itemType": 3 },
{ "itemId": "1030400010407013", "itemType": 3 },
{ "itemId": "1030400010408011", "itemType": 3 },
{ "itemId": "1030400010408012", "itemType": 3 },
{ "itemId": "1030400010408013", "itemType": 3 },
{ "itemId": "1030400010409011", "itemType": 3 },
{ "itemId": "1030400010409012", "itemType": 3 },
{ "itemId": "1030400010409013", "itemType": 3 },
{ "itemId": "1030400010410011", "itemType": 3 },
{ "itemId": "1030400010410012", "itemType": 3 },
{ "itemId": "1030400010410013", "itemType": 3 },
{ "itemId": "1030400010411011", "itemType": 3 },
{ "itemId": "1030400010411012", "itemType": 3 },
{ "itemId": "1030400010411013", "itemType": 3 },
{ "itemId": "1030400010412011", "itemType": 3 },
{ "itemId": "1030400010412012", "itemType": 3 },
{ "itemId": "1030400010412013", "itemType": 3 },
{ "itemId": "1030400010413011", "itemType": 3 },
{ "itemId": "1030400010413012", "itemType": 3 },
{ "itemId": "1030400010413013", "itemType": 3 },
{ "itemId": "1030400010414011", "itemType": 3 },
{ "itemId": "1030400010414012", "itemType": 3 },
{ "itemId": "1030400010414013", "itemType": 3 },
{ "itemId": "1030400010415011", "itemType": 3 },
{ "itemId": "1030400010415012", "itemType": 3 },
{ "itemId": "1030400010415013", "itemType": 3 },
{ "itemId": "1030400010416011", "itemType": 3 },
{ "itemId": "1030400010416012", "itemType": 3 },
{ "itemId": "1030400010416013", "itemType": 3 },
{ "itemId": "1030400010417011", "itemType": 3 },
{ "itemId": "1030400010417012", "itemType": 3 },
{ "itemId": "1030400010417013", "itemType": 3 },
{ "itemId": "1030400010418011", "itemType": 3 },
{ "itemId": "1030400010418012", "itemType": 3 },
{ "itemId": "1030400010418013", "itemType": 3 },
{ "itemId": "1030400010419011", "itemType": 3 },
{ "itemId": "1030400010419012", "itemType": 3 },
{ "itemId": "1030400010419013", "itemType": 3 },
{ "itemId": "1030400010420011", "itemType": 3 },
{ "itemId": "1030400010420012", "itemType": 3 },
{ "itemId": "1030400010420013", "itemType": 3 },
{ "itemId": "1030401000800001", "itemType": 3 },
{ "itemId": "1030401000800002", "itemType": 3 },
{ "itemId": "1030401001500001", "itemType": 3 },
{ "itemId": "1030401001500002", "itemType": 3 },
{ "itemId": "1030401001600001", "itemType": 3 },
{ "itemId": "1030401001600002", "itemType": 3 },
{ "itemId": "1030401002900001", "itemType": 3 },
{ "itemId": "1030401002900002", "itemType": 3 },
{ "itemId": "1030401009900001", "itemType": 3 },
{ "itemId": "1030401009900002", "itemType": 3 },
{ "itemId": "1030401010100001", "itemType": 3 },
{ "itemId": "1030401010100002", "itemType": 3 },
{ "itemId": "1030500010201011", "itemType": 3 },
{ "itemId": "1030500010201012", "itemType": 3 },
{ "itemId": "1030500010202011", "itemType": 3 },
{ "itemId": "1030500010202012", "itemType": 3 },
{ "itemId": "1030500010203011", "itemType": 3 },
{ "itemId": "1030500010203012", "itemType": 3 },
{ "itemId": "1030500010301011", "itemType": 3 },
{ "itemId": "1030500010301012", "itemType": 3 },
{ "itemId": "1030500010302011", "itemType": 3 },
{ "itemId": "1030500010302012", "itemType": 3 },
{ "itemId": "1030500010303011", "itemType": 3 },
{ "itemId": "1030500010303012", "itemType": 3 },
{ "itemId": "1030505030010100", "itemType": 3 },
{ "itemId": "1030505030010200", "itemType": 3 },
{ "itemId": "1030505030010300", "itemType": 3 },
{ "itemId": "1030505030010400", "itemType": 3 },
{ "itemId": "1030505030010500", "itemType": 3 },
{ "itemId": "1030505030010600", "itemType": 3 },
{ "itemId": "1030505030010700", "itemType": 3 },
{ "itemId": "1030505030010800", "itemType": 3 },
{ "itemId": "1030505030010900", "itemType": 3 },
{ "itemId": "1030505030011000", "itemType": 3 },
{ "itemId": "1030505030011100", "itemType": 3 },
]}
