{ "entries": [
{ "lotteryName": "event_M1_1W_Normal_01", "characterId": "10005000000", "dropRate": 11111111 },
{ "lotteryName": "event_M1_1W_Normal_01", "characterId": "10010000000", "dropRate": 36500000 },
{ "lotteryName": "event_M1_1W_Normal_01", "characterId": "10011000000", "dropRate": 11111111 },
{ "lotteryName": "event_M1_1W_Normal_01", "characterId": "10018000000", "dropRate": 10000000 },
{ "lotteryName": "event_M1_1W_Normal_01", "characterId": "10019000000", "dropRate": 10000000 },
{ "lotteryName": "event_M1_1W_Normal_01", "characterId": "10021000000", "dropRate": 20000000 },
{ "lotteryName": "event_M1_1W_Normal_01", "characterId": "10022000000", "dropRate": 36500000 },
{ "lotteryName": "event_M1_1W_Normal_01", "characterId": "10023000000", "dropRate": 36500000 },
{ "lotteryName": "event_M1_1W_Normal_01", "characterId": "10024000000", "dropRate": 11111111 },
{ "lotteryName": "event_M1_1W_Normal_01", "characterId": "10025000000", "dropRate": 36500000 },
{ "lotteryName": "event_M1_1W_Normal_01", "characterId": "10026000000", "dropRate": 11111111 },
{ "lotteryName": "event_M1_1W_Normal_01", "characterId": "10027000000", "dropRate": 11111111 },
{ "lotteryName": "event_M1_1W_Normal_01", "characterId": "10030000000", "dropRate": 36500000 },
{ "lotteryName": "event_M1_1W_Normal_01", "characterId": "10031000000", "dropRate": 36500000 },
{ "lotteryName": "event_M1_1W_Normal_01", "characterId": "10033000000", "dropRate": 36500000 },
{ "lotteryName": "event_M1_1W_Normal_01", "characterId": "10034000000", "dropRate": 36500000 },
{ "lotteryName": "event_M1_1W_Normal_01", "characterId": "10035000000", "dropRate": 36500000 },
{ "lotteryName": "event_M1_1W_Normal_01", "characterId": "10036000000", "dropRate": 11111111 },
{ "lotteryName": "event_M1_1W_Normal_01", "characterId": "10037000000", "dropRate": 36500000 },
{ "lotteryName": "event_M1_1W_Normal_01", "characterId": "10038000000", "dropRate": 36500000 },
{ "lotteryName": "event_M1_1W_Normal_01", "characterId": "10040000000", "dropRate": 36500000 },
{ "lotteryName": "event_M1_1W_Normal_01", "characterId": "10041000000", "dropRate": 11111111 },
{ "lotteryName": "event_M1_1W_Normal_01", "characterId": "10042000000", "dropRate": 36500000 },
{ "lotteryName": "event_M1_1W_Normal_01", "characterId": "10043000000", "dropRate": 36500000 },
{ "lotteryName": "event_M1_1W_Normal_01", "characterId": "10044000000", "dropRate": 36500000 },
{ "lotteryName": "event_M1_1W_Normal_01", "characterId": "10045000000", "dropRate": 36500000 },
{ "lotteryName": "event_M1_1W_Normal_01", "characterId": "10046000000", "dropRate": 11111111 },
{ "lotteryName": "event_M1_1W_Normal_01", "characterId": "10047000000", "dropRate": 11111111 },
{ "lotteryName": "event_M1_1W_Normal_01", "characterId": "10049000000", "dropRate": 10000000 },
{ "lotteryName": "event_M1_1W_Normal_01", "characterId": "10050000000", "dropRate": 36500000 },
{ "lotteryName": "event_M1_1W_Normal_01", "characterId": "10051000000", "dropRate": 10000000 },
{ "lotteryName": "event_M1_1W_Normal_01", "characterId": "10052000000", "dropRate": 36500000 },
{ "lotteryName": "event_M1_1W_Normal_01", "characterId": "10053000000", "dropRate": 11111111 },
{ "lotteryName": "event_M1_1W_Normal_01", "characterId": "10055000000", "dropRate": 11111111 },
{ "lotteryName": "event_M1_1W_Normal_01", "characterId": "10057000000", "dropRate": 11111111 },
{ "lotteryName": "event_M1_1W_Normal_01", "characterId": "10058000000", "dropRate": 11111111 },
{ "lotteryName": "event_M1_1W_Normal_01", "characterId": "10059000000", "dropRate": 11111111 },
{ "lotteryName": "event_M1_1W_Normal_01", "characterId": "10060000000", "dropRate": 36500000 },
{ "lotteryName": "event_M1_1W_Normal_01", "characterId": "10061000000", "dropRate": 11111111 },
{ "lotteryName": "event_M1_1W_Normal_01", "characterId": "10062000000", "dropRate": 10000000 },
{ "lotteryName": "event_M1_1W_Normal_01", "characterId": "10063000000", "dropRate": 11111111 },
{ "lotteryName": "event_M1_1W_Normal_01", "characterId": "10094000000", "dropRate": 11111111 },
{ "lotteryName": "event_M1_1W_Normal_01", "characterId": "10096000000", "dropRate": 11111111 },
{ "lotteryName": "event_M1_1W_Normal_01", "characterId": "10097000000", "dropRate": 36500000 },
{ "lotteryName": "event_M1_2W_Normal_01", "characterId": "10005000000", "dropRate": 11111111 },
{ "lotteryName": "event_M1_2W_Normal_01", "characterId": "10010000000", "dropRate": 36500000 },
{ "lotteryName": "event_M1_2W_Normal_01", "characterId": "10011000000", "dropRate": 11111111 },
{ "lotteryName": "event_M1_2W_Normal_01", "characterId": "10018000000", "dropRate": 10000000 },
{ "lotteryName": "event_M1_2W_Normal_01", "characterId": "10019000000", "dropRate": 10000000 },
{ "lotteryName": "event_M1_2W_Normal_01", "characterId": "10021000000", "dropRate": 10000000 },
{ "lotteryName": "event_M1_2W_Normal_01", "characterId": "10022000000", "dropRate": 36500000 },
{ "lotteryName": "event_M1_2W_Normal_01", "characterId": "10023000000", "dropRate": 36500000 },
{ "lotteryName": "event_M1_2W_Normal_01", "characterId": "10024000000", "dropRate": 11111111 },
{ "lotteryName": "event_M1_2W_Normal_01", "characterId": "10025000000", "dropRate": 36500000 },
{ "lotteryName": "event_M1_2W_Normal_01", "characterId": "10026000000", "dropRate": 11111111 },
{ "lotteryName": "event_M1_2W_Normal_01", "characterId": "10027000000", "dropRate": 11111111 },
{ "lotteryName": "event_M1_2W_Normal_01", "characterId": "10030000000", "dropRate": 36500000 },
{ "lotteryName": "event_M1_2W_Normal_01", "characterId": "10031000000", "dropRate": 36500000 },
{ "lotteryName": "event_M1_2W_Normal_01", "characterId": "10033000000", "dropRate": 36500000 },
{ "lotteryName": "event_M1_2W_Normal_01", "characterId": "10034000000", "dropRate": 36500000 },
{ "lotteryName": "event_M1_2W_Normal_01", "characterId": "10035000000", "dropRate": 36500000 },
{ "lotteryName": "event_M1_2W_Normal_01", "characterId": "10036000000", "dropRate": 11111111 },
{ "lotteryName": "event_M1_2W_Normal_01", "characterId": "10037000000", "dropRate": 36500000 },
{ "lotteryName": "event_M1_2W_Normal_01", "characterId": "10038000000", "dropRate": 36500000 },
{ "lotteryName": "event_M1_2W_Normal_01", "characterId": "10040000000", "dropRate": 36500000 },
{ "lotteryName": "event_M1_2W_Normal_01", "characterId": "10041000000", "dropRate": 11111111 },
{ "lotteryName": "event_M1_2W_Normal_01", "characterId": "10042000000", "dropRate": 36500000 },
{ "lotteryName": "event_M1_2W_Normal_01", "characterId": "10043000000", "dropRate": 36500000 },
{ "lotteryName": "event_M1_2W_Normal_01", "characterId": "10044000000", "dropRate": 36500000 },
{ "lotteryName": "event_M1_2W_Normal_01", "characterId": "10045000000", "dropRate": 36500000 },
{ "lotteryName": "event_M1_2W_Normal_01", "characterId": "10046000000", "dropRate": 11111111 },
{ "lotteryName": "event_M1_2W_Normal_01", "characterId": "10047000000", "dropRate": 11111111 },
{ "lotteryName": "event_M1_2W_Normal_01", "characterId": "10049000000", "dropRate": 10000000 },
{ "lotteryName": "event_M1_2W_Normal_01", "characterId": "10050000000", "dropRate": 36500000 },
{ "lotteryName": "event_M1_2W_Normal_01", "characterId": "10051000000", "dropRate": 20000000 },
{ "lotteryName": "event_M1_2W_Normal_01", "characterId": "10052000000", "dropRate": 36500000 },
{ "lotteryName": "event_M1_2W_Normal_01", "characterId": "10053000000", "dropRate": 11111111 },
{ "lotteryName": "event_M1_2W_Normal_01", "characterId": "10055000000", "dropRate": 11111111 },
{ "lotteryName": "event_M1_2W_Normal_01", "characterId": "10057000000", "dropRate": 11111111 },
{ "lotteryName": "event_M1_2W_Normal_01", "characterId": "10058000000", "dropRate": 11111111 },
{ "lotteryName": "event_M1_2W_Normal_01", "characterId": "10059000000", "dropRate": 11111111 },
{ "lotteryName": "event_M1_2W_Normal_01", "characterId": "10060000000", "dropRate": 36500000 },
{ "lotteryName": "event_M1_2W_Normal_01", "characterId": "10061000000", "dropRate": 11111111 },
{ "lotteryName": "event_M1_2W_Normal_01", "characterId": "10062000000", "dropRate": 10000000 },
{ "lotteryName": "event_M1_2W_Normal_01", "characterId": "10063000000", "dropRate": 11111111 },
{ "lotteryName": "event_M1_2W_Normal_01", "characterId": "10094000000", "dropRate": 11111111 },
{ "lotteryName": "event_M1_2W_Normal_01", "characterId": "10096000000", "dropRate": 11111111 },
{ "lotteryName": "event_M1_2W_Normal_01", "characterId": "10097000000", "dropRate": 36500000 },
{ "lotteryName": "event_M1_3W_Normal_01", "characterId": "10002000000", "dropRate": 20000000 },
{ "lotteryName": "event_M1_3W_Normal_01", "characterId": "10005000000", "dropRate": 11111111 },
{ "lotteryName": "event_M1_3W_Normal_01", "characterId": "10010000000", "dropRate": 36500000 },
{ "lotteryName": "event_M1_3W_Normal_01", "characterId": "10011000000", "dropRate": 11111111 },
{ "lotteryName": "event_M1_3W_Normal_01", "characterId": "10018000000", "dropRate": 8333333 },
{ "lotteryName": "event_M1_3W_Normal_01", "characterId": "10019000000", "dropRate": 8333333 },
{ "lotteryName": "event_M1_3W_Normal_01", "characterId": "10021000000", "dropRate": 8333333 },
{ "lotteryName": "event_M1_3W_Normal_01", "characterId": "10022000000", "dropRate": 36500000 },
{ "lotteryName": "event_M1_3W_Normal_01", "characterId": "10023000000", "dropRate": 36500000 },
{ "lotteryName": "event_M1_3W_Normal_01", "characterId": "10024000000", "dropRate": 11111111 },
{ "lotteryName": "event_M1_3W_Normal_01", "characterId": "10025000000", "dropRate": 36500000 },
{ "lotteryName": "event_M1_3W_Normal_01", "characterId": "10026000000", "dropRate": 11111111 },
{ "lotteryName": "event_M1_3W_Normal_01", "characterId": "10027000000", "dropRate": 11111111 },
{ "lotteryName": "event_M1_3W_Normal_01", "characterId": "10030000000", "dropRate": 36500000 },
{ "lotteryName": "event_M1_3W_Normal_01", "characterId": "10031000000", "dropRate": 36500000 },
{ "lotteryName": "event_M1_3W_Normal_01", "characterId": "10033000000", "dropRate": 36500000 },
{ "lotteryName": "event_M1_3W_Normal_01", "characterId": "10034000000", "dropRate": 36500000 },
{ "lotteryName": "event_M1_3W_Normal_01", "characterId": "10035000000", "dropRate": 36500000 },
{ "lotteryName": "event_M1_3W_Normal_01", "characterId": "10036000000", "dropRate": 11111111 },
{ "lotteryName": "event_M1_3W_Normal_01", "characterId": "10037000000", "dropRate": 36500000 },
{ "lotteryName": "event_M1_3W_Normal_01", "characterId": "10038000000", "dropRate": 36500000 },
{ "lotteryName": "event_M1_3W_Normal_01", "characterId": "10040000000", "dropRate": 36500000 },
{ "lotteryName": "event_M1_3W_Normal_01", "characterId": "10041000000", "dropRate": 11111111 },
{ "lotteryName": "event_M1_3W_Normal_01", "characterId": "10042000000", "dropRate": 36500000 },
{ "lotteryName": "event_M1_3W_Normal_01", "characterId": "10043000000", "dropRate": 36500000 },
{ "lotteryName": "event_M1_3W_Normal_01", "characterId": "10044000000", "dropRate": 36500000 },
{ "lotteryName": "event_M1_3W_Normal_01", "characterId": "10045000000", "dropRate": 36500000 },
{ "lotteryName": "event_M1_3W_Normal_01", "characterId": "10046000000", "dropRate": 11111111 },
{ "lotteryName": "event_M1_3W_Normal_01", "characterId": "10047000000", "dropRate": 11111111 },
{ "lotteryName": "event_M1_3W_Normal_01", "characterId": "10049000000", "dropRate": 8333333 },
{ "lotteryName": "event_M1_3W_Normal_01", "characterId": "10050000000", "dropRate": 36500000 },
{ "lotteryName": "event_M1_3W_Normal_01", "characterId": "10051000000", "dropRate": 8333333 },
{ "lotteryName": "event_M1_3W_Normal_01", "characterId": "10052000000", "dropRate": 36500000 },
{ "lotteryName": "event_M1_3W_Normal_01", "characterId": "10053000000", "dropRate": 11111111 },
{ "lotteryName": "event_M1_3W_Normal_01", "characterId": "10055000000", "dropRate": 11111111 },
{ "lotteryName": "event_M1_3W_Normal_01", "characterId": "10057000000", "dropRate": 11111111 },
{ "lotteryName": "event_M1_3W_Normal_01", "characterId": "10058000000", "dropRate": 11111111 },
{ "lotteryName": "event_M1_3W_Normal_01", "characterId": "10059000000", "dropRate": 11111111 },
{ "lotteryName": "event_M1_3W_Normal_01", "characterId": "10060000000", "dropRate": 36500000 },
{ "lotteryName": "event_M1_3W_Normal_01", "characterId": "10061000000", "dropRate": 11111111 },
{ "lotteryName": "event_M1_3W_Normal_01", "characterId": "10062000000", "dropRate": 8333333 },
{ "lotteryName": "event_M1_3W_Normal_01", "characterId": "10063000000", "dropRate": 11111111 },
{ "lotteryName": "event_M1_3W_Normal_01", "characterId": "10094000000", "dropRate": 11111111 },
{ "lotteryName": "event_M1_3W_Normal_01", "characterId": "10096000000", "dropRate": 11111111 },
{ "lotteryName": "event_M1_3W_Normal_01", "characterId": "10097000000", "dropRate": 36500000 },
{ "lotteryName": "event_M1_4W_Normal_01", "characterId": "10002000000", "dropRate": 7142857 },
{ "lotteryName": "event_M1_4W_Normal_01", "characterId": "10005000000", "dropRate": 11111111 },
{ "lotteryName": "event_M1_4W_Normal_01", "characterId": "10010000000", "dropRate": 36500000 },
{ "lotteryName": "event_M1_4W_Normal_01", "characterId": "10011000000", "dropRate": 11111111 },
{ "lotteryName": "event_M1_4W_Normal_01", "characterId": "10018000000", "dropRate": 7142857 },
{ "lotteryName": "event_M1_4W_Normal_01", "characterId": "10019000000", "dropRate": 7142857 },
{ "lotteryName": "event_M1_4W_Normal_01", "characterId": "10020000000", "dropRate": 20000000 },
{ "lotteryName": "event_M1_4W_Normal_01", "characterId": "10021000000", "dropRate": 7142857 },
{ "lotteryName": "event_M1_4W_Normal_01", "characterId": "10022000000", "dropRate": 36500000 },
{ "lotteryName": "event_M1_4W_Normal_01", "characterId": "10023000000", "dropRate": 36500000 },
{ "lotteryName": "event_M1_4W_Normal_01", "characterId": "10024000000", "dropRate": 11111111 },
{ "lotteryName": "event_M1_4W_Normal_01", "characterId": "10025000000", "dropRate": 36500000 },
{ "lotteryName": "event_M1_4W_Normal_01", "characterId": "10026000000", "dropRate": 11111111 },
{ "lotteryName": "event_M1_4W_Normal_01", "characterId": "10027000000", "dropRate": 11111111 },
{ "lotteryName": "event_M1_4W_Normal_01", "characterId": "10030000000", "dropRate": 36500000 },
{ "lotteryName": "event_M1_4W_Normal_01", "characterId": "10031000000", "dropRate": 36500000 },
{ "lotteryName": "event_M1_4W_Normal_01", "characterId": "10033000000", "dropRate": 36500000 },
{ "lotteryName": "event_M1_4W_Normal_01", "characterId": "10034000000", "dropRate": 36500000 },
{ "lotteryName": "event_M1_4W_Normal_01", "characterId": "10035000000", "dropRate": 36500000 },
{ "lotteryName": "event_M1_4W_Normal_01", "characterId": "10036000000", "dropRate": 11111111 },
{ "lotteryName": "event_M1_4W_Normal_01", "characterId": "10037000000", "dropRate": 36500000 },
{ "lotteryName": "event_M1_4W_Normal_01", "characterId": "10038000000", "dropRate": 36500000 },
{ "lotteryName": "event_M1_4W_Normal_01", "characterId": "10040000000", "dropRate": 36500000 },
{ "lotteryName": "event_M1_4W_Normal_01", "characterId": "10041000000", "dropRate": 11111111 },
{ "lotteryName": "event_M1_4W_Normal_01", "characterId": "10042000000", "dropRate": 36500000 },
{ "lotteryName": "event_M1_4W_Normal_01", "characterId": "10043000000", "dropRate": 36500000 },
{ "lotteryName": "event_M1_4W_Normal_01", "characterId": "10044000000", "dropRate": 36500000 },
{ "lotteryName": "event_M1_4W_Normal_01", "characterId": "10045000000", "dropRate": 36500000 },
{ "lotteryName": "event_M1_4W_Normal_01", "characterId": "10046000000", "dropRate": 11111111 },
{ "lotteryName": "event_M1_4W_Normal_01", "characterId": "10047000000", "dropRate": 11111111 },
{ "lotteryName": "event_M1_4W_Normal_01", "characterId": "10049000000", "dropRate": 7142857 },
{ "lotteryName": "event_M1_4W_Normal_01", "characterId": "10050000000", "dropRate": 36500000 },
{ "lotteryName": "event_M1_4W_Normal_01", "characterId": "10051000000", "dropRate": 7142857 },
{ "lotteryName": "event_M1_4W_Normal_01", "characterId": "10052000000", "dropRate": 36500000 },
{ "lotteryName": "event_M1_4W_Normal_01", "characterId": "10053000000", "dropRate": 11111111 },
{ "lotteryName": "event_M1_4W_Normal_01", "characterId": "10055000000", "dropRate": 11111111 },
{ "lotteryName": "event_M1_4W_Normal_01", "characterId": "10057000000", "dropRate": 11111111 },
{ "lotteryName": "event_M1_4W_Normal_01", "characterId": "10058000000", "dropRate": 11111111 },
{ "lotteryName": "event_M1_4W_Normal_01", "characterId": "10059000000", "dropRate": 11111111 },
{ "lotteryName": "event_M1_4W_Normal_01", "characterId": "10060000000", "dropRate": 36500000 },
{ "lotteryName": "event_M1_4W_Normal_01", "characterId": "10061000000", "dropRate": 11111111 },
{ "lotteryName": "event_M1_4W_Normal_01", "characterId": "10062000000", "dropRate": 7142857 },
{ "lotteryName": "event_M1_4W_Normal_01", "characterId": "10063000000", "dropRate": 11111111 },
{ "lotteryName": "event_M1_4W_Normal_01", "characterId": "10094000000", "dropRate": 11111111 },
{ "lotteryName": "event_M1_4W_Normal_01", "characterId": "10096000000", "dropRate": 11111111 },
{ "lotteryName": "event_M1_4W_Normal_01", "characterId": "10097000000", "dropRate": 36500000 },
{ "lotteryName": "feature_GuaranteeRarity5_gacha_Normal_01", "characterId": "10005000000", "dropRate": 11111111 },
{ "lotteryName": "feature_GuaranteeRarity5_gacha_Normal_01", "characterId": "10010000000", "dropRate": 36500000 },
{ "lotteryName": "feature_GuaranteeRarity5_gacha_Normal_01", "characterId": "10011000000", "dropRate": 11111111 },
{ "lotteryName": "feature_GuaranteeRarity5_gacha_Normal_01", "characterId": "10018000000", "dropRate": 14000000 },
{ "lotteryName": "feature_GuaranteeRarity5_gacha_Normal_01", "characterId": "10019000000", "dropRate": 14000000 },
{ "lotteryName": "feature_GuaranteeRarity5_gacha_Normal_01", "characterId": "10022000000", "dropRate": 36500000 },
{ "lotteryName": "feature_GuaranteeRarity5_gacha_Normal_01", "characterId": "10023000000", "dropRate": 36500000 },
{ "lotteryName": "feature_GuaranteeRarity5_gacha_Normal_01", "characterId": "10024000000", "dropRate": 11111111 },
{ "lotteryName": "feature_GuaranteeRarity5_gacha_Normal_01", "characterId": "10025000000", "dropRate": 36500000 },
{ "lotteryName": "feature_GuaranteeRarity5_gacha_Normal_01", "characterId": "10026000000", "dropRate": 11111111 },
{ "lotteryName": "feature_GuaranteeRarity5_gacha_Normal_01", "characterId": "10027000000", "dropRate": 11111111 },
{ "lotteryName": "feature_GuaranteeRarity5_gacha_Normal_01", "characterId": "10030000000", "dropRate": 36500000 },
{ "lotteryName": "feature_GuaranteeRarity5_gacha_Normal_01", "characterId": "10031000000", "dropRate": 36500000 },
{ "lotteryName": "feature_GuaranteeRarity5_gacha_Normal_01", "characterId": "10033000000", "dropRate": 36500000 },
{ "lotteryName": "feature_GuaranteeRarity5_gacha_Normal_01", "characterId": "10034000000", "dropRate": 36500000 },
{ "lotteryName": "feature_GuaranteeRarity5_gacha_Normal_01", "characterId": "10035000000", "dropRate": 36500000 },
{ "lotteryName": "feature_GuaranteeRarity5_gacha_Normal_01", "characterId": "10036000000", "dropRate": 11111111 },
{ "lotteryName": "feature_GuaranteeRarity5_gacha_Normal_01", "characterId": "10037000000", "dropRate": 36500000 },
{ "lotteryName": "feature_GuaranteeRarity5_gacha_Normal_01", "characterId": "10038000000", "dropRate": 36500000 },
{ "lotteryName": "feature_GuaranteeRarity5_gacha_Normal_01", "characterId": "10040000000", "dropRate": 36500000 },
{ "lotteryName": "feature_GuaranteeRarity5_gacha_Normal_01", "characterId": "10041000000", "dropRate": 11111111 },
{ "lotteryName": "feature_GuaranteeRarity5_gacha_Normal_01", "characterId": "10042000000", "dropRate": 36500000 },
{ "lotteryName": "feature_GuaranteeRarity5_gacha_Normal_01", "characterId": "10043000000", "dropRate": 36500000 },
{ "lotteryName": "feature_GuaranteeRarity5_gacha_Normal_01", "characterId": "10044000000", "dropRate": 36500000 },
{ "lotteryName": "feature_GuaranteeRarity5_gacha_Normal_01", "characterId": "10045000000", "dropRate": 36500000 },
{ "lotteryName": "feature_GuaranteeRarity5_gacha_Normal_01", "characterId": "10046000000", "dropRate": 11111111 },
{ "lotteryName": "feature_GuaranteeRarity5_gacha_Normal_01", "characterId": "10047000000", "dropRate": 11111111 },
{ "lotteryName": "feature_GuaranteeRarity5_gacha_Normal_01", "characterId": "10049000000", "dropRate": 14000000 },
{ "lotteryName": "feature_GuaranteeRarity5_gacha_Normal_01", "characterId": "10050000000", "dropRate": 36500000 },
{ "lotteryName": "feature_GuaranteeRarity5_gacha_Normal_01", "characterId": "10051000000", "dropRate": 14000000 },
{ "lotteryName": "feature_GuaranteeRarity5_gacha_Normal_01", "characterId": "10052000000", "dropRate": 36500000 },
{ "lotteryName": "feature_GuaranteeRarity5_gacha_Normal_01", "characterId": "10053000000", "dropRate": 11111111 },
{ "lotteryName": "feature_GuaranteeRarity5_gacha_Normal_01", "characterId": "10055000000", "dropRate": 11111111 },
{ "lotteryName": "feature_GuaranteeRarity5_gacha_Normal_01", "characterId": "10057000000", "dropRate": 11111111 },
{ "lotteryName": "feature_GuaranteeRarity5_gacha_Normal_01", "characterId": "10058000000", "dropRate": 11111111 },
{ "lotteryName": "feature_GuaranteeRarity5_gacha_Normal_01", "characterId": "10059000000", "dropRate": 11111111 },
{ "lotteryName": "feature_GuaranteeRarity5_gacha_Normal_01", "characterId": "10060000000", "dropRate": 36500000 },
{ "lotteryName": "feature_GuaranteeRarity5_gacha_Normal_01", "characterId": "10061000000", "dropRate": 11111111 },
{ "lotteryName": "feature_GuaranteeRarity5_gacha_Normal_01", "characterId": "10062000000", "dropRate": 14000000 },
{ "lotteryName": "feature_GuaranteeRarity5_gacha_Normal_01", "characterId": "10063000000", "dropRate": 11111111 },
{ "lotteryName": "feature_GuaranteeRarity5_gacha_Normal_01", "characterId": "10094000000", "dropRate": 11111111 },
{ "lotteryName": "feature_GuaranteeRarity5_gacha_Normal_01", "characterId": "10096000000", "dropRate": 11111111 },
{ "lotteryName": "feature_GuaranteeRarity5_gacha_Normal_01", "characterId": "10097000000", "dropRate": 36500000 },
{ "lotteryName": "feature_limited_gacha_Normal_01", "characterId": "10005000000", "dropRate": 11111111 },
{ "lotteryName": "feature_limited_gacha_Normal_01", "characterId": "10010000000", "dropRate": 36500000 },
{ "lotteryName": "feature_limited_gacha_Normal_01", "characterId": "10011000000", "dropRate": 11111111 },
{ "lotteryName": "feature_limited_gacha_Normal_01", "characterId": "10018000000", "dropRate": 14000000 },
{ "lotteryName": "feature_limited_gacha_Normal_01", "characterId": "10019000000", "dropRate": 14000000 },
{ "lotteryName": "feature_limited_gacha_Normal_01", "characterId": "10022000000", "dropRate": 36500000 },
{ "lotteryName": "feature_limited_gacha_Normal_01", "characterId": "10023000000", "dropRate": 36500000 },
{ "lotteryName": "feature_limited_gacha_Normal_01", "characterId": "10024000000", "dropRate": 11111111 },
{ "lotteryName": "feature_limited_gacha_Normal_01", "characterId": "10025000000", "dropRate": 36500000 },
{ "lotteryName": "feature_limited_gacha_Normal_01", "characterId": "10026000000", "dropRate": 11111111 },
{ "lotteryName": "feature_limited_gacha_Normal_01", "characterId": "10027000000", "dropRate": 11111111 },
{ "lotteryName": "feature_limited_gacha_Normal_01", "characterId": "10030000000", "dropRate": 36500000 },
{ "lotteryName": "feature_limited_gacha_Normal_01", "characterId": "10031000000", "dropRate": 36500000 },
{ "lotteryName": "feature_limited_gacha_Normal_01", "characterId": "10033000000", "dropRate": 36500000 },
{ "lotteryName": "feature_limited_gacha_Normal_01", "characterId": "10034000000", "dropRate": 36500000 },
{ "lotteryName": "feature_limited_gacha_Normal_01", "characterId": "10035000000", "dropRate": 36500000 },
{ "lotteryName": "feature_limited_gacha_Normal_01", "characterId": "10036000000", "dropRate": 11111111 },
{ "lotteryName": "feature_limited_gacha_Normal_01", "characterId": "10037000000", "dropRate": 36500000 },
{ "lotteryName": "feature_limited_gacha_Normal_01", "characterId": "10038000000", "dropRate": 36500000 },
{ "lotteryName": "feature_limited_gacha_Normal_01", "characterId": "10040000000", "dropRate": 36500000 },
{ "lotteryName": "feature_limited_gacha_Normal_01", "characterId": "10041000000", "dropRate": 11111111 },
{ "lotteryName": "feature_limited_gacha_Normal_01", "characterId": "10042000000", "dropRate": 36500000 },
{ "lotteryName": "feature_limited_gacha_Normal_01", "characterId": "10043000000", "dropRate": 36500000 },
{ "lotteryName": "feature_limited_gacha_Normal_01", "characterId": "10044000000", "dropRate": 36500000 },
{ "lotteryName": "feature_limited_gacha_Normal_01", "characterId": "10045000000", "dropRate": 36500000 },
{ "lotteryName": "feature_limited_gacha_Normal_01", "characterId": "10046000000", "dropRate": 11111111 },
{ "lotteryName": "feature_limited_gacha_Normal_01", "characterId": "10047000000", "dropRate": 11111111 },
{ "lotteryName": "feature_limited_gacha_Normal_01", "characterId": "10049000000", "dropRate": 14000000 },
{ "lotteryName": "feature_limited_gacha_Normal_01", "characterId": "10050000000", "dropRate": 36500000 },
{ "lotteryName": "feature_limited_gacha_Normal_01", "characterId": "10051000000", "dropRate": 14000000 },
{ "lotteryName": "feature_limited_gacha_Normal_01", "characterId": "10052000000", "dropRate": 36500000 },
{ "lotteryName": "feature_limited_gacha_Normal_01", "characterId": "10053000000", "dropRate": 11111111 },
{ "lotteryName": "feature_limited_gacha_Normal_01", "characterId": "10055000000", "dropRate": 11111111 },
{ "lotteryName": "feature_limited_gacha_Normal_01", "characterId": "10057000000", "dropRate": 11111111 },
{ "lotteryName": "feature_limited_gacha_Normal_01", "characterId": "10058000000", "dropRate": 11111111 },
{ "lotteryName": "feature_limited_gacha_Normal_01", "characterId": "10059000000", "dropRate": 11111111 },
{ "lotteryName": "feature_limited_gacha_Normal_01", "characterId": "10060000000", "dropRate": 36500000 },
{ "lotteryName": "feature_limited_gacha_Normal_01", "characterId": "10061000000", "dropRate": 11111111 },
{ "lotteryName": "feature_limited_gacha_Normal_01", "characterId": "10062000000", "dropRate": 14000000 },
{ "lotteryName": "feature_limited_gacha_Normal_01", "characterId": "10063000000", "dropRate": 11111111 },
{ "lotteryName": "feature_limited_gacha_Normal_01", "characterId": "10094000000", "dropRate": 11111111 },
{ "lotteryName": "feature_limited_gacha_Normal_01", "characterId": "10096000000", "dropRate": 11111111 },
{ "lotteryName": "feature_limited_gacha_Normal_01", "characterId": "10097000000", "dropRate": 36500000 },
{ "lotteryName": "release_201902_gacha1", "characterId": "10005000000", "dropRate": 11111111 },
{ "lotteryName": "release_201902_gacha1", "characterId": "10010000000", "dropRate": 36500000 },
{ "lotteryName": "release_201902_gacha1", "characterId": "10011000000", "dropRate": 11111111 },
{ "lotteryName": "release_201902_gacha1", "characterId": "10018000000", "dropRate": 14000000 },
{ "lotteryName": "release_201902_gacha1", "characterId": "10019000000", "dropRate": 14000000 },
{ "lotteryName": "release_201902_gacha1", "characterId": "10022000000", "dropRate": 36500000 },
{ "lotteryName": "release_201902_gacha1", "characterId": "10023000000", "dropRate": 36500000 },
{ "lotteryName": "release_201902_gacha1", "characterId": "10024000000", "dropRate": 11111111 },
{ "lotteryName": "release_201902_gacha1", "characterId": "10025000000", "dropRate": 36500000 },
{ "lotteryName": "release_201902_gacha1", "characterId": "10026000000", "dropRate": 11111111 },
{ "lotteryName": "release_201902_gacha1", "characterId": "10027000000", "dropRate": 11111111 },
{ "lotteryName": "release_201902_gacha1", "characterId": "10030000000", "dropRate": 36500000 },
{ "lotteryName": "release_201902_gacha1", "characterId": "10031000000", "dropRate": 36500000 },
{ "lotteryName": "release_201902_gacha1", "characterId": "10033000000", "dropRate": 36500000 },
{ "lotteryName": "release_201902_gacha1", "characterId": "10034000000", "dropRate": 36500000 },
{ "lotteryName": "release_201902_gacha1", "characterId": "10035000000", "dropRate": 36500000 },
{ "lotteryName": "release_201902_gacha1", "characterId": "10036000000", "dropRate": 11111111 },
{ "lotteryName": "release_201902_gacha1", "characterId": "10037000000", "dropRate": 36500000 },
{ "lotteryName": "release_201902_gacha1", "characterId": "10038000000", "dropRate": 36500000 },
{ "lotteryName": "release_201902_gacha1", "characterId": "10040000000", "dropRate": 36500000 },
{ "lotteryName": "release_201902_gacha1", "characterId": "10041000000", "dropRate": 11111111 },
{ "lotteryName": "release_201902_gacha1", "characterId": "10042000000", "dropRate": 36500000 },
{ "lotteryName": "release_201902_gacha1", "characterId": "10043000000", "dropRate": 36500000 },
{ "lotteryName": "release_201902_gacha1", "characterId": "10044000000", "dropRate": 36500000 },
{ "lotteryName": "release_201902_gacha1", "characterId": "10045000000", "dropRate": 36500000 },
{ "lotteryName": "release_201902_gacha1", "characterId": "10046000000", "dropRate": 11111111 },
{ "lotteryName": "release_201902_gacha1", "characterId": "10047000000", "dropRate": 11111111 },
{ "lotteryName": "release_201902_gacha1", "characterId": "10049000000", "dropRate": 14000000 },
{ "lotteryName": "release_201902_gacha1", "characterId": "10050000000", "dropRate": 36500000 },
{ "lotteryName": "release_201902_gacha1", "characterId": "10051000000", "dropRate": 14000000 },
{ "lotteryName": "release_201902_gacha1", "characterId": "10052000000", "dropRate": 36500000 },
{ "lotteryName": "release_201902_gacha1", "characterId": "10053000000", "dropRate": 11111111 },
{ "lotteryName": "release_201902_gacha1", "characterId": "10055000000", "dropRate": 11111111 },
{ "lotteryName": "release_201902_gacha1", "characterId": "10057000000", "dropRate": 11111111 },
{ "lotteryName": "release_201902_gacha1", "characterId": "10058000000", "dropRate": 11111111 },
{ "lotteryName": "release_201902_gacha1", "characterId": "10059000000", "dropRate": 11111111 },
{ "lotteryName": "release_201902_gacha1", "characterId": "10060000000", "dropRate": 36500000 },
{ "lotteryName": "release_201902_gacha1", "characterId": "10061000000", "dropRate": 11111111 },
{ "lotteryName": "release_201902_gacha1", "characterId": "10062000000", "dropRate": 14000000 },
{ "lotteryName": "release_201902_gacha1", "characterId": "10063000000", "dropRate": 11111111 },
{ "lotteryName": "release_201902_gacha1", "characterId": "10094000000", "dropRate": 11111111 },
{ "lotteryName": "release_201902_gacha1", "characterId": "10096000000", "dropRate": 11111111 },
{ "lotteryName": "release_201902_gacha1", "characterId": "10097000000", "dropRate": 36500000 },
{ "lotteryName": "tutorial_gacha1", "characterId": "10026000000", "dropRate": 1000000000 },
]}
