{ "entries": [
{ "trainerId": "20002000000", "monsterId": 20015201, "syncMoveId": 40500, "hpValues": [ 132, 222, 305, 635 ], "atkValues": [ 11, 29, 47, 113 ], "defValues": [ 18, 34, 49, 104 ], "spaValues": [ 12, 43, 73, 183 ], "spdValues": [ 17, 38, 56, 133 ], "speValues": [ 11, 36, 60, 148 ] },
{ "trainerId": "20002000001", "monsterId": 20015301, "syncMoveId": 40500, "hpValues": [ 155, 247, 337, 695 ], "atkValues": [ 13, 31, 49, 115 ], "defValues": [ 21, 37, 52, 107 ], "spaValues": [ 16, 47, 77, 187 ], "spdValues": [ 21, 43, 64, 141 ], "speValues": [ 14, 39, 63, 151 ] },
{ "trainerId": "20002000002", "monsterId": 20015401, "syncMoveId": 71000, "hpValues": [ 177, 275, 365, 722 ], "atkValues": [ 17, 35, 53, 119 ], "defValues": [ 26, 42, 57, 112 ], "spaValues": [ 22, 53, 83, 193 ], "spdValues": [ 27, 50, 71, 159 ], "speValues": [ 20, 45, 69, 157 ] },
{ "trainerId": "20005000000", "monsterId": 20013101, "syncMoveId": 71600, "hpValues": [ 107, 182, 250, 525 ], "atkValues": [ 11, 28, 43, 109 ], "defValues": [ 12, 36, 57, 145 ], "spaValues": [ 15, 48, 78, 199 ], "spdValues": [ 13, 46, 76, 197 ], "speValues": [ 17, 54, 87, 219 ] },
{ "trainerId": "20006000000", "monsterId": 20039200, "syncMoveId": 71700, "hpValues": [ 62, 150, 202, 450 ], "atkValues": [ 15, 76, 115, 291 ], "defValues": [ 5, 29, 44, 110 ], "spaValues": [ 15, 76, 115, 291 ], "spdValues": [ 5, 29, 44, 110 ], "speValues": [ 13, 58, 88, 220 ] },
{ "trainerId": "20007000000", "monsterId": 20082301, "syncMoveId": 51401, "hpValues": [ 85, 165, 217, 437 ], "atkValues": [ 7, 37, 55, 143 ], "defValues": [ 8, 40, 61, 149 ], "spaValues": [ 6, 30, 45, 111 ], "spdValues": [ 8, 38, 56, 144 ], "speValues": [ 8, 46, 70, 180 ] },
{ "trainerId": "20008000000", "monsterId": 20004501, "syncMoveId": 70900, "hpValues": [ 85, 192, 260, 562 ], "atkValues": [ 7, 17, 23, 45 ], "defValues": [ 7, 34, 52, 129 ], "spaValues": [ 7, 45, 69, 179 ], "spdValues": [ 8, 54, 84, 216 ], "speValues": [ 9, 46, 70, 180 ] },
{ "trainerId": "20009000000", "monsterId": 20028900, "syncMoveId": 70300, "hpValues": [ 67, 160, 220, 495 ], "atkValues": [ 12, 77, 119, 306 ], "defValues": [ 6, 32, 47, 124 ], "spaValues": [ 2, 10, 13, 35 ], "spdValues": [ 6, 32, 47, 124 ], "speValues": [ 6, 31, 46, 112 ] },
{ "trainerId": "20010000000", "monsterId": 20041900, "syncMoveId": 71900, "hpValues": [ 72, 135, 195, 415 ], "atkValues": [ 21, 53, 83, 204 ], "defValues": [ 10, 32, 53, 130 ], "spaValues": [ 21, 53, 83, 204 ], "spdValues": [ 10, 33, 54, 142 ], "speValues": [ 20, 79, 136, 356 ] },
{ "trainerId": "20011000000", "monsterId": 20054401, "syncMoveId": 30800, "hpValues": [ 90, 147, 200, 420 ], "atkValues": [ 19, 63, 105, 270 ], "defValues": [ 10, 33, 54, 142 ], "spaValues": [ 8, 25, 40, 106 ], "spdValues": [ 8, 26, 44, 110 ], "speValues": [ 17, 69, 117, 315 ] },
{ "trainerId": "20012000000", "monsterId": 20044800, "syncMoveId": 60000, "hpValues": [ 62, 137, 182, 402 ], "atkValues": [ 11, 76, 118, 305 ], "defValues": [ 5, 30, 45, 111 ], "spaValues": [ 11, 72, 111, 287 ], "spdValues": [ 5, 26, 38, 93 ], "speValues": [ 13, 45, 66, 154 ] },
{ "trainerId": "20013000000", "monsterId": 20084000, "syncMoveId": 50901, "hpValues": [ 62, 145, 197, 445 ], "atkValues": [ 13, 60, 90, 222 ], "defValues": [ 9, 44, 65, 164 ], "spaValues": [ 8, 54, 84, 216 ], "spdValues": [ 5, 22, 31, 75 ], "speValues": [ 7, 38, 56, 144 ] },
{ "trainerId": "20014010000", "monsterId": 20050800, "syncMoveId": 75600, "hpValues": [ 92, 202, 270, 572 ], "atkValues": [ 7, 45, 69, 179 ], "defValues": [ 9, 49, 73, 183 ], "spaValues": [ 5, 15, 21, 43 ], "spdValues": [ 8, 37, 55, 132 ], "speValues": [ 12, 55, 82, 203 ] },
{ "trainerId": "20015000000", "monsterId": 20009500, "syncMoveId": 75700, "hpValues": [ 80, 180, 240, 515 ], "atkValues": [ 7, 47, 71, 181 ], "defValues": [ 8, 42, 63, 162 ], "spaValues": [ 6, 19, 25, 58 ], "spdValues": [ 7, 34, 52, 129 ], "speValues": [ 10, 56, 86, 218 ] },
{ "trainerId": "20015010000", "monsterId": 20024800, "syncMoveId": 75800, "hpValues": [ 67, 157, 217, 465 ], "atkValues": [ 11, 60, 90, 233 ], "defValues": [ 6, 41, 62, 161 ], "spaValues": [ 10, 32, 47, 113 ], "spdValues": [ 4, 21, 30, 74 ], "speValues": [ 7, 33, 48, 125 ] },
{ "trainerId": "20016000000", "monsterId": 20058101, "syncMoveId": 73900, "hpValues": [ 82, 187, 255, 557 ], "atkValues": [ 6, 44, 68, 178 ], "defValues": [ 9, 41, 62, 150 ], "spaValues": [ 6, 48, 75, 196 ], "spdValues": [ 9, 41, 62, 150 ], "speValues": [ 8, 51, 78, 199 ] },
{ "trainerId": "20018000000", "monsterId": 20015801, "syncMoveId": 30300, "hpValues": [ 95, 172, 247, 522 ], "atkValues": [ 15, 48, 78, 199 ], "defValues": [ 10, 27, 42, 108 ], "spaValues": [ 5, 20, 35, 90 ], "spdValues": [ 10, 26, 41, 96 ], "speValues": [ 16, 55, 91, 234 ] },
{ "trainerId": "20018000001", "monsterId": 20015901, "syncMoveId": 30300, "hpValues": [ 110, 187, 262, 537 ], "atkValues": [ 21, 55, 88, 220 ], "defValues": [ 13, 30, 45, 111 ], "spaValues": [ 10, 25, 40, 95 ], "spdValues": [ 13, 29, 44, 99 ], "speValues": [ 21, 62, 101, 255 ] },
{ "trainerId": "20018000002", "monsterId": 20016001, "syncMoveId": 71400, "hpValues": [ 132, 210, 285, 560 ], "atkValues": [ 28, 64, 97, 229 ], "defValues": [ 18, 35, 50, 116 ], "spaValues": [ 19, 34, 49, 104 ], "spdValues": [ 17, 33, 48, 103 ], "speValues": [ 30, 72, 111, 265 ] },
{ "trainerId": "20019000000", "monsterId": 20025200, "syncMoveId": 30500, "hpValues": [ 90, 150, 210, 430 ], "atkValues": [ 20, 71, 119, 306 ], "defValues": [ 8, 28, 46, 123 ], "spaValues": [ 20, 71, 119, 306 ], "spdValues": [ 8, 28, 46, 123 ], "speValues": [ 20, 77, 131, 340 ] },
{ "trainerId": "20020000000", "monsterId": 20050100, "syncMoveId": 30300, "hpValues": [ 117, 182, 242, 490 ], "atkValues": [ 13, 46, 76, 197 ], "defValues": [ 13, 42, 69, 179 ], "spaValues": [ 10, 32, 53, 130 ], "spdValues": [ 13, 42, 69, 179 ], "speValues": [ 17, 51, 81, 202 ] },
{ "trainerId": "20021000000", "monsterId": 20001800, "syncMoveId": 60100, "hpValues": [ 92, 157, 217, 465 ], "atkValues": [ 15, 34, 52, 118 ], "defValues": [ 9, 34, 58, 146 ], "spaValues": [ 21, 76, 127, 336 ], "spdValues": [ 9, 34, 58, 146 ], "speValues": [ 16, 61, 103, 268 ] },
{ "trainerId": "20022000000", "monsterId": 20075100, "syncMoveId": 70200, "hpValues": [ 90, 157, 217, 465 ], "atkValues": [ 17, 65, 110, 286 ], "defValues": [ 10, 28, 46, 112 ], "spaValues": [ 3, 10, 16, 38 ], "spdValues": [ 5, 22, 37, 92 ], "speValues": [ 9, 24, 39, 94 ] },
{ "trainerId": "20023000000", "monsterId": 20024201, "syncMoveId": 71800, "hpValues": [ 137, 230, 320, 677 ], "atkValues": [ 5, 19, 31, 75 ], "defValues": [ 8, 14, 20, 42 ], "spaValues": [ 11, 38, 62, 161 ], "spdValues": [ 16, 47, 74, 184 ], "speValues": [ 9, 29, 47, 124 ] },
{ "trainerId": "20024000000", "monsterId": 20060901, "syncMoveId": 72200, "hpValues": [ 82, 140, 192, 412 ], "atkValues": [ 4, 21, 36, 102 ], "defValues": [ 8, 23, 38, 93 ], "spaValues": [ 18, 70, 118, 316 ], "spdValues": [ 11, 33, 54, 131 ], "speValues": [ 14, 47, 77, 198 ] },
{ "trainerId": "20025000000", "monsterId": 20046001, "syncMoveId": 71100, "hpValues": [ 97, 167, 235, 482 ], "atkValues": [ 16, 50, 83, 204 ], "defValues": [ 11, 31, 49, 115 ], "spaValues": [ 10, 34, 55, 143 ], "spdValues": [ 13, 33, 51, 117 ], "speValues": [ 15, 51, 84, 216 ] },
{ "trainerId": "20026000000", "monsterId": 20024101, "syncMoveId": 70800, "hpValues": [ 117, 190, 257, 532 ], "atkValues": [ 12, 55, 94, 259 ], "defValues": [ 12, 28, 43, 98 ], "spaValues": [ 10, 27, 42, 108 ], "spdValues": [ 12, 31, 49, 115 ], "speValues": [ 17, 57, 93, 236 ] },
{ "trainerId": "20027000000", "monsterId": 20040701, "syncMoveId": 71200, "hpValues": [ 72, 127, 180, 372 ], "atkValues": [ 5, 24, 42, 108 ], "defValues": [ 8, 22, 34, 89 ], "spaValues": [ 20, 73, 124, 322 ], "spdValues": [ 14, 45, 75, 185 ], "speValues": [ 16, 60, 102, 267 ] },
{ "trainerId": "20028000000", "monsterId": 20023001, "syncMoveId": 70600, "hpValues": [ 70, 165, 225, 500 ], "atkValues": [ 8, 54, 84, 216 ], "defValues": [ 5, 33, 51, 128 ], "spaValues": [ 11, 69, 108, 273 ], "spdValues": [ 6, 34, 52, 129 ], "speValues": [ 10, 55, 82, 214 ] },
{ "trainerId": "20029000000", "monsterId": 20032401, "syncMoveId": 70700, "hpValues": [ 70, 150, 202, 422 ], "atkValues": [ 7, 22, 31, 75 ], "defValues": [ 8, 48, 72, 182 ], "spaValues": [ 7, 47, 74, 195 ], "spdValues": [ 8, 42, 63, 162 ], "speValues": [ 9, 46, 70, 180 ] },
{ "trainerId": "20030000000", "monsterId": 20033700, "syncMoveId": 72100, "hpValues": [ 112, 197, 272, 575 ], "atkValues": [ 8, 26, 41, 107 ], "defValues": [ 12, 30, 45, 111 ], "spaValues": [ 12, 35, 56, 144 ], "spdValues": [ 14, 37, 58, 146 ], "speValues": [ 11, 31, 49, 126 ] },
{ "trainerId": "20031000000", "monsterId": 20033800, "syncMoveId": 72300, "hpValues": [ 92, 157, 217, 465 ], "atkValues": [ 18, 69, 117, 304 ], "defValues": [ 11, 39, 66, 165 ], "spaValues": [ 7, 23, 38, 93 ], "spdValues": [ 8, 27, 45, 111 ], "speValues": [ 11, 35, 56, 144 ] },
{ "trainerId": "20032000000", "monsterId": 20008600, "syncMoveId": 40600, "hpValues": [ 67, 172, 240, 542 ], "atkValues": [ 10, 56, 86, 218 ], "defValues": [ 8, 22, 31, 64 ], "spaValues": [ 10, 56, 86, 218 ], "spdValues": [ 8, 34, 49, 126 ], "speValues": [ 7, 38, 56, 144 ] },
{ "trainerId": "20032000001", "monsterId": 20008700, "syncMoveId": 72400, "hpValues": [ 85, 190, 257, 560 ], "atkValues": [ 15, 61, 91, 223 ], "defValues": [ 11, 25, 34, 67 ], "spaValues": [ 15, 63, 93, 236 ], "spdValues": [ 11, 39, 57, 134 ], "speValues": [ 11, 42, 60, 148 ] },
{ "trainerId": "20033000000", "monsterId": 20053600, "syncMoveId": 30900, "hpValues": [ 85, 145, 205, 425 ], "atkValues": [ 15, 46, 73, 183 ], "defValues": [ 12, 33, 51, 128 ], "spaValues": [ 10, 34, 55, 143 ], "spdValues": [ 13, 36, 57, 145 ], "speValues": [ 13, 49, 82, 214 ] },
{ "trainerId": "20034000000", "monsterId": 20021000, "syncMoveId": 51801, "hpValues": [ 90, 157, 217, 465 ], "atkValues": [ 17, 49, 79, 200 ], "defValues": [ 11, 31, 49, 126 ], "spaValues": [ 10, 34, 55, 143 ], "spdValues": [ 11, 26, 41, 96 ], "speValues": [ 13, 42, 69, 179 ] },
{ "trainerId": "20035000000", "monsterId": 20010000, "syncMoveId": 40400, "hpValues": [ 90, 150, 202, 422 ], "atkValues": [ 14, 35, 53, 130 ], "defValues": [ 11, 32, 50, 127 ], "spaValues": [ 10, 39, 66, 176 ], "spdValues": [ 11, 32, 50, 127 ], "speValues": [ 28, 88, 145, 376 ] },
{ "trainerId": "20036000000", "monsterId": 20085800, "syncMoveId": 50402, "hpValues": [ 100, 162, 222, 442 ], "atkValues": [ 13, 44, 74, 195 ], "defValues": [ 9, 29, 47, 124 ], "spaValues": [ 10, 31, 49, 126 ], "spdValues": [ 9, 33, 54, 142 ], "speValues": [ 19, 72, 123, 321 ] },
{ "trainerId": "20037000000", "monsterId": 20007000, "syncMoveId": 30500, "hpValues": [ 92, 155, 215, 435 ], "atkValues": [ 11, 44, 74, 195 ], "defValues": [ 10, 30, 48, 114 ], "spaValues": [ 10, 34, 55, 143 ], "spdValues": [ 11, 31, 49, 126 ], "speValues": [ 15, 51, 84, 216 ] },
{ "trainerId": "20038000000", "monsterId": 20040800, "syncMoveId": 31300, "hpValues": [ 75, 190, 295, 735 ], "atkValues": [ 21, 68, 113, 289 ], "defValues": [ 9, 23, 35, 90 ], "spaValues": [ 4, 20, 35, 90 ], "spdValues": [ 8, 22, 34, 89 ], "speValues": [ 11, 40, 67, 177 ] },
{ "trainerId": "20039000000", "monsterId": 20028301, "syncMoveId": 41200, "hpValues": [ 80, 162, 215, 462 ], "atkValues": [ 6, 30, 45, 111 ], "defValues": [ 9, 45, 69, 168 ], "spaValues": [ 9, 49, 76, 197 ], "spdValues": [ 8, 44, 68, 167 ], "speValues": [ 10, 56, 86, 218 ] },
{ "trainerId": "20039000001", "monsterId": 20028401, "syncMoveId": 72800, "hpValues": [ 95, 177, 230, 477 ], "atkValues": [ 9, 33, 48, 114 ], "defValues": [ 13, 49, 73, 172 ], "spaValues": [ 14, 54, 81, 202 ], "spdValues": [ 12, 50, 74, 184 ], "speValues": [ 15, 63, 93, 236 ] },
{ "trainerId": "20040000000", "monsterId": 20061500, "syncMoveId": 72900, "hpValues": [ 87, 152, 212, 460 ], "atkValues": [ 11, 42, 72, 182 ], "defValues": [ 5, 23, 38, 104 ], "spaValues": [ 11, 42, 72, 182 ], "spdValues": [ 14, 35, 53, 130 ], "speValues": [ 16, 69, 120, 318 ] },
{ "trainerId": "20041000000", "monsterId": 20043700, "syncMoveId": 73100, "hpValues": [ 107, 160, 205, 397 ], "atkValues": [ 13, 47, 80, 212 ], "defValues": [ 14, 47, 77, 198 ], "spaValues": [ 11, 45, 78, 210 ], "spdValues": [ 12, 45, 75, 196 ], "speValues": [ 12, 38, 62, 161 ] },
{ "trainerId": "20042000000", "monsterId": 20027901, "syncMoveId": 73200, "hpValues": [ 97, 157, 210, 430 ], "atkValues": [ 9, 39, 66, 176 ], "defValues": [ 11, 32, 50, 127 ], "spaValues": [ 9, 39, 66, 176 ], "spdValues": [ 11, 38, 62, 161 ], "speValues": [ 15, 51, 84, 216 ] },
{ "trainerId": "20043000000", "monsterId": 20029600, "syncMoveId": 30700, "hpValues": [ 120, 217, 307, 665 ], "atkValues": [ 13, 43, 70, 180 ], "defValues": [ 11, 23, 35, 79 ], "spaValues": [ 5, 16, 25, 58 ], "spdValues": [ 11, 25, 37, 92 ], "speValues": [ 11, 39, 66, 165 ] },
{ "trainerId": "20044000000", "monsterId": 20029901, "syncMoveId": 41300, "hpValues": [ 110, 150, 187, 325 ], "atkValues": [ 9, 27, 42, 108 ], "defValues": [ 14, 43, 70, 180 ], "spaValues": [ 14, 32, 47, 113 ], "spdValues": [ 14, 43, 70, 180 ], "speValues": [ 8, 25, 40, 95 ] },
{ "trainerId": "20045000000", "monsterId": 20001500, "syncMoveId": 60400, "hpValues": [ 67, 130, 190, 410 ], "atkValues": [ 19, 69, 117, 304 ], "defValues": [ 8, 22, 34, 78 ], "spaValues": [ 8, 27, 45, 111 ], "spdValues": [ 8, 25, 40, 95 ], "speValues": [ 19, 66, 111, 287 ] },
{ "trainerId": "20046000000", "monsterId": 20012700, "syncMoveId": 60300, "hpValues": [ 87, 160, 227, 502 ], "atkValues": [ 21, 74, 125, 323 ], "defValues": [ 10, 30, 48, 125 ], "spaValues": [ 6, 19, 31, 75 ], "spdValues": [ 10, 30, 48, 125 ], "speValues": [ 15, 59, 101, 266 ] },
{ "trainerId": "20047000000", "monsterId": 20017801, "syncMoveId": 73500, "hpValues": [ 95, 152, 205, 425 ], "atkValues": [ 11, 37, 61, 160 ], "defValues": [ 11, 41, 68, 178 ], "spaValues": [ 13, 48, 81, 213 ], "spdValues": [ 11, 41, 68, 178 ], "speValues": [ 20, 73, 124, 322 ] },
{ "trainerId": "20049000000", "monsterId": 20035601, "syncMoveId": 31400, "hpValues": [ 105, 170, 230, 477 ], "atkValues": [ 14, 44, 71, 181 ], "defValues": [ 13, 46, 76, 197 ], "spaValues": [ 10, 32, 53, 130 ], "spdValues": [ 14, 49, 82, 214 ], "speValues": [ 11, 36, 60, 148 ] },
{ "trainerId": "20050000000", "monsterId": 20030701, "syncMoveId": 30700, "hpValues": [ 100, 162, 222, 442 ], "atkValues": [ 16, 33, 48, 114 ], "defValues": [ 13, 40, 64, 163 ], "spaValues": [ 8, 26, 41, 107 ], "spdValues": [ 13, 40, 64, 163 ], "speValues": [ 11, 45, 78, 210 ] },
{ "trainerId": "20051000000", "monsterId": 20082912, "syncMoveId": 51301, "hpValues": [ 97, 165, 225, 472 ], "atkValues": [ 25, 83, 137, 357 ], "defValues": [ 10, 32, 53, 130 ], "spaValues": [ 8, 19, 28, 72 ], "spdValues": [ 10, 32, 53, 130 ], "speValues": [ 15, 51, 84, 216 ] },
{ "trainerId": "20052000000", "monsterId": 20056500, "syncMoveId": 74000, "hpValues": [ 115, 167, 212, 405 ], "atkValues": [ 17, 50, 80, 201 ], "defValues": [ 14, 39, 63, 151 ], "spaValues": [ 7, 22, 34, 89 ], "spdValues": [ 12, 30, 45, 111 ], "speValues": [ 8, 28, 46, 123 ] },
{ "trainerId": "20053000000", "monsterId": 20073900, "syncMoveId": 31300, "hpValues": [ 102, 177, 245, 520 ], "atkValues": [ 12, 38, 62, 161 ], "defValues": [ 12, 34, 55, 132 ], "spaValues": [ 11, 25, 37, 92 ], "spdValues": [ 15, 38, 59, 147 ], "speValues": [ 19, 59, 95, 238 ] },
{ "trainerId": "20054000000", "monsterId": 20016900, "syncMoveId": 74200, "hpValues": [ 70, 150, 202, 422 ], "atkValues": [ 7, 61, 97, 251 ], "defValues": [ 7, 34, 52, 129 ], "spaValues": [ 7, 61, 97, 251 ], "spdValues": [ 8, 42, 63, 162 ], "speValues": [ 12, 84, 132, 341 ] },
{ "trainerId": "20055000000", "monsterId": 20074611, "syncMoveId": 74300, "hpValues": [ 117, 182, 242, 490 ], "atkValues": [ 8, 21, 33, 77 ], "defValues": [ 15, 46, 76, 197 ], "spaValues": [ 8, 21, 33, 77 ], "spdValues": [ 15, 46, 76, 197 ], "speValues": [ 15, 55, 91, 234 ] },
{ "trainerId": "20056000000", "monsterId": 20005361, "syncMoveId": 51601, "hpValues": [ 80, 155, 200, 420 ], "atkValues": [ 7, 47, 74, 195 ], "defValues": [ 8, 42, 63, 162 ], "spaValues": [ 6, 30, 45, 111 ], "spdValues": [ 7, 34, 52, 129 ], "speValues": [ 11, 72, 111, 287 ] },
{ "trainerId": "20057000000", "monsterId": 20006800, "syncMoveId": 74400, "hpValues": [ 100, 177, 245, 520 ], "atkValues": [ 20, 64, 106, 271 ], "defValues": [ 11, 30, 48, 114 ], "spaValues": [ 9, 36, 60, 159 ], "spdValues": [ 9, 25, 40, 95 ], "speValues": [ 13, 40, 64, 163 ] },
{ "trainerId": "20058000000", "monsterId": 20080900, "syncMoveId": 51001, "hpValues": [ 95, 162, 222, 470 ], "atkValues": [ 22, 80, 134, 354 ], "defValues": [ 12, 35, 56, 144 ], "spaValues": [ 10, 32, 53, 130 ], "spdValues": [ 10, 33, 54, 142 ], "speValues": [ 14, 50, 83, 215 ] },
{ "trainerId": "20059000000", "monsterId": 20007700, "syncMoveId": 30200, "hpValues": [ 100, 175, 242, 517 ], "atkValues": [ 11, 37, 61, 160 ], "defValues": [ 10, 31, 49, 126 ], "spaValues": [ 10, 31, 49, 126 ], "spdValues": [ 13, 34, 52, 129 ], "speValues": [ 25, 88, 148, 379 ] },
{ "trainerId": "20060000000", "monsterId": 20016801, "syncMoveId": 74600, "hpValues": [ 95, 155, 207, 427 ], "atkValues": [ 11, 43, 73, 194 ], "defValues": [ 12, 37, 61, 149 ], "spaValues": [ 9, 28, 46, 112 ], "spdValues": [ 11, 35, 56, 144 ], "speValues": [ 13, 48, 81, 213 ] },
{ "trainerId": "20061000000", "monsterId": 20009401, "syncMoveId": 60500, "hpValues": [ 107, 165, 217, 437 ], "atkValues": [ 10, 31, 49, 126 ], "defValues": [ 10, 27, 42, 108 ], "spaValues": [ 15, 65, 113, 300 ], "spdValues": [ 12, 36, 57, 145 ], "speValues": [ 23, 76, 127, 325 ] },
{ "trainerId": "20062000000", "monsterId": 20022901, "syncMoveId": 60600, "hpValues": [ 85, 152, 212, 460 ], "atkValues": [ 18, 61, 103, 268 ], "defValues": [ 9, 32, 53, 141 ], "spaValues": [ 20, 71, 119, 306 ], "spdValues": [ 9, 32, 53, 141 ], "speValues": [ 19, 67, 112, 288 ] },
{ "trainerId": "20063000000", "monsterId": 20053400, "syncMoveId": 74700, "hpValues": [ 87, 157, 225, 472 ], "atkValues": [ 18, 62, 104, 269 ], "defValues": [ 14, 32, 50, 116 ], "spaValues": [ 12, 29, 44, 110 ], "spdValues": [ 8, 19, 28, 72 ], "speValues": [ 12, 31, 49, 115 ] },
{ "trainerId": "20092000000", "monsterId": 20061201, "syncMoveId": 74900, "hpValues": [ 55, 130, 175, 395 ], "atkValues": [ 18, 66, 96, 239 ], "defValues": [ 6, 32, 47, 124 ], "spaValues": [ 3, 17, 26, 59 ], "spdValues": [ 5, 26, 38, 93 ], "speValues": [ 9, 41, 62, 150 ] },
{ "trainerId": "20094000000", "monsterId": 20037300, "syncMoveId": 75000, "hpValues": [ 102, 165, 225, 445 ], "atkValues": [ 14, 52, 88, 231 ], "defValues": [ 14, 42, 69, 168 ], "spaValues": [ 10, 48, 84, 227 ], "spdValues": [ 13, 41, 68, 167 ], "speValues": [ 12, 40, 67, 166 ] },
{ "trainerId": "20096000000", "monsterId": 20075700, "syncMoveId": 75200, "hpValues": [ 92, 160, 220, 467 ], "atkValues": [ 10, 30, 48, 125 ], "defValues": [ 10, 33, 54, 142 ], "spaValues": [ 22, 71, 116, 303 ], "spdValues": [ 10, 33, 54, 142 ], "speValues": [ 16, 52, 85, 217 ] },
{ "trainerId": "20097000000", "monsterId": 20005900, "syncMoveId": 75300, "hpValues": [ 117, 197, 272, 575 ], "atkValues": [ 9, 36, 60, 159 ], "defValues": [ 13, 42, 69, 179 ], "spaValues": [ 8, 35, 59, 158 ], "spdValues": [ 13, 40, 64, 163 ], "speValues": [ 11, 45, 78, 199 ] },
{ "trainerId": "20098000000", "monsterId": 20002661, "syncMoveId": 50401, "hpValues": [ 62, 132, 177, 370 ], "atkValues": [ 10, 25, 34, 78 ], "defValues": [ 5, 32, 50, 127 ], "spaValues": [ 13, 72, 111, 287 ], "spdValues": [ 8, 39, 60, 148 ], "speValues": [ 11, 58, 88, 220 ] },
{ "trainerId": "20099000000", "monsterId": 20039300, "syncMoveId": 40300, "hpValues": [ 62, 145, 197, 445 ], "atkValues": [ 9, 46, 70, 180 ], "defValues": [ 6, 32, 47, 124 ], "spaValues": [ 11, 72, 111, 287 ], "spdValues": [ 6, 32, 47, 124 ], "speValues": [ 9, 47, 71, 181 ] },
{ "trainerId": "20099000001", "monsterId": 20039400, "syncMoveId": 40300, "hpValues": [ 75, 157, 210, 457 ], "atkValues": [ 13, 50, 74, 184 ], "defValues": [ 9, 35, 50, 127 ], "spaValues": [ 18, 81, 123, 310 ], "spdValues": [ 9, 35, 50, 127 ], "speValues": [ 14, 54, 78, 188 ] },
{ "trainerId": "20099000002", "monsterId": 20039500, "syncMoveId": 75400, "hpValues": [ 92, 175, 227, 475 ], "atkValues": [ 19, 56, 80, 190 ], "defValues": [ 13, 39, 54, 131 ], "spaValues": [ 26, 91, 133, 320 ], "spdValues": [ 13, 39, 54, 131 ], "speValues": [ 22, 64, 91, 212 ] },
{ "trainerId": "20101000000", "monsterId": 20049501, "syncMoveId": 40500, "hpValues": [ 82, 177, 237, 512 ], "atkValues": [ 5, 21, 30, 74 ], "defValues": [ 9, 42, 63, 162 ], "spaValues": [ 6, 34, 52, 96 ], "spdValues": [ 9, 49, 73, 183 ], "speValues": [ 7, 39, 60, 148 ] },
{ "trainerId": "20101000001", "monsterId": 20049601, "syncMoveId": 40500, "hpValues": [ 100, 200, 260, 535 ], "atkValues": [ 7, 23, 32, 76 ], "defValues": [ 13, 46, 67, 166 ], "spaValues": [ 9, 37, 55, 99 ], "spdValues": [ 14, 56, 83, 204 ], "speValues": [ 11, 43, 64, 152 ] },
{ "trainerId": "20101000002", "monsterId": 20049701, "syncMoveId": 70000, "hpValues": [ 120, 225, 292, 595 ], "atkValues": [ 10, 26, 35, 79 ], "defValues": [ 19, 52, 73, 172 ], "spaValues": [ 14, 42, 60, 104 ], "spdValues": [ 21, 65, 92, 224 ], "speValues": [ 17, 49, 70, 158 ] },
{ "trainerId": "20110000000", "monsterId": 20012100, "syncMoveId": 77000, "hpValues": [ 82, 177, 237, 512 ], "atkValues": [ 5, 28, 43, 109 ], "defValues": [ 10, 46, 70, 169 ], "spaValues": [ 7, 45, 69, 179 ], "spdValues": [ 9, 47, 71, 181 ], "speValues": [ 8, 51, 78, 199 ] },
{ "trainerId": "28000000000", "monsterId": 20002500, "syncMoveId": 75900, "hpValues": [ 62, 145, 197, 445 ], "atkValues": [ 10, 56, 86, 218 ], "defValues": [ 5, 26, 38, 93 ], "spaValues": [ 11, 72, 111, 287 ], "spdValues": [ 6, 32, 47, 124 ], "speValues": [ 9, 60, 93, 236 ] },
]}
