{ "entries": [
{ "MoveID": 2, "Category": "Physical", "u3": 1, "User": "Pokemon", "Group": "Regular", "Type": "Fighting", "Target": "OpponentSingle", "u8": 1, "Drain": 1, "Power": 16, "Accuracy": 100, "Use": 0 },
{ "MoveID": 7, "Category": "Physical", "u3": 1, "User": "Pokemon", "Group": "Regular", "Type": "Fire", "Target": "OpponentSingle", "u8": 1, "Drain": 2, "Power": 47, "Accuracy": 100, "Use": 0 },
{ "MoveID": 8, "Category": "Physical", "u3": 1, "User": "Pokemon", "Group": "Regular", "Type": "Ice", "Target": "OpponentSingle", "u8": 1, "Drain": 2, "Power": 46, "Accuracy": 100, "Use": 0 },
{ "MoveID": 9, "Category": "Physical", "u3": 1, "User": "Pokemon", "Group": "Regular", "Type": "Electric", "Target": "OpponentSingle", "u8": 1, "Drain": 2, "Power": 47, "Accuracy": 100, "Use": 0 },
{ "MoveID": 16, "Category": "Special", "u3": 1, "User": "Pokemon", "Group": "Regular", "Type": "Flying", "Target": "OpponentSingle", "u8": 1, "Drain": 1, "Power": 20, "Accuracy": 100, "Use": 0 },
{ "MoveID": 18, "Category": "Status", "u3": 1, "User": "Pokemon", "Group": "Regular", "Type": "Normal", "Target": "OpponentSingle", "u8": 1, "Drain": 3, "Power": 0, "Accuracy": 0, "Use": 2 },
{ "MoveID": 22, "Category": "Physical", "u3": 1, "User": "Pokemon", "Group": "Regular", "Type": "Grass", "Target": "OpponentSingle", "u8": 1, "Drain": 1, "Power": 20, "Accuracy": 100, "Use": 0 },
{ "MoveID": 23, "Category": "Physical", "u3": 1, "User": "Pokemon", "Group": "Regular", "Type": "Normal", "Target": "OpponentSingle", "u8": 1, "Drain": 2, "Power": 53, "Accuracy": 100, "Use": 0 },
{ "MoveID": 25, "Category": "Physical", "u3": 1, "User": "Pokemon", "Group": "Regular", "Type": "Normal", "Target": "OpponentSingle", "u8": 1, "Drain": 3, "Power": 167, "Accuracy": 75, "Use": 0 },
{ "MoveID": 33, "Category": "Physical", "u3": 1, "User": "Pokemon", "Group": "Regular", "Type": "Normal", "Target": "OpponentSingle", "u8": 1, "Drain": 1, "Power": 25, "Accuracy": 100, "Use": 0 },
{ "MoveID": 34, "Category": "Physical", "u3": 1, "User": "Pokemon", "Group": "Regular", "Type": "Normal", "Target": "OpponentSingle", "u8": 1, "Drain": 2, "Power": 53, "Accuracy": 100, "Use": 0 },
{ "MoveID": 38, "Category": "Physical", "u3": 1, "User": "Pokemon", "Group": "Regular", "Type": "Normal", "Target": "OpponentSingle", "u8": 1, "Drain": 3, "Power": 167, "Accuracy": 100, "Use": 0 },
{ "MoveID": 40, "Category": "Physical", "u3": 1, "User": "Pokemon", "Group": "Regular", "Type": "Poison", "Target": "OpponentSingle", "u8": 1, "Drain": 1, "Power": 12, "Accuracy": 100, "Use": 0 },
{ "MoveID": 41, "Category": "Physical", "u3": 1, "User": "Pokemon", "Group": "Regular", "Type": "Bug", "Target": "OpponentSingle", "u8": 1, "Drain": 2, "Power": 20, "Accuracy": 100, "Use": 0 },
{ "MoveID": 43, "Category": "Status", "u3": 1, "User": "Pokemon", "Group": "Regular", "Type": "Normal", "Target": "OpponentAll", "u8": 1, "Drain": 1, "Power": 0, "Accuracy": 100, "Use": 0 },
{ "MoveID": 44, "Category": "Physical", "u3": 1, "User": "Pokemon", "Group": "Regular", "Type": "Dark", "Target": "OpponentSingle", "u8": 1, "Drain": 2, "Power": 42, "Accuracy": 100, "Use": 0 },
{ "MoveID": 46, "Category": "Status", "u3": 1, "User": "Pokemon", "Group": "Regular", "Type": "Normal", "Target": "OpponentSingle", "u8": 1, "Drain": 3, "Power": 0, "Accuracy": 0, "Use": 2 },
{ "MoveID": 51, "Category": "Special", "u3": 1, "User": "Pokemon", "Group": "Regular", "Type": "Poison", "Target": "OpponentAll", "u8": 1, "Drain": 1, "Power": 19, "Accuracy": 100, "Use": 0 },
{ "MoveID": 52, "Category": "Special", "u3": 1, "User": "Pokemon", "Group": "Regular", "Type": "Fire", "Target": "OpponentSingle", "u8": 1, "Drain": 1, "Power": 17, "Accuracy": 100, "Use": 0 },
{ "MoveID": 53, "Category": "Special", "u3": 1, "User": "Pokemon", "Group": "Regular", "Type": "Fire", "Target": "OpponentSingle", "u8": 1, "Drain": 2, "Power": 47, "Accuracy": 100, "Use": 0 },
{ "MoveID": 55, "Category": "Special", "u3": 1, "User": "Pokemon", "Group": "Regular", "Type": "Water", "Target": "OpponentSingle", "u8": 1, "Drain": 1, "Power": 20, "Accuracy": 100, "Use": 0 },
{ "MoveID": 56, "Category": "Special", "u3": 1, "User": "Pokemon", "Group": "Regular", "Type": "Water", "Target": "OpponentSingle", "u8": 1, "Drain": 3, "Power": 125, "Accuracy": 80, "Use": 0 },
{ "MoveID": 57, "Category": "Special", "u3": 1, "User": "Pokemon", "Group": "Regular", "Type": "Water", "Target": "OpponentAll", "u8": 1, "Drain": 3, "Power": 100, "Accuracy": 100, "Use": 0 },
{ "MoveID": 58, "Category": "Special", "u3": 1, "User": "Pokemon", "Group": "Regular", "Type": "Ice", "Target": "OpponentSingle", "u8": 1, "Drain": 2, "Power": 46, "Accuracy": 100, "Use": 0 },
{ "MoveID": 59, "Category": "Special", "u3": 1, "User": "Pokemon", "Group": "Regular", "Type": "Ice", "Target": "OpponentAll", "u8": 1, "Drain": 3, "Power": 126, "Accuracy": 70, "Use": 0 },
{ "MoveID": 60, "Category": "Special", "u3": 1, "User": "Pokemon", "Group": "Regular", "Type": "Psychic", "Target": "OpponentSingle", "u8": 1, "Drain": 2, "Power": 48, "Accuracy": 100, "Use": 0 },
{ "MoveID": 61, "Category": "Special", "u3": 1, "User": "Pokemon", "Group": "Regular", "Type": "Water", "Target": "OpponentSingle", "u8": 1, "Drain": 2, "Power": 49, "Accuracy": 100, "Use": 0 },
{ "MoveID": 63, "Category": "Special", "u3": 1, "User": "Pokemon", "Group": "Regular", "Type": "Normal", "Target": "OpponentSingle", "u8": 1, "Drain": 4, "Power": 223, "Accuracy": 90, "Use": 0 },
{ "MoveID": 64, "Category": "Physical", "u3": 1, "User": "Pokemon", "Group": "Regular", "Type": "Flying", "Target": "OpponentSingle", "u8": 1, "Drain": 1, "Power": 20, "Accuracy": 100, "Use": 0 },
{ "MoveID": 71, "Category": "Special", "u3": 1, "User": "Pokemon", "Group": "Regular", "Type": "Grass", "Target": "OpponentSingle", "u8": 1, "Drain": 1, "Power": 19, "Accuracy": 100, "Use": 0 },
{ "MoveID": 78, "Category": "Status", "u3": 1, "User": "Pokemon", "Group": "Regular", "Type": "Grass", "Target": "OpponentSingle", "u8": 1, "Drain": 2, "Power": 0, "Accuracy": 90, "Use": 0 },
{ "MoveID": 79, "Category": "Status", "u3": 1, "User": "Pokemon", "Group": "Regular", "Type": "Grass", "Target": "OpponentSingle", "u8": 1, "Drain": 2, "Power": 0, "Accuracy": 75, "Use": 0 },
{ "MoveID": 83, "Category": "Special", "u3": 1, "User": "Pokemon", "Group": "Regular", "Type": "Fire", "Target": "OpponentSingle", "u8": 1, "Drain": 2, "Power": 38, "Accuracy": 85, "Use": 0 },
{ "MoveID": 84, "Category": "Special", "u3": 1, "User": "Pokemon", "Group": "Regular", "Type": "Electric", "Target": "OpponentSingle", "u8": 1, "Drain": 1, "Power": 17, "Accuracy": 100, "Use": 0 },
{ "MoveID": 85, "Category": "Special", "u3": 1, "User": "Pokemon", "Group": "Regular", "Type": "Electric", "Target": "OpponentSingle", "u8": 1, "Drain": 2, "Power": 47, "Accuracy": 100, "Use": 0 },
{ "MoveID": 86, "Category": "Status", "u3": 1, "User": "Pokemon", "Group": "Regular", "Type": "Electric", "Target": "OpponentSingle", "u8": 1, "Drain": 2, "Power": 0, "Accuracy": 90, "Use": 0 },
{ "MoveID": 87, "Category": "Special", "u3": 1, "User": "Pokemon", "Group": "Regular", "Type": "Electric", "Target": "OpponentSingle", "u8": 1, "Drain": 3, "Power": 124, "Accuracy": 70, "Use": 0 },
{ "MoveID": 88, "Category": "Physical", "u3": 1, "User": "Pokemon", "Group": "Regular", "Type": "Rock", "Target": "OpponentSingle", "u8": 1, "Drain": 1, "Power": 23, "Accuracy": 90, "Use": 0 },
{ "MoveID": 89, "Category": "Physical", "u3": 1, "User": "Pokemon", "Group": "Regular", "Type": "Ground", "Target": "OpponentAll", "u8": 1, "Drain": 3, "Power": 100, "Accuracy": 100, "Use": 0 },
{ "MoveID": 92, "Category": "Status", "u3": 1, "User": "Pokemon", "Group": "Regular", "Type": "Poison", "Target": "OpponentSingle", "u8": 1, "Drain": 2, "Power": 0, "Accuracy": 90, "Use": 0 },
{ "MoveID": 93, "Category": "Special", "u3": 1, "User": "Pokemon", "Group": "Regular", "Type": "Psychic", "Target": "OpponentSingle", "u8": 1, "Drain": 1, "Power": 18, "Accuracy": 100, "Use": 0 },
{ "MoveID": 94, "Category": "Special", "u3": 1, "User": "Pokemon", "Group": "Regular", "Type": "Psychic", "Target": "OpponentSingle", "u8": 1, "Drain": 3, "Power": 99, "Accuracy": 100, "Use": 0 },
{ "MoveID": 95, "Category": "Status", "u3": 1, "User": "Pokemon", "Group": "Regular", "Type": "Psychic", "Target": "OpponentSingle", "u8": 1, "Drain": 2, "Power": 0, "Accuracy": 75, "Use": 0 },
{ "MoveID": 103, "Category": "Status", "u3": 1, "User": "Pokemon", "Group": "Regular", "Type": "Normal", "Target": "OpponentSingle", "u8": 1, "Drain": 2, "Power": 0, "Accuracy": 100, "Use": 0 },
{ "MoveID": 109, "Category": "Status", "u3": 1, "User": "Pokemon", "Group": "Regular", "Type": "Ghost", "Target": "OpponentSingle", "u8": 1, "Drain": 2, "Power": 0, "Accuracy": 100, "Use": 0 },
{ "MoveID": 113, "Category": "Status", "u3": 1, "User": "Pokemon", "Group": "Regular", "Type": "Psychic", "Target": "AllyField", "u8": 1, "Drain": 3, "Power": 0, "Accuracy": 0, "Use": 2 },
{ "MoveID": 114, "Category": "Status", "u3": 1, "User": "Pokemon", "Group": "Regular", "Type": "Ice", "Target": "OpponentAll", "u8": 1, "Drain": 2, "Power": 0, "Accuracy": 0, "Use": 2 },
{ "MoveID": 115, "Category": "Status", "u3": 1, "User": "Pokemon", "Group": "Regular", "Type": "Psychic", "Target": "AllyField", "u8": 1, "Drain": 3, "Power": 0, "Accuracy": 0, "Use": 2 },
{ "MoveID": 122, "Category": "Physical", "u3": 1, "User": "Pokemon", "Group": "Regular", "Type": "Ghost", "Target": "OpponentSingle", "u8": 1, "Drain": 1, "Power": 12, "Accuracy": 100, "Use": 0 },
{ "MoveID": 126, "Category": "Special", "u3": 1, "User": "Pokemon", "Group": "Regular", "Type": "Fire", "Target": "OpponentSingle", "u8": 1, "Drain": 3, "Power": 116, "Accuracy": 85, "Use": 0 },
{ "MoveID": 127, "Category": "Physical", "u3": 1, "User": "Pokemon", "Group": "Regular", "Type": "Water", "Target": "OpponentSingle", "u8": 1, "Drain": 2, "Power": 45, "Accuracy": 100, "Use": 0 },
{ "MoveID": 129, "Category": "Special", "u3": 1, "User": "Pokemon", "Group": "Regular", "Type": "Normal", "Target": "OpponentAll", "u8": 1, "Drain": 2, "Power": 57, "Accuracy": 0, "Use": 0 },
{ "MoveID": 136, "Category": "Physical", "u3": 1, "User": "Pokemon", "Group": "Regular", "Type": "Fighting", "Target": "OpponentSingle", "u8": 1, "Drain": 3, "Power": 135, "Accuracy": 90, "Use": 0 },
{ "MoveID": 138, "Category": "Special", "u3": 1, "User": "Pokemon", "Group": "Regular", "Type": "Psychic", "Target": "OpponentSingle", "u8": 1, "Drain": 3, "Power": 146, "Accuracy": 100, "Use": 0 },
{ "MoveID": 145, "Category": "Special", "u3": 1, "User": "Pokemon", "Group": "Regular", "Type": "Water", "Target": "OpponentAll", "u8": 1, "Drain": 1, "Power": 19, "Accuracy": 100, "Use": 0 },
{ "MoveID": 153, "Category": "Physical", "u3": 1, "User": "Pokemon", "Group": "Regular", "Type": "Normal", "Target": "OpponentAll", "u8": 1, "Drain": 3, "Power": 350, "Accuracy": 100, "Use": 0 },
{ "MoveID": 157, "Category": "Physical", "u3": 1, "User": "Pokemon", "Group": "Regular", "Type": "Rock", "Target": "OpponentAll", "u8": 1, "Drain": 3, "Power": 105, "Accuracy": 90, "Use": 0 },
{ "MoveID": 172, "Category": "Physical", "u3": 1, "User": "Pokemon", "Group": "Regular", "Type": "Fire", "Target": "OpponentSingle", "u8": 1, "Drain": 2, "Power": 42, "Accuracy": 100, "Use": 0 },
{ "MoveID": 181, "Category": "Special", "u3": 1, "User": "Pokemon", "Group": "Regular", "Type": "Ice", "Target": "OpponentAll", "u8": 1, "Drain": 1, "Power": 16, "Accuracy": 100, "Use": 0 },
{ "MoveID": 185, "Category": "Physical", "u3": 1, "User": "Pokemon", "Group": "Regular", "Type": "Dark", "Target": "OpponentSingle", "u8": 1, "Drain": 2, "Power": 45, "Accuracy": 0, "Use": 0 },
{ "MoveID": 188, "Category": "Special", "u3": 1, "User": "Pokemon", "Group": "Regular", "Type": "Poison", "Target": "OpponentSingle", "u8": 1, "Drain": 3, "Power": 92, "Accuracy": 100, "Use": 0 },
{ "MoveID": 189, "Category": "Special", "u3": 1, "User": "Pokemon", "Group": "Regular", "Type": "Ground", "Target": "OpponentSingle", "u8": 1, "Drain": 1, "Power": 13, "Accuracy": 90, "Use": 0 },
{ "MoveID": 196, "Category": "Special", "u3": 1, "User": "Pokemon", "Group": "Regular", "Type": "Ice", "Target": "OpponentAll", "u8": 1, "Drain": 3, "Power": 92, "Accuracy": 95, "Use": 0 },
{ "MoveID": 200, "Category": "Physical", "u3": 1, "User": "Pokemon", "Group": "Regular", "Type": "Dragon", "Target": "OpponentSingle", "u8": 1, "Drain": 3, "Power": 115, "Accuracy": 100, "Use": 0 },
{ "MoveID": 201, "Category": "Status", "u3": 1, "User": "Pokemon", "Group": "Regular", "Type": "Rock", "Target": "EntireField", "u8": 1, "Drain": 2, "Power": 0, "Accuracy": 0, "Use": 2 },
{ "MoveID": 202, "Category": "Special", "u3": 1, "User": "Pokemon", "Group": "Regular", "Type": "Grass", "Target": "OpponentSingle", "u8": 1, "Drain": 3, "Power": 91, "Accuracy": 100, "Use": 0 },
{ "MoveID": 204, "Category": "Status", "u3": 1, "User": "Pokemon", "Group": "Regular", "Type": "Fairy", "Target": "OpponentSingle", "u8": 1, "Drain": 2, "Power": 0, "Accuracy": 100, "Use": 0 },
{ "MoveID": 210, "Category": "Physical", "u3": 1, "User": "Pokemon", "Group": "Regular", "Type": "Bug", "Target": "OpponentSingle", "u8": 1, "Drain": 1, "Power": 8, "Accuracy": 95, "Use": 0 },
{ "MoveID": 211, "Category": "Physical", "u3": 1, "User": "Pokemon", "Group": "Regular", "Type": "Steel", "Target": "OpponentSingle", "u8": 1, "Drain": 2, "Power": 55, "Accuracy": 90, "Use": 0 },
{ "MoveID": 225, "Category": "Special", "u3": 1, "User": "Pokemon", "Group": "Regular", "Type": "Dragon", "Target": "OpponentSingle", "u8": 1, "Drain": 2, "Power": 42, "Accuracy": 100, "Use": 0 },
{ "MoveID": 231, "Category": "Physical", "u3": 1, "User": "Pokemon", "Group": "Regular", "Type": "Steel", "Target": "OpponentSingle", "u8": 1, "Drain": 3, "Power": 132, "Accuracy": 75, "Use": 0 },
{ "MoveID": 232, "Category": "Physical", "u3": 1, "User": "Pokemon", "Group": "Regular", "Type": "Steel", "Target": "OpponentSingle", "u8": 1, "Drain": 1, "Power": 21, "Accuracy": 95, "Use": 0 },
{ "MoveID": 238, "Category": "Physical", "u3": 1, "User": "Pokemon", "Group": "Regular", "Type": "Fighting", "Target": "OpponentSingle", "u8": 1, "Drain": 3, "Power": 100, "Accuracy": 80, "Use": 0 },
{ "MoveID": 240, "Category": "Status", "u3": 1, "User": "Pokemon", "Group": "Regular", "Type": "Water", "Target": "EntireField", "u8": 1, "Drain": 2, "Power": 0, "Accuracy": 0, "Use": 2 },
{ "MoveID": 241, "Category": "Status", "u3": 1, "User": "Pokemon", "Group": "Regular", "Type": "Fire", "Target": "EntireField", "u8": 1, "Drain": 2, "Power": 0, "Accuracy": 0, "Use": 2 },
{ "MoveID": 242, "Category": "Physical", "u3": 1, "User": "Pokemon", "Group": "Regular", "Type": "Dark", "Target": "OpponentSingle", "u8": 1, "Drain": 3, "Power": 99, "Accuracy": 100, "Use": 0 },
{ "MoveID": 246, "Category": "Special", "u3": 1, "User": "Pokemon", "Group": "Regular", "Type": "Rock", "Target": "OpponentSingle", "u8": 1, "Drain": 2, "Power": 47, "Accuracy": 100, "Use": 0 },
{ "MoveID": 247, "Category": "Special", "u3": 1, "User": "Pokemon", "Group": "Regular", "Type": "Ghost", "Target": "OpponentSingle", "u8": 1, "Drain": 3, "Power": 99, "Accuracy": 100, "Use": 0 },
{ "MoveID": 249, "Category": "Physical", "u3": 1, "User": "Pokemon", "Group": "Regular", "Type": "Fighting", "Target": "OpponentSingle", "u8": 1, "Drain": 2, "Power": 46, "Accuracy": 100, "Use": 0 },
{ "MoveID": 257, "Category": "Special", "u3": 1, "User": "Pokemon", "Group": "Regular", "Type": "Fire", "Target": "OpponentAll", "u8": 1, "Drain": 3, "Power": 109, "Accuracy": 90, "Use": 0 },
{ "MoveID": 258, "Category": "Status", "u3": 1, "User": "Pokemon", "Group": "Regular", "Type": "Ice", "Target": "EntireField", "u8": 1, "Drain": 2, "Power": 0, "Accuracy": 0, "Use": 2 },
{ "MoveID": 261, "Category": "Status", "u3": 1, "User": "Pokemon", "Group": "Regular", "Type": "Fire", "Target": "OpponentSingle", "u8": 1, "Drain": 2, "Power": 0, "Accuracy": 90, "Use": 0 },
{ "MoveID": 263, "Category": "Physical", "u3": 1, "User": "Pokemon", "Group": "Regular", "Type": "Normal", "Target": "OpponentSingle", "u8": 1, "Drain": 2, "Power": 47, "Accuracy": 100, "Use": 0 },
{ "MoveID": 280, "Category": "Physical", "u3": 1, "User": "Pokemon", "Group": "Regular", "Type": "Fighting", "Target": "OpponentSingle", "u8": 1, "Drain": 2, "Power": 35, "Accuracy": 100, "Use": 0 },
{ "MoveID": 289, "Category": "Status", "u3": 1, "User": "Pokemon", "Group": "Regular", "Type": "Dark", "Target": "OpponentSingle", "u8": 1, "Drain": 2, "Power": 0, "Accuracy": 0, "Use": 2 },
{ "MoveID": 297, "Category": "Status", "u3": 1, "User": "Pokemon", "Group": "Regular", "Type": "Flying", "Target": "OpponentSingle", "u8": 1, "Drain": 2, "Power": 0, "Accuracy": 100, "Use": 0 },
{ "MoveID": 304, "Category": "Special", "u3": 1, "User": "Pokemon", "Group": "Regular", "Type": "Normal", "Target": "OpponentAll", "u8": 1, "Drain": 2, "Power": 63, "Accuracy": 100, "Use": 0 },
{ "MoveID": 305, "Category": "Physical", "u3": 1, "User": "Pokemon", "Group": "Regular", "Type": "Poison", "Target": "OpponentSingle", "u8": 1, "Drain": 2, "Power": 34, "Accuracy": 100, "Use": 0 },
{ "MoveID": 310, "Category": "Physical", "u3": 1, "User": "Pokemon", "Group": "Regular", "Type": "Ghost", "Target": "OpponentSingle", "u8": 1, "Drain": 1, "Power": 12, "Accuracy": 100, "Use": 0 },
{ "MoveID": 314, "Category": "Special", "u3": 1, "User": "Pokemon", "Group": "Regular", "Type": "Flying", "Target": "OpponentAll", "u8": 1, "Drain": 2, "Power": 43, "Accuracy": 95, "Use": 0 },
{ "MoveID": 315, "Category": "Special", "u3": 1, "User": "Pokemon", "Group": "Regular", "Type": "Fire", "Target": "OpponentSingle", "u8": 1, "Drain": 3, "Power": 136, "Accuracy": 90, "Use": 0 },
{ "MoveID": 317, "Category": "Physical", "u3": 1, "User": "Pokemon", "Group": "Regular", "Type": "Rock", "Target": "OpponentSingle", "u8": 1, "Drain": 2, "Power": 39, "Accuracy": 95, "Use": 0 },
{ "MoveID": 319, "Category": "Status", "u3": 1, "User": "Pokemon", "Group": "Regular", "Type": "Steel", "Target": "OpponentSingle", "u8": 1, "Drain": 2, "Power": 0, "Accuracy": 100, "Use": 0 },
{ "MoveID": 325, "Category": "Physical", "u3": 1, "User": "Pokemon", "Group": "Regular", "Type": "Ghost", "Target": "OpponentSingle", "u8": 1, "Drain": 2, "Power": 45, "Accuracy": 0, "Use": 0 },
{ "MoveID": 328, "Category": "Physical", "u3": 1, "User": "Pokemon", "Group": "Regular", "Type": "Ground", "Target": "OpponentSingle", "u8": 1, "Drain": 2, "Power": 38, "Accuracy": 85, "Use": 0 },
{ "MoveID": 331, "Category": "Physical", "u3": 1, "User": "Pokemon", "Group": "Regular", "Type": "Grass", "Target": "OpponentSingle", "u8": 1, "Drain": 2, "Power": 15, "Accuracy": 100, "Use": 0 },
{ "MoveID": 332, "Category": "Physical", "u3": 1, "User": "Pokemon", "Group": "Regular", "Type": "Flying", "Target": "OpponentSingle", "u8": 1, "Drain": 2, "Power": 45, "Accuracy": 0, "Use": 0 },
{ "MoveID": 337, "Category": "Physical", "u3": 1, "User": "Pokemon", "Group": "Regular", "Type": "Dragon", "Target": "OpponentSingle", "u8": 1, "Drain": 2, "Power": 50, "Accuracy": 100, "Use": 0 },
{ "MoveID": 339, "Category": "Status", "u3": 1, "User": "Pokemon", "Group": "Regular", "Type": "Fighting", "Target": "Self", "u8": 1, "Drain": 2, "Power": 0, "Accuracy": 0, "Use": 0 },
{ "MoveID": 341, "Category": "Special", "u3": 1, "User": "Pokemon", "Group": "Regular", "Type": "Ground", "Target": "OpponentSingle", "u8": 1, "Drain": 2, "Power": 39, "Accuracy": 95, "Use": 0 },
{ "MoveID": 342, "Category": "Physical", "u3": 1, "User": "Pokemon", "Group": "Regular", "Type": "Poison", "Target": "OpponentSingle", "u8": 1, "Drain": 2, "Power": 38, "Accuracy": 100, "Use": 0 },
{ "MoveID": 352, "Category": "Special", "u3": 1, "User": "Pokemon", "Group": "Regular", "Type": "Water", "Target": "OpponentSingle", "u8": 1, "Drain": 2, "Power": 47, "Accuracy": 100, "Use": 0 },
{ "MoveID": 360, "Category": "Physical", "u3": 1, "User": "Pokemon", "Group": "Regular", "Type": "Steel", "Target": "OpponentSingle", "u8": 1, "Drain": 2, "Power": 44, "Accuracy": 100, "Use": 0 },
{ "MoveID": 370, "Category": "Physical", "u3": 1, "User": "Pokemon", "Group": "Regular", "Type": "Fighting", "Target": "OpponentSingle", "u8": 1, "Drain": 3, "Power": 124, "Accuracy": 100, "Use": 0 },
{ "MoveID": 394, "Category": "Physical", "u3": 1, "User": "Pokemon", "Group": "Regular", "Type": "Fire", "Target": "OpponentSingle", "u8": 1, "Drain": 3, "Power": 123, "Accuracy": 100, "Use": 0 },
{ "MoveID": 396, "Category": "Special", "u3": 1, "User": "Pokemon", "Group": "Regular", "Type": "Fighting", "Target": "OpponentSingle", "u8": 1, "Drain": 2, "Power": 45, "Accuracy": 0, "Use": 0 },
{ "MoveID": 398, "Category": "Physical", "u3": 1, "User": "Pokemon", "Group": "Regular", "Type": "Poison", "Target": "OpponentSingle", "u8": 1, "Drain": 3, "Power": 92, "Accuracy": 100, "Use": 0 },
{ "MoveID": 399, "Category": "Special", "u3": 1, "User": "Pokemon", "Group": "Regular", "Type": "Dark", "Target": "OpponentSingle", "u8": 1, "Drain": 3, "Power": 95, "Accuracy": 100, "Use": 0 },
{ "MoveID": 401, "Category": "Physical", "u3": 1, "User": "Pokemon", "Group": "Regular", "Type": "Water", "Target": "OpponentSingle", "u8": 1, "Drain": 2, "Power": 56, "Accuracy": 90, "Use": 0 },
{ "MoveID": 403, "Category": "Special", "u3": 1, "User": "Pokemon", "Group": "Regular", "Type": "Flying", "Target": "OpponentSingle", "u8": 1, "Drain": 2, "Power": 45, "Accuracy": 95, "Use": 0 },
{ "MoveID": 404, "Category": "Physical", "u3": 1, "User": "Pokemon", "Group": "Regular", "Type": "Bug", "Target": "OpponentSingle", "u8": 1, "Drain": 2, "Power": 50, "Accuracy": 100, "Use": 0 },
{ "MoveID": 405, "Category": "Special", "u3": 1, "User": "Pokemon", "Group": "Regular", "Type": "Bug", "Target": "OpponentSingle", "u8": 1, "Drain": 3, "Power": 99, "Accuracy": 100, "Use": 0 },
{ "MoveID": 408, "Category": "Special", "u3": 1, "User": "Pokemon", "Group": "Regular", "Type": "Rock", "Target": "OpponentSingle", "u8": 1, "Drain": 3, "Power": 100, "Accuracy": 100, "Use": 0 },
{ "MoveID": 409, "Category": "Physical", "u3": 1, "User": "Pokemon", "Group": "Regular", "Type": "Fighting", "Target": "OpponentSingle", "u8": 1, "Drain": 3, "Power": 91, "Accuracy": 100, "Use": 0 },
{ "MoveID": 410, "Category": "Special", "u3": 1, "User": "Pokemon", "Group": "Regular", "Type": "Fighting", "Target": "OpponentSingle", "u8": 1, "Drain": 1, "Power": 20, "Accuracy": 100, "Use": 0 },
{ "MoveID": 412, "Category": "Special", "u3": 1, "User": "Pokemon", "Group": "Regular", "Type": "Grass", "Target": "OpponentSingle", "u8": 1, "Drain": 2, "Power": 49, "Accuracy": 100, "Use": 0 },
{ "MoveID": 413, "Category": "Physical", "u3": 1, "User": "Pokemon", "Group": "Regular", "Type": "Flying", "Target": "OpponentSingle", "u8": 1, "Drain": 3, "Power": 134, "Accuracy": 100, "Use": 0 },
{ "MoveID": 414, "Category": "Special", "u3": 1, "User": "Pokemon", "Group": "Regular", "Type": "Ground", "Target": "OpponentSingle", "u8": 1, "Drain": 3, "Power": 99, "Accuracy": 100, "Use": 0 },
{ "MoveID": 416, "Category": "Physical", "u3": 1, "User": "Pokemon", "Group": "Regular", "Type": "Normal", "Target": "OpponentSingle", "u8": 1, "Drain": 4, "Power": 223, "Accuracy": 90, "Use": 0 },
{ "MoveID": 419, "Category": "Physical", "u3": 1, "User": "Pokemon", "Group": "Regular", "Type": "Ice", "Target": "OpponentSingle", "u8": 1, "Drain": 2, "Power": 75, "Accuracy": 100, "Use": 0 },
{ "MoveID": 420, "Category": "Physical", "u3": 1, "User": "Pokemon", "Group": "Regular", "Type": "Ice", "Target": "OpponentSingle", "u8": 1, "Drain": 1, "Power": 20, "Accuracy": 100, "Use": 0 },
{ "MoveID": 421, "Category": "Physical", "u3": 1, "User": "Pokemon", "Group": "Regular", "Type": "Ghost", "Target": "OpponentSingle", "u8": 1, "Drain": 2, "Power": 40, "Accuracy": 100, "Use": 0 },
{ "MoveID": 422, "Category": "Physical", "u3": 1, "User": "Pokemon", "Group": "Regular", "Type": "Electric", "Target": "OpponentSingle", "u8": 1, "Drain": 2, "Power": 47, "Accuracy": 95, "Use": 0 },
{ "MoveID": 423, "Category": "Physical", "u3": 1, "User": "Pokemon", "Group": "Regular", "Type": "Ice", "Target": "OpponentSingle", "u8": 1, "Drain": 2, "Power": 46, "Accuracy": 95, "Use": 0 },
{ "MoveID": 428, "Category": "Physical", "u3": 1, "User": "Pokemon", "Group": "Regular", "Type": "Psychic", "Target": "OpponentSingle", "u8": 1, "Drain": 2, "Power": 51, "Accuracy": 90, "Use": 0 },
{ "MoveID": 429, "Category": "Special", "u3": 1, "User": "Pokemon", "Group": "Regular", "Type": "Steel", "Target": "OpponentSingle", "u8": 1, "Drain": 2, "Power": 57, "Accuracy": 85, "Use": 0 },
{ "MoveID": 430, "Category": "Special", "u3": 1, "User": "Pokemon", "Group": "Regular", "Type": "Steel", "Target": "OpponentSingle", "u8": 1, "Drain": 3, "Power": 99, "Accuracy": 100, "Use": 0 },
{ "MoveID": 434, "Category": "Special", "u3": 1, "User": "Pokemon", "Group": "Regular", "Type": "Dragon", "Target": "OpponentSingle", "u8": 1, "Drain": 3, "Power": 136, "Accuracy": 90, "Use": 0 },
{ "MoveID": 435, "Category": "Special", "u3": 1, "User": "Pokemon", "Group": "Regular", "Type": "Electric", "Target": "OpponentAll", "u8": 1, "Drain": 3, "Power": 92, "Accuracy": 100, "Use": 0 },
{ "MoveID": 437, "Category": "Special", "u3": 1, "User": "Pokemon", "Group": "Regular", "Type": "Grass", "Target": "OpponentSingle", "u8": 1, "Drain": 3, "Power": 136, "Accuracy": 90, "Use": 0 },
{ "MoveID": 440, "Category": "Physical", "u3": 1, "User": "Pokemon", "Group": "Regular", "Type": "Poison", "Target": "OpponentSingle", "u8": 1, "Drain": 2, "Power": 38, "Accuracy": 100, "Use": 0 },
{ "MoveID": 442, "Category": "Physical", "u3": 1, "User": "Pokemon", "Group": "Regular", "Type": "Steel", "Target": "OpponentSingle", "u8": 1, "Drain": 3, "Power": 92, "Accuracy": 100, "Use": 0 },
{ "MoveID": 444, "Category": "Physical", "u3": 1, "User": "Pokemon", "Group": "Regular", "Type": "Rock", "Target": "OpponentSingle", "u8": 1, "Drain": 3, "Power": 100, "Accuracy": 80, "Use": 0 },
{ "MoveID": 457, "Category": "Physical", "u3": 1, "User": "Pokemon", "Group": "Regular", "Type": "Rock", "Target": "OpponentSingle", "u8": 1, "Drain": 3, "Power": 188, "Accuracy": 80, "Use": 0 },
{ "MoveID": 469, "Category": "Status", "u3": 1, "User": "Pokemon", "Group": "Regular", "Type": "Rock", "Target": "Self", "u8": 1, "Drain": 1, "Power": 0, "Accuracy": 0, "Use": 1 },
{ "MoveID": 474, "Category": "Special", "u3": 1, "User": "Pokemon", "Group": "Regular", "Type": "Poison", "Target": "OpponentSingle", "u8": 1, "Drain": 2, "Power": 42, "Accuracy": 100, "Use": 0 },
{ "MoveID": 477, "Category": "Status", "u3": 1, "User": "Pokemon", "Group": "Regular", "Type": "Psychic", "Target": "OpponentSingle", "u8": 1, "Drain": 2, "Power": 0, "Accuracy": 0, "Use": 0 },
{ "MoveID": 479, "Category": "Physical", "u3": 1, "User": "Pokemon", "Group": "Regular", "Type": "Rock", "Target": "OpponentSingle", "u8": 1, "Drain": 1, "Power": 20, "Accuracy": 100, "Use": 0 },
{ "MoveID": 482, "Category": "Special", "u3": 1, "User": "Pokemon", "Group": "Regular", "Type": "Poison", "Target": "OpponentAll", "u8": 1, "Drain": 3, "Power": 97, "Accuracy": 100, "Use": 0 },
{ "MoveID": 488, "Category": "Physical", "u3": 1, "User": "Pokemon", "Group": "Regular", "Type": "Fire", "Target": "OpponentSingle", "u8": 1, "Drain": 2, "Power": 30, "Accuracy": 100, "Use": 0 },
{ "MoveID": 490, "Category": "Physical", "u3": 1, "User": "Pokemon", "Group": "Regular", "Type": "Fighting", "Target": "OpponentSingle", "u8": 1, "Drain": 2, "Power": 30, "Accuracy": 100, "Use": 0 },
{ "MoveID": 499, "Category": "Special", "u3": 1, "User": "Pokemon", "Group": "Regular", "Type": "Poison", "Target": "OpponentSingle", "u8": 1, "Drain": 2, "Power": 63, "Accuracy": 0, "Use": 2 },
{ "MoveID": 500, "Category": "Special", "u3": 1, "User": "Pokemon", "Group": "Regular", "Type": "Psychic", "Target": "OpponentSingle", "u8": 1, "Drain": 2, "Power": 13, "Accuracy": 100, "Use": 0 },
{ "MoveID": 506, "Category": "Special", "u3": 1, "User": "Pokemon", "Group": "Regular", "Type": "Ghost", "Target": "OpponentSingle", "u8": 1, "Drain": 2, "Power": 38, "Accuracy": 100, "Use": 0 },
{ "MoveID": 522, "Category": "Special", "u3": 1, "User": "Pokemon", "Group": "Regular", "Type": "Bug", "Target": "OpponentAll", "u8": 1, "Drain": 2, "Power": 30, "Accuracy": 100, "Use": 0 },
{ "MoveID": 523, "Category": "Physical", "u3": 1, "User": "Pokemon", "Group": "Regular", "Type": "Ground", "Target": "OpponentAll", "u8": 1, "Drain": 3, "Power": 80, "Accuracy": 100, "Use": 0 },
{ "MoveID": 528, "Category": "Physical", "u3": 1, "User": "Pokemon", "Group": "Regular", "Type": "Electric", "Target": "OpponentSingle", "u8": 1, "Drain": 3, "Power": 125, "Accuracy": 100, "Use": 0 },
{ "MoveID": 542, "Category": "Special", "u3": 1, "User": "Pokemon", "Group": "Regular", "Type": "Flying", "Target": "OpponentSingle", "u8": 1, "Drain": 3, "Power": 126, "Accuracy": 70, "Use": 0 },
{ "MoveID": 555, "Category": "Special", "u3": 1, "User": "Pokemon", "Group": "Regular", "Type": "Dark", "Target": "OpponentAll", "u8": 1, "Drain": 2, "Power": 39, "Accuracy": 95, "Use": 0 },
{ "MoveID": 565, "Category": "Physical", "u3": 1, "User": "Pokemon", "Group": "Regular", "Type": "Bug", "Target": "OpponentSingle", "u8": 1, "Drain": 2, "Power": 44, "Accuracy": 100, "Use": 0 },
{ "MoveID": 572, "Category": "Physical", "u3": 1, "User": "Pokemon", "Group": "Regular", "Type": "Grass", "Target": "OpponentAll", "u8": 1, "Drain": 3, "Power": 100, "Accuracy": 100, "Use": 0 },
{ "MoveID": 583, "Category": "Physical", "u3": 1, "User": "Pokemon", "Group": "Regular", "Type": "Fairy", "Target": "OpponentSingle", "u8": 1, "Drain": 3, "Power": 111, "Accuracy": 90, "Use": 0 },
{ "MoveID": 588, "Category": "Status", "u3": 1, "User": "Pokemon", "Group": "Regular", "Type": "Steel", "Target": "Self", "u8": 1, "Drain": 2, "Power": 0, "Accuracy": 0, "Use": 2 },
{ "MoveID": 598, "Category": "Status", "u3": 1, "User": "Pokemon", "Group": "Regular", "Type": "Electric", "Target": "OpponentSingle", "u8": 1, "Drain": 2, "Power": 0, "Accuracy": 100, "Use": 0 },
{ "MoveID": 599, "Category": "Status", "u3": 1, "User": "Pokemon", "Group": "Regular", "Type": "Poison", "Target": "OpponentAll", "u8": 1, "Drain": 2, "Power": 0, "Accuracy": 100, "Use": 0 },
{ "MoveID": 605, "Category": "Special", "u3": 1, "User": "Pokemon", "Group": "Regular", "Type": "Fairy", "Target": "OpponentAll", "u8": 1, "Drain": 2, "Power": 50, "Accuracy": 100, "Use": 0 },
{ "MoveID": 609, "Category": "Physical", "u3": 1, "User": "Pokemon", "Group": "Regular", "Type": "Electric", "Target": "OpponentSingle", "u8": 1, "Drain": 3, "Power": 20, "Accuracy": 100, "Use": 0 },
{ "MoveID": 611, "Category": "Special", "u3": 1, "User": "Pokemon", "Group": "Regular", "Type": "Bug", "Target": "OpponentSingle", "u8": 1, "Drain": 2, "Power": 20, "Accuracy": 100, "Use": 0 },
{ "MoveID": 612, "Category": "Physical", "u3": 1, "User": "Pokemon", "Group": "Regular", "Type": "Fighting", "Target": "OpponentSingle", "u8": 1, "Drain": 2, "Power": 30, "Accuracy": 100, "Use": 0 },
{ "MoveID": 629, "Category": "Physical", "u3": 1, "User": "Pokemon", "Group": "Regular", "Type": "Ground", "Target": "OpponentSingle", "u8": 1, "Drain": 3, "Power": 106, "Accuracy": 95, "Use": 0 },
{ "MoveID": 652, "Category": "Physical", "u3": 1, "User": "Pokemon", "Group": "Regular", "Type": "Flying", "Target": "OpponentSingle", "u8": 1, "Drain": 2, "Power": 75, "Accuracy": 100, "Use": 0 },
{ "MoveID": 660, "Category": "Physical", "u3": 1, "User": "Pokemon", "Group": "Regular", "Type": "Ground", "Target": "OpponentSingle", "u8": 1, "Drain": 2, "Power": 44, "Accuracy": 100, "Use": 0 },
{ "MoveID": 662, "Category": "Physical", "u3": 1, "User": "Pokemon", "Group": "Regular", "Type": "Rock", "Target": "OpponentSingle", "u8": 1, "Drain": 0, "Power": 75, "Accuracy": 100, "Use": 3 },
{ "MoveID": 663, "Category": "Physical", "u3": 1, "User": "Pokemon", "Group": "Regular", "Type": "Water", "Target": "OpponentSingle", "u8": 1, "Drain": 3, "Power": 99, "Accuracy": 100, "Use": 0 },
{ "MoveID": 668, "Category": "Physical", "u3": 1, "User": "Pokemon", "Group": "Regular", "Type": "Electric", "Target": "OpponentSingle", "u8": 1, "Drain": 2, "Power": 42, "Accuracy": 100, "Use": 0 },
{ "MoveID": 8011, "Category": "Special", "u3": 1, "User": "Pokemon", "Group": "Regular", "Type": "Psychic", "Target": "OpponentSingle", "u8": 1, "Drain": 2, "Power": 50, "Accuracy": 100, "Use": 0 },
{ "MoveID": 9010, "Category": "Status", "u3": 1, "User": "Pokemon", "Group": "Regular", "Type": "NoType", "Target": "Self", "u8": 1, "Drain": 0, "Power": 0, "Accuracy": 0, "Use": 0 },
{ "MoveID": 9011, "Category": "Status", "u3": 1, "User": "Pokemon", "Group": "Regular", "Type": "NoType", "Target": "AllyAll", "u8": 1, "Drain": 0, "Power": 0, "Accuracy": 0, "Use": 0 },
{ "MoveID": 9012, "Category": "Status", "u3": 1, "User": "Pokemon", "Group": "Regular", "Type": "NoType", "Target": "Self", "u8": 1, "Drain": 0, "Power": 0, "Accuracy": 0, "Use": 0 },
{ "MoveID": 9013, "Category": "Physical", "u3": 1, "User": "Pokemon", "Group": "Regular", "Type": "Normal", "Target": "OpponentAll", "u8": 1, "Drain": 0, "Power": 350, "Accuracy": 100, "Use": 0 },
{ "MoveID": 9014, "Category": "Status", "u3": 1, "User": "Pokemon", "Group": "Regular", "Type": "NoType", "Target": "Self", "u8": 1, "Drain": 0, "Power": 0, "Accuracy": 0, "Use": 0 },
{ "MoveID": 9015, "Category": "Status", "u3": 1, "User": "Pokemon", "Group": "Regular", "Type": "NoType", "Target": "Self", "u8": 1, "Drain": 0, "Power": 0, "Accuracy": 0, "Use": 0 },
{ "MoveID": 9016, "Category": "Status", "u3": 1, "User": "Pokemon", "Group": "Regular", "Type": "NoType", "Target": "OpponentAll", "u8": 1, "Drain": 0, "Power": 0, "Accuracy": 0, "Use": 0 },
{ "MoveID": 9017, "Category": "Status", "u3": 1, "User": "Pokemon", "Group": "Regular", "Type": "NoType", "Target": "Self", "u8": 1, "Drain": 0, "Power": 0, "Accuracy": 0, "Use": 0 },
{ "MoveID": 9018, "Category": "Status", "u3": 1, "User": "Pokemon", "Group": "Regular", "Type": "NoType", "Target": "Self", "u8": 1, "Drain": 0, "Power": 0, "Accuracy": 0, "Use": 0 },
{ "MoveID": 9019, "Category": "Status", "u3": 1, "User": "Pokemon", "Group": "Regular", "Type": "NoType", "Target": "Self", "u8": 1, "Drain": 0, "Power": 0, "Accuracy": 0, "Use": 0 },
{ "MoveID": 9020, "Category": "Status", "u3": 1, "User": "Pokemon", "Group": "Regular", "Type": "NoType", "Target": "OpponentAll", "u8": 1, "Drain": 0, "Power": 0, "Accuracy": 0, "Use": 0 },
{ "MoveID": 9021, "Category": "Status", "u3": 1, "User": "Pokemon", "Group": "Regular", "Type": "NoType", "Target": "Self", "u8": 1, "Drain": 0, "Power": 0, "Accuracy": 0, "Use": 0 },
{ "MoveID": 9022, "Category": "Status", "u3": 1, "User": "Pokemon", "Group": "Regular", "Type": "NoType", "Target": "Self", "u8": 1, "Drain": 0, "Power": 0, "Accuracy": 0, "Use": 0 },
{ "MoveID": 9023, "Category": "Status", "u3": 1, "User": "Pokemon", "Group": "Regular", "Type": "Steel", "Target": 10, "u8": 1, "Drain": 0, "Power": 0, "Accuracy": 0, "Use": 0 },
{ "MoveID": 9024, "Category": "Status", "u3": 1, "User": "Pokemon", "Group": "Regular", "Type": "Steel", "Target": "Self", "u8": 1, "Drain": 0, "Power": 0, "Accuracy": 0, "Use": 0 },
{ "MoveID": 9025, "Category": "Status", "u3": 1, "User": "Pokemon", "Group": "Regular", "Type": "Flying", "Target": 10, "u8": 1, "Drain": 0, "Power": 0, "Accuracy": 0, "Use": 0 },
{ "MoveID": 9026, "Category": "Physical", "u3": 1, "User": "Pokemon", "Group": "Regular", "Type": "Flying", "Target": 11, "u8": 1, "Drain": 0, "Power": 75, "Accuracy": 100, "Use": 0 },
{ "MoveID": 9027, "Category": "Physical", "u3": 1, "User": "Pokemon", "Group": "Regular", "Type": "Ice", "Target": 11, "u8": 1, "Drain": 0, "Power": 75, "Accuracy": 100, "Use": 0 },
{ "MoveID": 9028, "Category": "Physical", "u3": 1, "User": "Pokemon", "Group": "Regular", "Type": "Ice", "Target": 11, "u8": 1, "Drain": 0, "Power": 75, "Accuracy": 100, "Use": 0 },
{ "MoveID": 9029, "Category": "Status", "u3": 1, "User": "Pokemon", "Group": "Regular", "Type": "Rock", "Target": "Self", "u8": 1, "Drain": 0, "Power": 0, "Accuracy": 0, "Use": 0 },
{ "MoveID": 9030, "Category": "Status", "u3": 1, "User": "Pokemon", "Group": "Regular", "Type": "NoType", "Target": "Self", "u8": 1, "Drain": 0, "Power": 0, "Accuracy": 0, "Use": 0 },
{ "MoveID": 9031, "Category": "Status", "u3": 1, "User": "Pokemon", "Group": "Regular", "Type": "NoType", "Target": "Self", "u8": 1, "Drain": 0, "Power": 0, "Accuracy": 0, "Use": 0 },
{ "MoveID": 9032, "Category": "Status", "u3": 1, "User": "Pokemon", "Group": "Regular", "Type": "NoType", "Target": "Self", "u8": 1, "Drain": 0, "Power": 0, "Accuracy": 0, "Use": 0 },
{ "MoveID": 9033, "Category": "Status", "u3": 1, "User": "Pokemon", "Group": "Regular", "Type": "NoType", "Target": "Self", "u8": 1, "Drain": 0, "Power": 0, "Accuracy": 0, "Use": 0 },
{ "MoveID": 9034, "Category": "Status", "u3": 1, "User": "Pokemon", "Group": "Regular", "Type": "NoType", "Target": "Self", "u8": 1, "Drain": 0, "Power": 0, "Accuracy": 0, "Use": 0 },
{ "MoveID": 9035, "Category": "Status", "u3": 1, "User": "Pokemon", "Group": "Regular", "Type": "NoType", "Target": "Self", "u8": 1, "Drain": 0, "Power": 0, "Accuracy": 0, "Use": 0 },
{ "MoveID": 9036, "Category": "Status", "u3": 1, "User": "Pokemon", "Group": "Regular", "Type": "NoType", "Target": "Self", "u8": 1, "Drain": 0, "Power": 0, "Accuracy": 0, "Use": 0 },
{ "MoveID": 9037, "Category": "Status", "u3": 1, "User": "Pokemon", "Group": "Regular", "Type": "NoType", "Target": "Self", "u8": 1, "Drain": 0, "Power": 0, "Accuracy": 0, "Use": 0 },
{ "MoveID": 9038, "Category": "Status", "u3": 1, "User": "Pokemon", "Group": "Regular", "Type": "NoType", "Target": "OpponentAll", "u8": 1, "Drain": 0, "Power": 0, "Accuracy": 0, "Use": 0 },
{ "MoveID": 9039, "Category": "Status", "u3": 1, "User": "Pokemon", "Group": "Regular", "Type": "NoType", "Target": "OpponentAll", "u8": 1, "Drain": 0, "Power": 0, "Accuracy": 0, "Use": 0 },
{ "MoveID": 9040, "Category": "Status", "u3": 1, "User": "Pokemon", "Group": "Regular", "Type": "NoType", "Target": "OpponentAll", "u8": 1, "Drain": 0, "Power": 0, "Accuracy": 0, "Use": 0 },
{ "MoveID": 9041, "Category": "Status", "u3": 1, "User": "Pokemon", "Group": "Regular", "Type": "NoType", "Target": "OpponentAll", "u8": 1, "Drain": 0, "Power": 0, "Accuracy": 0, "Use": 0 },
{ "MoveID": 9042, "Category": "Status", "u3": 1, "User": "Pokemon", "Group": "Regular", "Type": "NoType", "Target": "OpponentAll", "u8": 1, "Drain": 0, "Power": 0, "Accuracy": 0, "Use": 0 },
{ "MoveID": 9043, "Category": "Status", "u3": 1, "User": "Pokemon", "Group": "Regular", "Type": "NoType", "Target": "OpponentAll", "u8": 1, "Drain": 0, "Power": 0, "Accuracy": 0, "Use": 0 },
{ "MoveID": 9044, "Category": "Status", "u3": 1, "User": "Pokemon", "Group": "Regular", "Type": "NoType", "Target": "OpponentAll", "u8": 1, "Drain": 0, "Power": 0, "Accuracy": 0, "Use": 0 },
{ "MoveID": 9045, "Category": "Status", "u3": 1, "User": "Pokemon", "Group": "Regular", "Type": "NoType", "Target": "OpponentAll", "u8": 1, "Drain": 0, "Power": 0, "Accuracy": 0, "Use": 0 },
{ "MoveID": 9046, "Category": "Status", "u3": 1, "User": "Pokemon", "Group": "Regular", "Type": "NoType", "Target": "Self", "u8": 1, "Drain": 0, "Power": 0, "Accuracy": 0, "Use": 0 },
{ "MoveID": 9047, "Category": "Status", "u3": 1, "User": "Pokemon", "Group": "Regular", "Type": "NoType", "Target": "Self", "u8": 1, "Drain": 0, "Power": 0, "Accuracy": 0, "Use": 0 },
{ "MoveID": 9048, "Category": "Status", "u3": 1, "User": "Pokemon", "Group": "Regular", "Type": "NoType", "Target": "Self", "u8": 1, "Drain": 0, "Power": 0, "Accuracy": 0, "Use": 0 },
{ "MoveID": 9049, "Category": "Status", "u3": 1, "User": "Pokemon", "Group": "Regular", "Type": "NoType", "Target": "Self", "u8": 1, "Drain": 0, "Power": 0, "Accuracy": 0, "Use": 0 },
{ "MoveID": 9050, "Category": "Status", "u3": 1, "User": "Pokemon", "Group": "Regular", "Type": "NoType", "Target": "Self", "u8": 1, "Drain": 0, "Power": 0, "Accuracy": 0, "Use": 0 },
{ "MoveID": 9051, "Category": "Status", "u3": 1, "User": "Pokemon", "Group": "Regular", "Type": "NoType", "Target": "Self", "u8": 1, "Drain": 0, "Power": 0, "Accuracy": 0, "Use": 0 },
{ "MoveID": 9052, "Category": "Status", "u3": 1, "User": "Pokemon", "Group": "Regular", "Type": "NoType", "Target": "Self", "u8": 1, "Drain": 0, "Power": 0, "Accuracy": 0, "Use": 0 },
{ "MoveID": 9053, "Category": "Status", "u3": 1, "User": "Pokemon", "Group": "Regular", "Type": "NoType", "Target": "Self", "u8": 1, "Drain": 0, "Power": 0, "Accuracy": 0, "Use": 0 },
{ "MoveID": 9054, "Category": "Status", "u3": 1, "User": "Pokemon", "Group": "Regular", "Type": "NoType", "Target": "Self", "u8": 1, "Drain": 0, "Power": 0, "Accuracy": 0, "Use": 0 },
{ "MoveID": 9055, "Category": "Status", "u3": 1, "User": "Pokemon", "Group": "Regular", "Type": "NoType", "Target": "Self", "u8": 1, "Drain": 0, "Power": 0, "Accuracy": 0, "Use": 0 },
{ "MoveID": 9056, "Category": "Status", "u3": 1, "User": "Pokemon", "Group": "Regular", "Type": "NoType", "Target": "Self", "u8": 1, "Drain": 0, "Power": 0, "Accuracy": 0, "Use": 0 },
{ "MoveID": 9057, "Category": "Status", "u3": 1, "User": "Pokemon", "Group": "Regular", "Type": "NoType", "Target": "Self", "u8": 1, "Drain": 0, "Power": 0, "Accuracy": 0, "Use": 0 },
{ "MoveID": 9058, "Category": "Status", "u3": 1, "User": "Pokemon", "Group": "Regular", "Type": "NoType", "Target": "Self", "u8": 1, "Drain": 0, "Power": 0, "Accuracy": 0, "Use": 0 },
{ "MoveID": 9059, "Category": "Status", "u3": 1, "User": "Pokemon", "Group": "Regular", "Type": "NoType", "Target": "Self", "u8": 1, "Drain": 0, "Power": 0, "Accuracy": 0, "Use": 0 },
{ "MoveID": 9060, "Category": "Status", "u3": 1, "User": "Pokemon", "Group": "Regular", "Type": "NoType", "Target": "Self", "u8": 1, "Drain": 0, "Power": 0, "Accuracy": 0, "Use": 0 },
{ "MoveID": 9061, "Category": "Status", "u3": 1, "User": "Pokemon", "Group": "Regular", "Type": "NoType", "Target": "Self", "u8": 1, "Drain": 0, "Power": 0, "Accuracy": 0, "Use": 0 },
{ "MoveID": 9062, "Category": "Status", "u3": 1, "User": "Pokemon", "Group": "Regular", "Type": "NoType", "Target": "Self", "u8": 1, "Drain": 0, "Power": 0, "Accuracy": 0, "Use": 0 },
{ "MoveID": 9063, "Category": "Status", "u3": 1, "User": "Pokemon", "Group": "Regular", "Type": "NoType", "Target": "Self", "u8": 1, "Drain": 0, "Power": 0, "Accuracy": 0, "Use": 0 },
{ "MoveID": 9064, "Category": "Status", "u3": 1, "User": "Pokemon", "Group": "Regular", "Type": "NoType", "Target": "Self", "u8": 1, "Drain": 0, "Power": 0, "Accuracy": 0, "Use": 0 },
{ "MoveID": 9065, "Category": "Status", "u3": 1, "User": "Pokemon", "Group": "Regular", "Type": "NoType", "Target": "Self", "u8": 1, "Drain": 0, "Power": 0, "Accuracy": 0, "Use": 0 },
{ "MoveID": 9066, "Category": "Status", "u3": 1, "User": "Pokemon", "Group": "Regular", "Type": "NoType", "Target": "Self", "u8": 1, "Drain": 0, "Power": 0, "Accuracy": 0, "Use": 0 },
{ "MoveID": 9067, "Category": "Status", "u3": 1, "User": "Pokemon", "Group": "Regular", "Type": "NoType", "Target": "Self", "u8": 1, "Drain": 0, "Power": 0, "Accuracy": 0, "Use": 0 },
{ "MoveID": 9068, "Category": "Status", "u3": 1, "User": "Pokemon", "Group": "Regular", "Type": "NoType", "Target": "Self", "u8": 1, "Drain": 0, "Power": 0, "Accuracy": 0, "Use": 0 },
{ "MoveID": 9069, "Category": "Status", "u3": 1, "User": "Pokemon", "Group": "Regular", "Type": "NoType", "Target": "Self", "u8": 1, "Drain": 0, "Power": 0, "Accuracy": 0, "Use": 0 },
{ "MoveID": 9070, "Category": "Status", "u3": 1, "User": "Pokemon", "Group": "Regular", "Type": "NoType", "Target": "Self", "u8": 1, "Drain": 0, "Power": 0, "Accuracy": 0, "Use": 0 },
{ "MoveID": 9071, "Category": "Status", "u3": 1, "User": "Pokemon", "Group": "Regular", "Type": "NoType", "Target": "Self", "u8": 1, "Drain": 0, "Power": 0, "Accuracy": 0, "Use": 0 },
{ "MoveID": 9072, "Category": "Status", "u3": 1, "User": "Pokemon", "Group": "Regular", "Type": "NoType", "Target": "Self", "u8": 1, "Drain": 0, "Power": 0, "Accuracy": 0, "Use": 0 },
{ "MoveID": 9073, "Category": "Status", "u3": 1, "User": "Pokemon", "Group": "Regular", "Type": "NoType", "Target": "Self", "u8": 1, "Drain": 0, "Power": 0, "Accuracy": 0, "Use": 0 },
{ "MoveID": 9074, "Category": "Status", "u3": 1, "User": "Pokemon", "Group": "Regular", "Type": "NoType", "Target": "Self", "u8": 1, "Drain": 0, "Power": 0, "Accuracy": 0, "Use": 0 },
{ "MoveID": 9075, "Category": "Status", "u3": 1, "User": "Pokemon", "Group": "Regular", "Type": "NoType", "Target": "Self", "u8": 1, "Drain": 0, "Power": 0, "Accuracy": 0, "Use": 0 },
{ "MoveID": 9076, "Category": "Status", "u3": 1, "User": "Pokemon", "Group": "Regular", "Type": "NoType", "Target": "Self", "u8": 1, "Drain": 0, "Power": 0, "Accuracy": 0, "Use": 0 },
{ "MoveID": 9077, "Category": "Status", "u3": 1, "User": "Pokemon", "Group": "Regular", "Type": "NoType", "Target": "Self", "u8": 1, "Drain": 0, "Power": 0, "Accuracy": 0, "Use": 0 },
{ "MoveID": 9078, "Category": "Status", "u3": 1, "User": "Pokemon", "Group": "Regular", "Type": "NoType", "Target": "Self", "u8": 1, "Drain": 0, "Power": 0, "Accuracy": 0, "Use": 0 },
{ "MoveID": 9079, "Category": "Status", "u3": 1, "User": "Pokemon", "Group": "Regular", "Type": "NoType", "Target": "Self", "u8": 1, "Drain": 0, "Power": 0, "Accuracy": 0, "Use": 0 },
{ "MoveID": 10020, "Category": "Status", "u3": 2, "User": "Trainer", "Group": "Regular", "Type": "NoType", "Target": "AllyAll", "u8": 1, "Drain": 0, "Power": 0, "Accuracy": 0, "Use": 2 },
{ "MoveID": 10040, "Category": "Status", "u3": 2, "User": "Trainer", "Group": "Regular", "Type": "NoType", "Target": "Self", "u8": 1, "Drain": 0, "Power": 0, "Accuracy": 0, "Use": 2 },
{ "MoveID": 10050, "Category": "Status", "u3": 2, "User": "Trainer", "Group": "Regular", "Type": "NoType", "Target": "Self", "u8": 1, "Drain": 0, "Power": 0, "Accuracy": 0, "Use": 2 },
{ "MoveID": 10060, "Category": "Status", "u3": 2, "User": "Trainer", "Group": "Regular", "Type": "NoType", "Target": "Self", "u8": 1, "Drain": 0, "Power": 0, "Accuracy": 0, "Use": 2 },
{ "MoveID": 10070, "Category": "Status", "u3": 2, "User": "Trainer", "Group": "Regular", "Type": "NoType", "Target": "Self", "u8": 1, "Drain": 0, "Power": 0, "Accuracy": 0, "Use": 1 },
{ "MoveID": 10080, "Category": "Status", "u3": 2, "User": "Trainer", "Group": "Regular", "Type": "NoType", "Target": "Self", "u8": 1, "Drain": 0, "Power": 0, "Accuracy": 0, "Use": 2 },
{ "MoveID": 10090, "Category": "Status", "u3": 2, "User": "Trainer", "Group": "Regular", "Type": "NoType", "Target": "Self", "u8": 1, "Drain": 0, "Power": 0, "Accuracy": 0, "Use": 2 },
{ "MoveID": 10100, "Category": "Status", "u3": 2, "User": "Trainer", "Group": "Regular", "Type": "NoType", "Target": "Self", "u8": 1, "Drain": 0, "Power": 0, "Accuracy": 0, "Use": 2 },
{ "MoveID": 10110, "Category": "Status", "u3": 2, "User": "Trainer", "Group": "Regular", "Type": "NoType", "Target": "Self", "u8": 1, "Drain": 0, "Power": 0, "Accuracy": 0, "Use": 2 },
{ "MoveID": 10120, "Category": "Status", "u3": 2, "User": "Trainer", "Group": "Regular", "Type": "NoType", "Target": "Self", "u8": 1, "Drain": 0, "Power": 0, "Accuracy": 0, "Use": 2 },
{ "MoveID": 10130, "Category": "Status", "u3": 2, "User": "Trainer", "Group": "Regular", "Type": "NoType", "Target": "Self", "u8": 1, "Drain": 0, "Power": 0, "Accuracy": 0, "Use": 2 },
{ "MoveID": 10140, "Category": "Status", "u3": 2, "User": "Trainer", "Group": "Regular", "Type": "NoType", "Target": "AllyAll", "u8": 1, "Drain": 0, "Power": 0, "Accuracy": 0, "Use": 2 },
{ "MoveID": 10150, "Category": "Status", "u3": 2, "User": "Trainer", "Group": "Regular", "Type": "NoType", "Target": "Self", "u8": 1, "Drain": 0, "Power": 0, "Accuracy": 0, "Use": 2 },
{ "MoveID": 10151, "Category": "Status", "u3": 2, "User": "Trainer", "Group": "Regular", "Type": "NoType", "Target": "Self", "u8": 1, "Drain": 0, "Power": 0, "Accuracy": 0, "Use": 2 },
{ "MoveID": 10160, "Category": "Status", "u3": 2, "User": "Trainer", "Group": "Regular", "Type": "NoType", "Target": "AllyAll", "u8": 1, "Drain": 0, "Power": 0, "Accuracy": 0, "Use": 2 },
{ "MoveID": 10180, "Category": "Status", "u3": 2, "User": "Trainer", "Group": "Regular", "Type": "NoType", "Target": "Self", "u8": 1, "Drain": 0, "Power": 0, "Accuracy": 0, "Use": 2 },
{ "MoveID": 10190, "Category": "Status", "u3": 2, "User": "Trainer", "Group": "Regular", "Type": "NoType", "Target": "Self", "u8": 1, "Drain": 0, "Power": 0, "Accuracy": 0, "Use": 2 },
{ "MoveID": 10200, "Category": "Status", "u3": 2, "User": "Trainer", "Group": "Regular", "Type": "NoType", "Target": "AllyAll", "u8": 1, "Drain": 0, "Power": 0, "Accuracy": 0, "Use": 2 },
{ "MoveID": 10210, "Category": "Status", "u3": 2, "User": "Trainer", "Group": "Regular", "Type": "NoType", "Target": "Self", "u8": 1, "Drain": 0, "Power": 0, "Accuracy": 0, "Use": 2 },
{ "MoveID": 10220, "Category": "Status", "u3": 2, "User": "Trainer", "Group": "Regular", "Type": "NoType", "Target": "Self", "u8": 1, "Drain": 0, "Power": 0, "Accuracy": 0, "Use": 1 },
{ "MoveID": 10230, "Category": "Status", "u3": 2, "User": "Trainer", "Group": "Regular", "Type": "NoType", "Target": "AllySingle", "u8": 1, "Drain": 0, "Power": 0, "Accuracy": 0, "Use": 2 },
{ "MoveID": 10240, "Category": "Status", "u3": 2, "User": "Trainer", "Group": "Regular", "Type": "NoType", "Target": "Self", "u8": 1, "Drain": 0, "Power": 0, "Accuracy": 0, "Use": 2 },
{ "MoveID": 10250, "Category": "Status", "u3": 2, "User": "Trainer", "Group": "Regular", "Type": "NoType", "Target": "Self", "u8": 1, "Drain": 0, "Power": 0, "Accuracy": 0, "Use": 2 },
{ "MoveID": 10260, "Category": "Status", "u3": 2, "User": "Trainer", "Group": "Regular", "Type": "NoType", "Target": "Self", "u8": 1, "Drain": 0, "Power": 0, "Accuracy": 0, "Use": 2 },
{ "MoveID": 10270, "Category": "Status", "u3": 2, "User": "Trainer", "Group": "Regular", "Type": "NoType", "Target": "Self", "u8": 1, "Drain": 0, "Power": 0, "Accuracy": 0, "Use": 2 },
{ "MoveID": 10280, "Category": "Status", "u3": 2, "User": "Trainer", "Group": "Regular", "Type": "NoType", "Target": "Self", "u8": 1, "Drain": 0, "Power": 0, "Accuracy": 0, "Use": 2 },
{ "MoveID": 10290, "Category": "Status", "u3": 2, "User": "Trainer", "Group": "Regular", "Type": "NoType", "Target": "Self", "u8": 1, "Drain": 0, "Power": 0, "Accuracy": 0, "Use": 2 },
{ "MoveID": 10300, "Category": "Status", "u3": 2, "User": "Trainer", "Group": "Regular", "Type": "NoType", "Target": "AllyAll", "u8": 1, "Drain": 0, "Power": 0, "Accuracy": 0, "Use": 2 },
{ "MoveID": 10310, "Category": "Status", "u3": 2, "User": "Trainer", "Group": "Regular", "Type": "NoType", "Target": "Self", "u8": 1, "Drain": 0, "Power": 0, "Accuracy": 0, "Use": 2 },
{ "MoveID": 10320, "Category": "Status", "u3": 2, "User": "Trainer", "Group": "Regular", "Type": "NoType", "Target": "Self", "u8": 1, "Drain": 0, "Power": 0, "Accuracy": 0, "Use": 2 },
{ "MoveID": 10330, "Category": "Status", "u3": 2, "User": "Trainer", "Group": "Regular", "Type": "NoType", "Target": "Self", "u8": 1, "Drain": 0, "Power": 0, "Accuracy": 0, "Use": 2 },
{ "MoveID": 10340, "Category": "Status", "u3": 2, "User": "Trainer", "Group": "Regular", "Type": "NoType", "Target": "OpponentSingle", "u8": 1, "Drain": 0, "Power": 0, "Accuracy": 0, "Use": 2 },
{ "MoveID": 10350, "Category": "Status", "u3": 2, "User": "Trainer", "Group": "Regular", "Type": "NoType", "Target": "Self", "u8": 1, "Drain": 0, "Power": 0, "Accuracy": 0, "Use": 2 },
{ "MoveID": 10360, "Category": "Status", "u3": 2, "User": "Trainer", "Group": "Regular", "Type": "NoType", "Target": "Self", "u8": 1, "Drain": 0, "Power": 0, "Accuracy": 0, "Use": 2 },
{ "MoveID": 10370, "Category": "Status", "u3": 2, "User": "Trainer", "Group": "Regular", "Type": "NoType", "Target": "Self", "u8": 1, "Drain": 0, "Power": 0, "Accuracy": 0, "Use": 2 },
{ "MoveID": 10380, "Category": "Status", "u3": 2, "User": "Trainer", "Group": "Regular", "Type": "NoType", "Target": "Self", "u8": 1, "Drain": 0, "Power": 0, "Accuracy": 0, "Use": 2 },
{ "MoveID": 10390, "Category": "Status", "u3": 2, "User": "Trainer", "Group": "Regular", "Type": "NoType", "Target": "Self", "u8": 1, "Drain": 0, "Power": 0, "Accuracy": 0, "Use": 2 },
{ "MoveID": 10400, "Category": "Status", "u3": 2, "User": "Trainer", "Group": "Regular", "Type": "NoType", "Target": "Self", "u8": 1, "Drain": 0, "Power": 0, "Accuracy": 0, "Use": 2 },
{ "MoveID": 10410, "Category": "Status", "u3": 2, "User": "Trainer", "Group": "Regular", "Type": "NoType", "Target": "Self", "u8": 1, "Drain": 0, "Power": 0, "Accuracy": 0, "Use": 2 },
{ "MoveID": 10420, "Category": "Status", "u3": 2, "User": "Trainer", "Group": "Regular", "Type": "NoType", "Target": "Self", "u8": 1, "Drain": 0, "Power": 0, "Accuracy": 0, "Use": 2 },
{ "MoveID": 10430, "Category": "Status", "u3": 2, "User": "Trainer", "Group": "Regular", "Type": "NoType", "Target": "Self", "u8": 1, "Drain": 0, "Power": 0, "Accuracy": 0, "Use": 2 },
{ "MoveID": 10440, "Category": "Status", "u3": 2, "User": "Trainer", "Group": "Regular", "Type": "NoType", "Target": "AllyAll", "u8": 1, "Drain": 0, "Power": 0, "Accuracy": 0, "Use": 2 },
{ "MoveID": 10450, "Category": "Status", "u3": 2, "User": "Trainer", "Group": "Regular", "Type": "NoType", "Target": "Self", "u8": 1, "Drain": 0, "Power": 0, "Accuracy": 0, "Use": 2 },
{ "MoveID": 10460, "Category": "Status", "u3": 2, "User": "Trainer", "Group": "Regular", "Type": "NoType", "Target": "Self", "u8": 1, "Drain": 0, "Power": 0, "Accuracy": 0, "Use": 2 },
{ "MoveID": 10470, "Category": "Status", "u3": 2, "User": "Trainer", "Group": "Regular", "Type": "NoType", "Target": "Self", "u8": 1, "Drain": 0, "Power": 0, "Accuracy": 0, "Use": 2 },
{ "MoveID": 10480, "Category": "Status", "u3": 2, "User": "Trainer", "Group": "Regular", "Type": "NoType", "Target": "Self", "u8": 1, "Drain": 0, "Power": 0, "Accuracy": 0, "Use": 2 },
{ "MoveID": 10490, "Category": "Status", "u3": 2, "User": "Trainer", "Group": "Regular", "Type": "NoType", "Target": "AllyAll", "u8": 1, "Drain": 0, "Power": 0, "Accuracy": 0, "Use": 2 },
{ "MoveID": 10500, "Category": "Status", "u3": 2, "User": "Trainer", "Group": "Regular", "Type": "NoType", "Target": "AllyAll", "u8": 1, "Drain": 0, "Power": 0, "Accuracy": 0, "Use": 2 },
{ "MoveID": 10510, "Category": "Status", "u3": 2, "User": "Trainer", "Group": "Regular", "Type": "NoType", "Target": "Self", "u8": 1, "Drain": 0, "Power": 0, "Accuracy": 0, "Use": 2 },
{ "MoveID": 10520, "Category": "Status", "u3": 2, "User": "Trainer", "Group": "Regular", "Type": "NoType", "Target": "Self", "u8": 1, "Drain": 0, "Power": 0, "Accuracy": 0, "Use": 1 },
{ "MoveID": 10530, "Category": "Status", "u3": 2, "User": "Trainer", "Group": "Regular", "Type": "NoType", "Target": "Self", "u8": 1, "Drain": 0, "Power": 0, "Accuracy": 0, "Use": 2 },
{ "MoveID": 10540, "Category": "Status", "u3": 2, "User": "Trainer", "Group": "Regular", "Type": "NoType", "Target": "Self", "u8": 1, "Drain": 0, "Power": 0, "Accuracy": 0, "Use": 2 },
{ "MoveID": 10550, "Category": "Status", "u3": 2, "User": "Trainer", "Group": "Regular", "Type": "NoType", "Target": "Self", "u8": 1, "Drain": 0, "Power": 0, "Accuracy": 0, "Use": 2 },
{ "MoveID": 10560, "Category": "Status", "u3": 2, "User": "Trainer", "Group": "Regular", "Type": "NoType", "Target": "Self", "u8": 1, "Drain": 0, "Power": 0, "Accuracy": 0, "Use": 2 },
{ "MoveID": 10570, "Category": "Status", "u3": 2, "User": "Trainer", "Group": "Regular", "Type": "NoType", "Target": "Self", "u8": 1, "Drain": 0, "Power": 0, "Accuracy": 0, "Use": 2 },
{ "MoveID": 10580, "Category": "Status", "u3": 2, "User": "Trainer", "Group": "Regular", "Type": "NoType", "Target": "Self", "u8": 1, "Drain": 0, "Power": 0, "Accuracy": 0, "Use": 2 },
{ "MoveID": 10590, "Category": "Status", "u3": 2, "User": "Trainer", "Group": "Regular", "Type": "NoType", "Target": "Self", "u8": 1, "Drain": 0, "Power": 0, "Accuracy": 0, "Use": 2 },
{ "MoveID": 10600, "Category": "Status", "u3": 2, "User": "Trainer", "Group": "Regular", "Type": "NoType", "Target": "Self", "u8": 1, "Drain": 0, "Power": 0, "Accuracy": 0, "Use": 2 },
{ "MoveID": 10610, "Category": "Status", "u3": 2, "User": "Trainer", "Group": "Regular", "Type": "NoType", "Target": "Self", "u8": 1, "Drain": 0, "Power": 0, "Accuracy": 0, "Use": 2 },
{ "MoveID": 10620, "Category": "Status", "u3": 2, "User": "Trainer", "Group": "Regular", "Type": "NoType", "Target": "Self", "u8": 1, "Drain": 0, "Power": 0, "Accuracy": 0, "Use": 2 },
{ "MoveID": 10630, "Category": "Status", "u3": 2, "User": "Trainer", "Group": "Regular", "Type": "NoType", "Target": "Self", "u8": 1, "Drain": 0, "Power": 0, "Accuracy": 0, "Use": 2 },
{ "MoveID": 10920, "Category": "Status", "u3": 2, "User": "Trainer", "Group": "Regular", "Type": "NoType", "Target": "Self", "u8": 1, "Drain": 0, "Power": 0, "Accuracy": 0, "Use": 2 },
{ "MoveID": 10940, "Category": "Status", "u3": 2, "User": "Trainer", "Group": "Regular", "Type": "NoType", "Target": "AllyAll", "u8": 1, "Drain": 0, "Power": 0, "Accuracy": 0, "Use": 2 },
{ "MoveID": 10960, "Category": "Status", "u3": 2, "User": "Trainer", "Group": "Regular", "Type": "NoType", "Target": "Self", "u8": 1, "Drain": 0, "Power": 0, "Accuracy": 0, "Use": 2 },
{ "MoveID": 10970, "Category": "Status", "u3": 2, "User": "Trainer", "Group": "Regular", "Type": "NoType", "Target": "AllyAll", "u8": 1, "Drain": 0, "Power": 0, "Accuracy": 0, "Use": 1 },
{ "MoveID": 10980, "Category": "Status", "u3": 2, "User": "Trainer", "Group": "Regular", "Type": "NoType", "Target": "Self", "u8": 1, "Drain": 0, "Power": 0, "Accuracy": 0, "Use": 2 },
{ "MoveID": 10990, "Category": "Status", "u3": 2, "User": "Trainer", "Group": "Regular", "Type": "NoType", "Target": "Self", "u8": 1, "Drain": 0, "Power": 0, "Accuracy": 0, "Use": 2 },
{ "MoveID": 11010, "Category": "Status", "u3": 2, "User": "Trainer", "Group": "Regular", "Type": "NoType", "Target": "AllyAll", "u8": 1, "Drain": 0, "Power": 0, "Accuracy": 0, "Use": 2 },
{ "MoveID": 11100, "Category": "Status", "u3": 2, "User": "Trainer", "Group": "Regular", "Type": "NoType", "Target": "AllySingle", "u8": 1, "Drain": 0, "Power": 0, "Accuracy": 0, "Use": 2 },
{ "MoveID": 17000, "Category": "Status", "u3": 2, "User": "Trainer", "Group": "Regular", "Type": "NoType", "Target": "Self", "u8": 1, "Drain": 0, "Power": 0, "Accuracy": 0, "Use": 2 },
{ "MoveID": 18000, "Category": "Status", "u3": 2, "User": "Trainer", "Group": "Regular", "Type": "NoType", "Target": "OpponentField", "u8": 1, "Drain": 0, "Power": 0, "Accuracy": 0, "Use": 0 },
{ "MoveID": 18010, "Category": "Status", "u3": 2, "User": "Trainer", "Group": "Regular", "Type": "NoType", "Target": "OpponentField", "u8": 1, "Drain": 0, "Power": 0, "Accuracy": 0, "Use": 0 },
{ "MoveID": 18020, "Category": "Status", "u3": 2, "User": "Trainer", "Group": "Regular", "Type": "NoType", "Target": "AllyField", "u8": 1, "Drain": 0, "Power": 0, "Accuracy": 0, "Use": 0 },
{ "MoveID": 18030, "Category": "Status", "u3": 2, "User": "Trainer", "Group": "Regular", "Type": "NoType", "Target": "AllyField", "u8": 1, "Drain": 0, "Power": 0, "Accuracy": 0, "Use": 0 },
{ "MoveID": 18040, "Category": "Status", "u3": 2, "User": "Trainer", "Group": "Regular", "Type": "NoType", "Target": "EntireField", "u8": 1, "Drain": 0, "Power": 0, "Accuracy": 0, "Use": 0 },
{ "MoveID": 18050, "Category": "Status", "u3": 2, "User": "Trainer", "Group": "Regular", "Type": "NoType", "Target": "AllyAll", "u8": 1, "Drain": 0, "Power": 0, "Accuracy": 0, "Use": 0 },
{ "MoveID": 18060, "Category": "Status", "u3": 2, "User": "Trainer", "Group": "Regular", "Type": "NoType", "Target": "OpponentField", "u8": 1, "Drain": 0, "Power": 0, "Accuracy": 0, "Use": 0 },
{ "MoveID": 19000, "Category": "Status", "u3": 2, "User": "Pokemon", "Group": "Regular", "Type": "NoType", "Target": "AllySingle", "u8": 1, "Drain": 0, "Power": 0, "Accuracy": 0, "Use": 2 },
{ "MoveID": 19010, "Category": "Status", "u3": 2, "User": "Pokemon", "Group": "Regular", "Type": "NoType", "Target": "Self", "u8": 1, "Drain": 0, "Power": 0, "Accuracy": 0, "Use": 2 },
{ "MoveID": 19011, "Category": "Status", "u3": 2, "User": "Pokemon", "Group": "Regular", "Type": "NoType", "Target": "AllyAll", "u8": 1, "Drain": 0, "Power": 0, "Accuracy": 0, "Use": 2 },
{ "MoveID": 19020, "Category": "Status", "u3": 2, "User": "Pokemon", "Group": "Regular", "Type": "NoType", "Target": "Self", "u8": 1, "Drain": 0, "Power": 0, "Accuracy": 0, "Use": 2 },
{ "MoveID": 19021, "Category": "Status", "u3": 2, "User": "Pokemon", "Group": "Regular", "Type": "NoType", "Target": "AllyAll", "u8": 1, "Drain": 0, "Power": 0, "Accuracy": 0, "Use": 2 },
{ "MoveID": 19030, "Category": "Status", "u3": 2, "User": "Pokemon", "Group": "Regular", "Type": "NoType", "Target": "Self", "u8": 1, "Drain": 0, "Power": 0, "Accuracy": 0, "Use": 2 },
{ "MoveID": 19031, "Category": "Status", "u3": 2, "User": "Pokemon", "Group": "Regular", "Type": "NoType", "Target": "AllyAll", "u8": 1, "Drain": 0, "Power": 0, "Accuracy": 0, "Use": 2 },
{ "MoveID": 19040, "Category": "Status", "u3": 2, "User": "Pokemon", "Group": "Regular", "Type": "NoType", "Target": "Self", "u8": 1, "Drain": 0, "Power": 0, "Accuracy": 0, "Use": 2 },
{ "MoveID": 19041, "Category": "Status", "u3": 2, "User": "Pokemon", "Group": "Regular", "Type": "NoType", "Target": "AllyAll", "u8": 1, "Drain": 0, "Power": 0, "Accuracy": 0, "Use": 2 },
{ "MoveID": 19050, "Category": "Status", "u3": 2, "User": "Pokemon", "Group": "Regular", "Type": "NoType", "Target": "Self", "u8": 1, "Drain": 0, "Power": 0, "Accuracy": 0, "Use": 2 },
{ "MoveID": 19051, "Category": "Status", "u3": 2, "User": "Pokemon", "Group": "Regular", "Type": "NoType", "Target": "AllyAll", "u8": 1, "Drain": 0, "Power": 0, "Accuracy": 0, "Use": 2 },
{ "MoveID": 19060, "Category": "Status", "u3": 2, "User": "Pokemon", "Group": "Regular", "Type": "NoType", "Target": "Self", "u8": 1, "Drain": 0, "Power": 0, "Accuracy": 0, "Use": 2 },
{ "MoveID": 19061, "Category": "Status", "u3": 2, "User": "Pokemon", "Group": "Regular", "Type": "NoType", "Target": "AllyAll", "u8": 1, "Drain": 0, "Power": 0, "Accuracy": 0, "Use": 2 },
{ "MoveID": 19070, "Category": "Status", "u3": 2, "User": "Pokemon", "Group": "Regular", "Type": "NoType", "Target": "Self", "u8": 1, "Drain": 0, "Power": 0, "Accuracy": 0, "Use": 2 },
{ "MoveID": 19071, "Category": "Status", "u3": 2, "User": "Pokemon", "Group": "Regular", "Type": "NoType", "Target": "AllyAll", "u8": 1, "Drain": 0, "Power": 0, "Accuracy": 0, "Use": 2 },
{ "MoveID": 19080, "Category": "Status", "u3": 2, "User": "Pokemon", "Group": "Regular", "Type": "NoType", "Target": "Self", "u8": 1, "Drain": 0, "Power": 0, "Accuracy": 0, "Use": 2 },
{ "MoveID": 19081, "Category": "Status", "u3": 2, "User": "Pokemon", "Group": "Regular", "Type": "NoType", "Target": "AllyAll", "u8": 1, "Drain": 0, "Power": 0, "Accuracy": 0, "Use": 2 },
{ "MoveID": 19090, "Category": "Status", "u3": 2, "User": "Pokemon", "Group": "Regular", "Type": "NoType", "Target": "AllySingle", "u8": 1, "Drain": 0, "Power": 0, "Accuracy": 0, "Use": 2 },
{ "MoveID": 19100, "Category": "Status", "u3": 2, "User": "Pokemon", "Group": "Regular", "Type": "NoType", "Target": "Self", "u8": 1, "Drain": 0, "Power": 0, "Accuracy": 0, "Use": 2 },
{ "MoveID": 19110, "Category": "Status", "u3": 2, "User": "Pokemon", "Group": "Regular", "Type": "NoType", "Target": "AllySingle", "u8": 1, "Drain": 0, "Power": 0, "Accuracy": 0, "Use": 2 },
{ "MoveID": 19111, "Category": "Status", "u3": 2, "User": "Pokemon", "Group": "Regular", "Type": "NoType", "Target": "AllyAll", "u8": 1, "Drain": 0, "Power": 0, "Accuracy": 0, "Use": 2 },
{ "MoveID": 19120, "Category": "Status", "u3": 2, "User": "Pokemon", "Group": "Regular", "Type": "NoType", "Target": "Self", "u8": 1, "Drain": 0, "Power": 0, "Accuracy": 0, "Use": 2 },
{ "MoveID": 19121, "Category": "Status", "u3": 2, "User": "Pokemon", "Group": "Regular", "Type": "NoType", "Target": "AllyAll", "u8": 1, "Drain": 0, "Power": 0, "Accuracy": 0, "Use": 2 },
{ "MoveID": 19130, "Category": "Status", "u3": 2, "User": "Pokemon", "Group": "Regular", "Type": "NoType", "Target": "AllySingle", "u8": 1, "Drain": 0, "Power": 0, "Accuracy": 0, "Use": 2 },
{ "MoveID": 19131, "Category": "Status", "u3": 2, "User": "Pokemon", "Group": "Regular", "Type": "NoType", "Target": "AllyAll", "u8": 1, "Drain": 0, "Power": 0, "Accuracy": 0, "Use": 2 },
{ "MoveID": 19140, "Category": "Status", "u3": 2, "User": "Pokemon", "Group": "Regular", "Type": "NoType", "Target": "Self", "u8": 1, "Drain": 0, "Power": 0, "Accuracy": 0, "Use": 2 },
{ "MoveID": 19141, "Category": "Status", "u3": 2, "User": "Pokemon", "Group": "Regular", "Type": "NoType", "Target": "AllyAll", "u8": 1, "Drain": 0, "Power": 0, "Accuracy": 0, "Use": 2 },
{ "MoveID": 19150, "Category": "Status", "u3": 2, "User": "Pokemon", "Group": "Regular", "Type": "NoType", "Target": "AllySingle", "u8": 1, "Drain": 0, "Power": 0, "Accuracy": 0, "Use": 2 },
{ "MoveID": 19151, "Category": "Status", "u3": 2, "User": "Pokemon", "Group": "Regular", "Type": "NoType", "Target": "AllyAll", "u8": 1, "Drain": 0, "Power": 0, "Accuracy": 0, "Use": 2 },
{ "MoveID": 19800, "Category": "Status", "u3": 2, "User": "Pokemon", "Group": "Regular", "Type": "NoType", "Target": "AllyField", "u8": 1, "Drain": 0, "Power": 0, "Accuracy": 0, "Use": 2 },
{ "MoveID": 19810, "Category": "Status", "u3": 2, "User": "Pokemon", "Group": "Regular", "Type": "NoType", "Target": "AllyField", "u8": 1, "Drain": 0, "Power": 0, "Accuracy": 0, "Use": 2 },
{ "MoveID": 19820, "Category": "Status", "u3": 2, "User": "Pokemon", "Group": "Regular", "Type": "NoType", "Target": "AllyField", "u8": 1, "Drain": 0, "Power": 0, "Accuracy": 0, "Use": 2 },
{ "MoveID": 19830, "Category": "Status", "u3": 2, "User": "Pokemon", "Group": "Regular", "Type": "NoType", "Target": "AllyField", "u8": 1, "Drain": 0, "Power": 0, "Accuracy": 0, "Use": 2 },
{ "MoveID": 19840, "Category": "Status", "u3": 2, "User": "Pokemon", "Group": "Regular", "Type": "NoType", "Target": "AllyField", "u8": 1, "Drain": 0, "Power": 0, "Accuracy": 0, "Use": 2 },
{ "MoveID": 19850, "Category": "Status", "u3": 2, "User": "Pokemon", "Group": "Regular", "Type": "NoType", "Target": "AllyField", "u8": 1, "Drain": 0, "Power": 0, "Accuracy": 0, "Use": 2 },
{ "MoveID": 19860, "Category": "Status", "u3": 2, "User": "Pokemon", "Group": "Regular", "Type": "NoType", "Target": "AllyField", "u8": 1, "Drain": 0, "Power": 0, "Accuracy": 0, "Use": 2 },
{ "MoveID": 19870, "Category": "Status", "u3": 2, "User": "Pokemon", "Group": "Regular", "Type": "NoType", "Target": "AllyField", "u8": 1, "Drain": 0, "Power": 0, "Accuracy": 0, "Use": 2 },
{ "MoveID": 20000, "Category": "UnityMove", "u3": 1, "User": "Pokemon", "Group": "Unity", "Type": "NoType", "Target": "OpponentAll", "u8": 1, "Drain": 0, "Power": 150, "Accuracy": 0, "Use": 0 },
{ "MoveID": 20100, "Category": "UnityMove", "u3": 1, "User": "Pokemon", "Group": "Unity", "Type": "Normal", "Target": "OpponentAll", "u8": 1, "Drain": 0, "Power": 150, "Accuracy": 0, "Use": 0 },
{ "MoveID": 20200, "Category": "UnityMove", "u3": 1, "User": "Pokemon", "Group": "Unity", "Type": "Fire", "Target": "OpponentAll", "u8": 1, "Drain": 0, "Power": 150, "Accuracy": 0, "Use": 0 },
{ "MoveID": 20300, "Category": "UnityMove", "u3": 1, "User": "Pokemon", "Group": "Unity", "Type": "Water", "Target": "OpponentAll", "u8": 1, "Drain": 0, "Power": 150, "Accuracy": 0, "Use": 0 },
{ "MoveID": 20400, "Category": "UnityMove", "u3": 1, "User": "Pokemon", "Group": "Unity", "Type": "Electric", "Target": "OpponentAll", "u8": 1, "Drain": 0, "Power": 150, "Accuracy": 0, "Use": 0 },
{ "MoveID": 20500, "Category": "UnityMove", "u3": 1, "User": "Pokemon", "Group": "Unity", "Type": "Grass", "Target": "OpponentAll", "u8": 1, "Drain": 0, "Power": 150, "Accuracy": 0, "Use": 0 },
{ "MoveID": 20600, "Category": "UnityMove", "u3": 1, "User": "Pokemon", "Group": "Unity", "Type": "Ice", "Target": "OpponentAll", "u8": 1, "Drain": 0, "Power": 150, "Accuracy": 0, "Use": 0 },
{ "MoveID": 20700, "Category": "UnityMove", "u3": 1, "User": "Pokemon", "Group": "Unity", "Type": "Fighting", "Target": "OpponentAll", "u8": 1, "Drain": 0, "Power": 150, "Accuracy": 0, "Use": 0 },
{ "MoveID": 20800, "Category": "UnityMove", "u3": 1, "User": "Pokemon", "Group": "Unity", "Type": "Poison", "Target": "OpponentAll", "u8": 1, "Drain": 0, "Power": 150, "Accuracy": 0, "Use": 0 },
{ "MoveID": 20900, "Category": "UnityMove", "u3": 1, "User": "Pokemon", "Group": "Unity", "Type": "Ground", "Target": "OpponentAll", "u8": 1, "Drain": 0, "Power": 150, "Accuracy": 0, "Use": 0 },
{ "MoveID": 21000, "Category": "UnityMove", "u3": 1, "User": "Pokemon", "Group": "Unity", "Type": "Flying", "Target": "OpponentAll", "u8": 1, "Drain": 0, "Power": 150, "Accuracy": 0, "Use": 0 },
{ "MoveID": 21100, "Category": "UnityMove", "u3": 1, "User": "Pokemon", "Group": "Unity", "Type": "Psychic", "Target": "OpponentAll", "u8": 1, "Drain": 0, "Power": 150, "Accuracy": 0, "Use": 0 },
{ "MoveID": 21200, "Category": "UnityMove", "u3": 1, "User": "Pokemon", "Group": "Unity", "Type": "Bug", "Target": "OpponentAll", "u8": 1, "Drain": 0, "Power": 150, "Accuracy": 0, "Use": 0 },
{ "MoveID": 21300, "Category": "UnityMove", "u3": 1, "User": "Pokemon", "Group": "Unity", "Type": "Rock", "Target": "OpponentAll", "u8": 1, "Drain": 0, "Power": 150, "Accuracy": 0, "Use": 0 },
{ "MoveID": 21400, "Category": "UnityMove", "u3": 1, "User": "Pokemon", "Group": "Unity", "Type": "Ghost", "Target": "OpponentAll", "u8": 1, "Drain": 0, "Power": 150, "Accuracy": 0, "Use": 0 },
{ "MoveID": 21500, "Category": "UnityMove", "u3": 1, "User": "Pokemon", "Group": "Unity", "Type": "Dragon", "Target": "OpponentAll", "u8": 1, "Drain": 0, "Power": 150, "Accuracy": 0, "Use": 0 },
{ "MoveID": 21600, "Category": "UnityMove", "u3": 1, "User": "Pokemon", "Group": "Unity", "Type": "Dark", "Target": "OpponentAll", "u8": 1, "Drain": 0, "Power": 150, "Accuracy": 0, "Use": 0 },
{ "MoveID": 21700, "Category": "UnityMove", "u3": 1, "User": "Pokemon", "Group": "Unity", "Type": "Steel", "Target": "OpponentAll", "u8": 1, "Drain": 0, "Power": 150, "Accuracy": 0, "Use": 0 },
{ "MoveID": 21800, "Category": "UnityMove", "u3": 1, "User": "Pokemon", "Group": "Unity", "Type": "Fairy", "Target": "OpponentAll", "u8": 1, "Drain": 0, "Power": 150, "Accuracy": 0, "Use": 0 },
{ "MoveID": 30100, "Category": "Physical", "u3": 1, "User": "Pokemon", "Group": "Sync", "Type": "Normal", "Target": "OpponentSingle", "u8": 1, "Drain": 0, "Power": 250, "Accuracy": 0, "Use": 0 },
{ "MoveID": 30200, "Category": "Physical", "u3": 1, "User": "Pokemon", "Group": "Sync", "Type": "Fire", "Target": "OpponentSingle", "u8": 1, "Drain": 0, "Power": 200, "Accuracy": 0, "Use": 0 },
{ "MoveID": 30300, "Category": "Physical", "u3": 1, "User": "Pokemon", "Group": "Sync", "Type": "Water", "Target": "OpponentSingle", "u8": 1, "Drain": 0, "Power": 200, "Accuracy": 0, "Use": 0 },
{ "MoveID": 30400, "Category": "Physical", "u3": 1, "User": "Pokemon", "Group": "Sync", "Type": "Electric", "Target": "OpponentSingle", "u8": 1, "Drain": 0, "Power": 200, "Accuracy": 0, "Use": 0 },
{ "MoveID": 30500, "Category": "Physical", "u3": 1, "User": "Pokemon", "Group": "Sync", "Type": "Grass", "Target": "OpponentSingle", "u8": 1, "Drain": 0, "Power": 200, "Accuracy": 0, "Use": 0 },
{ "MoveID": 30600, "Category": "Physical", "u3": 1, "User": "Pokemon", "Group": "Sync", "Type": "Ice", "Target": "OpponentSingle", "u8": 1, "Drain": 0, "Power": 200, "Accuracy": 0, "Use": 0 },
{ "MoveID": 30700, "Category": "Physical", "u3": 1, "User": "Pokemon", "Group": "Sync", "Type": "Fighting", "Target": "OpponentSingle", "u8": 1, "Drain": 0, "Power": 200, "Accuracy": 0, "Use": 0 },
{ "MoveID": 30800, "Category": "Physical", "u3": 1, "User": "Pokemon", "Group": "Sync", "Type": "Poison", "Target": "OpponentSingle", "u8": 1, "Drain": 0, "Power": 200, "Accuracy": 0, "Use": 0 },
{ "MoveID": 30900, "Category": "Physical", "u3": 1, "User": "Pokemon", "Group": "Sync", "Type": "Ground", "Target": "OpponentSingle", "u8": 1, "Drain": 0, "Power": 200, "Accuracy": 0, "Use": 0 },
{ "MoveID": 31000, "Category": "Physical", "u3": 1, "User": "Pokemon", "Group": "Sync", "Type": "Flying", "Target": "OpponentSingle", "u8": 1, "Drain": 0, "Power": 200, "Accuracy": 0, "Use": 0 },
{ "MoveID": 31100, "Category": "Physical", "u3": 1, "User": "Pokemon", "Group": "Sync", "Type": "Psychic", "Target": "OpponentSingle", "u8": 1, "Drain": 0, "Power": 200, "Accuracy": 0, "Use": 0 },
{ "MoveID": 31200, "Category": "Physical", "u3": 1, "User": "Pokemon", "Group": "Sync", "Type": "Bug", "Target": "OpponentSingle", "u8": 1, "Drain": 0, "Power": 200, "Accuracy": 0, "Use": 0 },
{ "MoveID": 31300, "Category": "Physical", "u3": 1, "User": "Pokemon", "Group": "Sync", "Type": "Rock", "Target": "OpponentSingle", "u8": 1, "Drain": 0, "Power": 200, "Accuracy": 0, "Use": 0 },
{ "MoveID": 31400, "Category": "Physical", "u3": 1, "User": "Pokemon", "Group": "Sync", "Type": "Ghost", "Target": "OpponentSingle", "u8": 1, "Drain": 0, "Power": 200, "Accuracy": 0, "Use": 0 },
{ "MoveID": 31500, "Category": "Physical", "u3": 1, "User": "Pokemon", "Group": "Sync", "Type": "Dragon", "Target": "OpponentSingle", "u8": 1, "Drain": 0, "Power": 200, "Accuracy": 0, "Use": 0 },
{ "MoveID": 31600, "Category": "Physical", "u3": 1, "User": "Pokemon", "Group": "Sync", "Type": "Dark", "Target": "OpponentSingle", "u8": 1, "Drain": 0, "Power": 200, "Accuracy": 0, "Use": 0 },
{ "MoveID": 31700, "Category": "Physical", "u3": 1, "User": "Pokemon", "Group": "Sync", "Type": "Steel", "Target": "OpponentSingle", "u8": 1, "Drain": 0, "Power": 200, "Accuracy": 0, "Use": 0 },
{ "MoveID": 31800, "Category": "Physical", "u3": 1, "User": "Pokemon", "Group": "Sync", "Type": "Fairy", "Target": "OpponentSingle", "u8": 1, "Drain": 0, "Power": 200, "Accuracy": 0, "Use": 0 },
{ "MoveID": 40100, "Category": "Special", "u3": 1, "User": "Pokemon", "Group": "Sync", "Type": "Normal", "Target": "OpponentSingle", "u8": 1, "Drain": 0, "Power": 250, "Accuracy": 0, "Use": 0 },
{ "MoveID": 40200, "Category": "Special", "u3": 1, "User": "Pokemon", "Group": "Sync", "Type": "Fire", "Target": "OpponentSingle", "u8": 1, "Drain": 0, "Power": 200, "Accuracy": 0, "Use": 0 },
{ "MoveID": 40300, "Category": "Special", "u3": 1, "User": "Pokemon", "Group": "Sync", "Type": "Water", "Target": "OpponentSingle", "u8": 1, "Drain": 0, "Power": 200, "Accuracy": 0, "Use": 0 },
{ "MoveID": 40400, "Category": "Special", "u3": 1, "User": "Pokemon", "Group": "Sync", "Type": "Electric", "Target": "OpponentSingle", "u8": 1, "Drain": 0, "Power": 200, "Accuracy": 0, "Use": 0 },
{ "MoveID": 40500, "Category": "Special", "u3": 1, "User": "Pokemon", "Group": "Sync", "Type": "Grass", "Target": "OpponentSingle", "u8": 1, "Drain": 0, "Power": 200, "Accuracy": 0, "Use": 0 },
{ "MoveID": 40600, "Category": "Special", "u3": 1, "User": "Pokemon", "Group": "Sync", "Type": "Ice", "Target": "OpponentSingle", "u8": 1, "Drain": 0, "Power": 200, "Accuracy": 0, "Use": 0 },
{ "MoveID": 40700, "Category": "Special", "u3": 1, "User": "Pokemon", "Group": "Sync", "Type": "Fighting", "Target": "OpponentSingle", "u8": 1, "Drain": 0, "Power": 200, "Accuracy": 0, "Use": 0 },
{ "MoveID": 40800, "Category": "Special", "u3": 1, "User": "Pokemon", "Group": "Sync", "Type": "Poison", "Target": "OpponentSingle", "u8": 1, "Drain": 0, "Power": 200, "Accuracy": 0, "Use": 0 },
{ "MoveID": 40900, "Category": "Special", "u3": 1, "User": "Pokemon", "Group": "Sync", "Type": "Ground", "Target": "OpponentSingle", "u8": 1, "Drain": 0, "Power": 200, "Accuracy": 0, "Use": 0 },
{ "MoveID": 41000, "Category": "Special", "u3": 1, "User": "Pokemon", "Group": "Sync", "Type": "Flying", "Target": "OpponentSingle", "u8": 1, "Drain": 0, "Power": 200, "Accuracy": 0, "Use": 0 },
{ "MoveID": 41100, "Category": "Special", "u3": 1, "User": "Pokemon", "Group": "Sync", "Type": "Psychic", "Target": "OpponentSingle", "u8": 1, "Drain": 0, "Power": 200, "Accuracy": 0, "Use": 0 },
{ "MoveID": 41200, "Category": "Special", "u3": 1, "User": "Pokemon", "Group": "Sync", "Type": "Bug", "Target": "OpponentSingle", "u8": 1, "Drain": 0, "Power": 200, "Accuracy": 0, "Use": 0 },
{ "MoveID": 41300, "Category": "Special", "u3": 1, "User": "Pokemon", "Group": "Sync", "Type": "Rock", "Target": "OpponentSingle", "u8": 1, "Drain": 0, "Power": 200, "Accuracy": 0, "Use": 0 },
{ "MoveID": 41400, "Category": "Special", "u3": 1, "User": "Pokemon", "Group": "Sync", "Type": "Ghost", "Target": "OpponentSingle", "u8": 1, "Drain": 0, "Power": 200, "Accuracy": 0, "Use": 0 },
{ "MoveID": 41500, "Category": "Special", "u3": 1, "User": "Pokemon", "Group": "Sync", "Type": "Dragon", "Target": "OpponentSingle", "u8": 1, "Drain": 0, "Power": 200, "Accuracy": 0, "Use": 0 },
{ "MoveID": 41600, "Category": "Special", "u3": 1, "User": "Pokemon", "Group": "Sync", "Type": "Dark", "Target": "OpponentSingle", "u8": 1, "Drain": 0, "Power": 200, "Accuracy": 0, "Use": 0 },
{ "MoveID": 41700, "Category": "Special", "u3": 1, "User": "Pokemon", "Group": "Sync", "Type": "Steel", "Target": "OpponentSingle", "u8": 1, "Drain": 0, "Power": 200, "Accuracy": 0, "Use": 0 },
{ "MoveID": 41800, "Category": "Special", "u3": 1, "User": "Pokemon", "Group": "Sync", "Type": "Fairy", "Target": "OpponentSingle", "u8": 1, "Drain": 0, "Power": 200, "Accuracy": 0, "Use": 0 },
{ "MoveID": 50401, "Category": "Special", "u3": 1, "User": "Pokemon", "Group": "Sync", "Type": "Electric", "Target": "OpponentSingle", "u8": 1, "Drain": 0, "Power": 250, "Accuracy": 0, "Use": 0 },
{ "MoveID": 50402, "Category": "Physical", "u3": 1, "User": "Pokemon", "Group": "Sync", "Type": "Electric", "Target": "OpponentSingle", "u8": 1, "Drain": 0, "Power": 200, "Accuracy": 0, "Use": 0 },
{ "MoveID": 50901, "Category": "Physical", "u3": 1, "User": "Pokemon", "Group": "Sync", "Type": "Ground", "Target": "OpponentSingle", "u8": 1, "Drain": 0, "Power": 250, "Accuracy": 0, "Use": 0 },
{ "MoveID": 51001, "Category": "Physical", "u3": 1, "User": "Pokemon", "Group": "Sync", "Type": "Flying", "Target": "OpponentSingle", "u8": 1, "Drain": 0, "Power": 250, "Accuracy": 0, "Use": 0 },
{ "MoveID": 51301, "Category": "Physical", "u3": 1, "User": "Pokemon", "Group": "Sync", "Type": "Rock", "Target": "OpponentSingle", "u8": 1, "Drain": 0, "Power": 250, "Accuracy": 0, "Use": 0 },
{ "MoveID": 51401, "Category": "Physical", "u3": 1, "User": "Pokemon", "Group": "Sync", "Type": "Ghost", "Target": "OpponentSingle", "u8": 1, "Drain": 0, "Power": 200, "Accuracy": 0, "Use": 0 },
{ "MoveID": 51601, "Category": "Physical", "u3": 1, "User": "Pokemon", "Group": "Sync", "Type": "Dark", "Target": "OpponentSingle", "u8": 1, "Drain": 0, "Power": 200, "Accuracy": 0, "Use": 0 },
{ "MoveID": 51801, "Category": "Physical", "u3": 1, "User": "Pokemon", "Group": "Sync", "Type": "Fairy", "Target": "OpponentSingle", "u8": 1, "Drain": 0, "Power": 200, "Accuracy": 0, "Use": 0 },
{ "MoveID": 60000, "Category": "Physical", "u3": 1, "User": "Pokemon", "Group": "Sync", "Type": "Fighting", "Target": "OpponentSingle", "u8": 1, "Drain": 0, "Power": 160, "Accuracy": 0, "Use": 0 },
{ "MoveID": 60100, "Category": "Special", "u3": 1, "User": "Pokemon", "Group": "Sync", "Type": "Flying", "Target": "OpponentSingle", "u8": 1, "Drain": 0, "Power": 160, "Accuracy": 0, "Use": 0 },
{ "MoveID": 60300, "Category": "Physical", "u3": 1, "User": "Pokemon", "Group": "Sync", "Type": "Bug", "Target": "OpponentSingle", "u8": 1, "Drain": 0, "Power": 160, "Accuracy": 0, "Use": 0 },
{ "MoveID": 60400, "Category": "Physical", "u3": 1, "User": "Pokemon", "Group": "Sync", "Type": "Bug", "Target": "OpponentSingle", "u8": 1, "Drain": 0, "Power": 160, "Accuracy": 0, "Use": 0 },
{ "MoveID": 60500, "Category": "Special", "u3": 1, "User": "Pokemon", "Group": "Sync", "Type": "Ghost", "Target": "OpponentSingle", "u8": 1, "Drain": 0, "Power": 160, "Accuracy": 0, "Use": 0 },
{ "MoveID": 60600, "Category": "Special", "u3": 1, "User": "Pokemon", "Group": "Sync", "Type": "Dark", "Target": "OpponentSingle", "u8": 1, "Drain": 0, "Power": 160, "Accuracy": 0, "Use": 0 },
{ "MoveID": 70000, "Category": "Special", "u3": 1, "User": "Pokemon", "Group": "Sync", "Type": "Grass", "Target": "OpponentSingle", "u8": 1, "Drain": 0, "Power": 250, "Accuracy": 0, "Use": 0 },
{ "MoveID": 70200, "Category": "Physical", "u3": 1, "User": "Pokemon", "Group": "Sync", "Type": "Ice", "Target": "OpponentSingle", "u8": 1, "Drain": 0, "Power": 250, "Accuracy": 0, "Use": 0 },
{ "MoveID": 70300, "Category": "Physical", "u3": 1, "User": "Pokemon", "Group": "Sync", "Type": "Normal", "Target": "OpponentSingle", "u8": 1, "Drain": 0, "Power": 300, "Accuracy": 0, "Use": 0 },
{ "MoveID": 70400, "Category": "Physical", "u3": 1, "User": "Pokemon", "Group": "Sync", "Type": "Fire", "Target": "OpponentSingle", "u8": 1, "Drain": 0, "Power": 250, "Accuracy": 0, "Use": 0 },
{ "MoveID": 70500, "Category": "Physical", "u3": 1, "User": "Pokemon", "Group": "Sync", "Type": "Water", "Target": "OpponentSingle", "u8": 1, "Drain": 0, "Power": 250, "Accuracy": 0, "Use": 0 },
{ "MoveID": 70600, "Category": "Special", "u3": 1, "User": "Pokemon", "Group": "Sync", "Type": "Dragon", "Target": "OpponentSingle", "u8": 1, "Drain": 0, "Power": 250, "Accuracy": 0, "Use": 0 },
{ "MoveID": 70700, "Category": "Special", "u3": 1, "User": "Pokemon", "Group": "Sync", "Type": "Fire", "Target": "OpponentSingle", "u8": 1, "Drain": 0, "Power": 200, "Accuracy": 0, "Use": 0 },
{ "MoveID": 70800, "Category": "Physical", "u3": 1, "User": "Pokemon", "Group": "Sync", "Type": "Normal", "Target": "OpponentSingle", "u8": 1, "Drain": 0, "Power": 250, "Accuracy": 0, "Use": 0 },
{ "MoveID": 70900, "Category": "Special", "u3": 1, "User": "Pokemon", "Group": "Sync", "Type": "Grass", "Target": "OpponentSingle", "u8": 1, "Drain": 0, "Power": 200, "Accuracy": 0, "Use": 0 },
{ "MoveID": 71000, "Category": "Special", "u3": 1, "User": "Pokemon", "Group": "Sync", "Type": "Grass", "Target": "OpponentSingle", "u8": 1, "Drain": 0, "Power": 200, "Accuracy": 0, "Use": 0 },
{ "MoveID": 71100, "Category": "Physical", "u3": 1, "User": "Pokemon", "Group": "Sync", "Type": "Ice", "Target": "OpponentSingle", "u8": 1, "Drain": 0, "Power": 200, "Accuracy": 0, "Use": 0 },
{ "MoveID": 71200, "Category": "Special", "u3": 1, "User": "Pokemon", "Group": "Sync", "Type": "Grass", "Target": "OpponentSingle", "u8": 1, "Drain": 0, "Power": 250, "Accuracy": 0, "Use": 0 },
{ "MoveID": 71300, "Category": "Physical", "u3": 1, "User": "Pokemon", "Group": "Sync", "Type": "Grass", "Target": "OpponentSingle", "u8": 1, "Drain": 0, "Power": 250, "Accuracy": 0, "Use": 0 },
{ "MoveID": 71400, "Category": "Physical", "u3": 1, "User": "Pokemon", "Group": "Sync", "Type": "Water", "Target": "OpponentSingle", "u8": 1, "Drain": 0, "Power": 250, "Accuracy": 0, "Use": 0 },
{ "MoveID": 71600, "Category": "Special", "u3": 1, "User": "Pokemon", "Group": "Sync", "Type": "Ice", "Target": "OpponentSingle", "u8": 1, "Drain": 0, "Power": 200, "Accuracy": 0, "Use": 0 },
{ "MoveID": 71700, "Category": "Special", "u3": 1, "User": "Pokemon", "Group": "Sync", "Type": "Fire", "Target": "OpponentSingle", "u8": 1, "Drain": 0, "Power": 250, "Accuracy": 0, "Use": 0 },
{ "MoveID": 71800, "Category": "Special", "u3": 1, "User": "Pokemon", "Group": "Sync", "Type": "Normal", "Target": "OpponentSingle", "u8": 1, "Drain": 0, "Power": 300, "Accuracy": 0, "Use": 0 },
{ "MoveID": 71900, "Category": "Physical", "u3": 1, "User": "Pokemon", "Group": "Sync", "Type": "Water", "Target": "OpponentSingle", "u8": 1, "Drain": 0, "Power": 200, "Accuracy": 0, "Use": 0 },
{ "MoveID": 72000, "Category": "Physical", "u3": 1, "User": "Pokemon", "Group": "Sync", "Type": "Poison", "Target": "OpponentSingle", "u8": 1, "Drain": 0, "Power": 250, "Accuracy": 0, "Use": 0 },
{ "MoveID": 72100, "Category": "Special", "u3": 1, "User": "Pokemon", "Group": "Sync", "Type": "Psychic", "Target": "OpponentSingle", "u8": 1, "Drain": 0, "Power": 250, "Accuracy": 0, "Use": 0 },
{ "MoveID": 72200, "Category": "Special", "u3": 1, "User": "Pokemon", "Group": "Sync", "Type": "Ghost", "Target": "OpponentSingle", "u8": 1, "Drain": 0, "Power": 250, "Accuracy": 0, "Use": 0 },
{ "MoveID": 72300, "Category": "Physical", "u3": 1, "User": "Pokemon", "Group": "Sync", "Type": "Psychic", "Target": "OpponentSingle", "u8": 1, "Drain": 0, "Power": 250, "Accuracy": 0, "Use": 0 },
{ "MoveID": 72400, "Category": "Special", "u3": 1, "User": "Pokemon", "Group": "Sync", "Type": "Ice", "Target": "OpponentSingle", "u8": 1, "Drain": 0, "Power": 250, "Accuracy": 0, "Use": 0 },
{ "MoveID": 72700, "Category": "Physical", "u3": 1, "User": "Pokemon", "Group": "Sync", "Type": "Rock", "Target": "OpponentSingle", "u8": 1, "Drain": 0, "Power": 250, "Accuracy": 0, "Use": 0 },
{ "MoveID": 72800, "Category": "Special", "u3": 1, "User": "Pokemon", "Group": "Sync", "Type": "Bug", "Target": "OpponentSingle", "u8": 1, "Drain": 0, "Power": 200, "Accuracy": 0, "Use": 0 },
{ "MoveID": 72900, "Category": "Physical", "u3": 1, "User": "Pokemon", "Group": "Sync", "Type": "Ice", "Target": "OpponentSingle", "u8": 1, "Drain": 0, "Power": 200, "Accuracy": 0, "Use": 0 },
{ "MoveID": 73000, "Category": "Special", "u3": 1, "User": "Pokemon", "Group": "Sync", "Type": "Electric", "Target": "OpponentSingle", "u8": 1, "Drain": 0, "Power": 200, "Accuracy": 0, "Use": 0 },
{ "MoveID": 73100, "Category": "Special", "u3": 1, "User": "Pokemon", "Group": "Sync", "Type": "Steel", "Target": "OpponentSingle", "u8": 1, "Drain": 0, "Power": 200, "Accuracy": 0, "Use": 0 },
{ "MoveID": 73200, "Category": "Special", "u3": 1, "User": "Pokemon", "Group": "Sync", "Type": "Flying", "Target": "OpponentSingle", "u8": 1, "Drain": 0, "Power": 200, "Accuracy": 0, "Use": 0 },
{ "MoveID": 73500, "Category": "Special", "u3": 1, "User": "Pokemon", "Group": "Sync", "Type": "Psychic", "Target": "OpponentSingle", "u8": 1, "Drain": 0, "Power": 200, "Accuracy": 0, "Use": 0 },
{ "MoveID": 73600, "Category": "Physical", "u3": 1, "User": "Pokemon", "Group": "Sync", "Type": "Dark", "Target": "OpponentSingle", "u8": 1, "Drain": 0, "Power": 200, "Accuracy": 0, "Use": 0 },
{ "MoveID": 73700, "Category": "Physical", "u3": 1, "User": "Pokemon", "Group": "Sync", "Type": "Ghost", "Target": "OpponentSingle", "u8": 1, "Drain": 0, "Power": 250, "Accuracy": 0, "Use": 0 },
{ "MoveID": 73900, "Category": "Physical", "u3": 1, "User": "Pokemon", "Group": "Sync", "Type": "Flying", "Target": "OpponentSingle", "u8": 1, "Drain": 0, "Power": 200, "Accuracy": 0, "Use": 0 },
{ "MoveID": 74000, "Category": "Physical", "u3": 1, "User": "Pokemon", "Group": "Sync", "Type": "Water", "Target": "OpponentSingle", "u8": 1, "Drain": 0, "Power": 200, "Accuracy": 0, "Use": 0 },
{ "MoveID": 74100, "Category": "Physical", "u3": 1, "User": "Pokemon", "Group": "Sync", "Type": "Rock", "Target": "OpponentSingle", "u8": 1, "Drain": 0, "Power": 200, "Accuracy": 0, "Use": 0 },
{ "MoveID": 74200, "Category": "Special", "u3": 1, "User": "Pokemon", "Group": "Sync", "Type": "Poison", "Target": "OpponentSingle", "u8": 1, "Drain": 0, "Power": 200, "Accuracy": 0, "Use": 0 },
{ "MoveID": 74300, "Category": "Physical", "u3": 1, "User": "Pokemon", "Group": "Sync", "Type": "Steel", "Target": "OpponentSingle", "u8": 1, "Drain": 0, "Power": 200, "Accuracy": 0, "Use": 0 },
{ "MoveID": 74400, "Category": "Physical", "u3": 1, "User": "Pokemon", "Group": "Sync", "Type": "Fighting", "Target": "OpponentSingle", "u8": 1, "Drain": 0, "Power": 250, "Accuracy": 0, "Use": 0 },
{ "MoveID": 74500, "Category": "Physical", "u3": 1, "User": "Pokemon", "Group": "Sync", "Type": "Fire", "Target": "OpponentSingle", "u8": 1, "Drain": 0, "Power": 200, "Accuracy": 0, "Use": 0 },
{ "MoveID": 74600, "Category": "Physical", "u3": 1, "User": "Pokemon", "Group": "Sync", "Type": "Poison", "Target": "OpponentSingle", "u8": 1, "Drain": 0, "Power": 200, "Accuracy": 0, "Use": 0 },
{ "MoveID": 74700, "Category": "Physical", "u3": 1, "User": "Pokemon", "Group": "Sync", "Type": "Fighting", "Target": "OpponentSingle", "u8": 1, "Drain": 0, "Power": 250, "Accuracy": 0, "Use": 0 },
{ "MoveID": 74900, "Category": "Physical", "u3": 1, "User": "Pokemon", "Group": "Sync", "Type": "Dragon", "Target": "OpponentSingle", "u8": 1, "Drain": 0, "Power": 250, "Accuracy": 0, "Use": 0 },
{ "MoveID": 75000, "Category": "Physical", "u3": 1, "User": "Pokemon", "Group": "Sync", "Type": "Dragon", "Target": "OpponentSingle", "u8": 1, "Drain": 0, "Power": 250, "Accuracy": 0, "Use": 0 },
{ "MoveID": 75200, "Category": "Special", "u3": 1, "User": "Pokemon", "Group": "Sync", "Type": "Water", "Target": "OpponentSingle", "u8": 1, "Drain": 0, "Power": 250, "Accuracy": 0, "Use": 0 },
{ "MoveID": 75300, "Category": "Physical", "u3": 1, "User": "Pokemon", "Group": "Sync", "Type": "Fire", "Target": "OpponentSingle", "u8": 1, "Drain": 0, "Power": 200, "Accuracy": 0, "Use": 0 },
{ "MoveID": 75400, "Category": "Special", "u3": 1, "User": "Pokemon", "Group": "Sync", "Type": "Water", "Target": "OpponentSingle", "u8": 1, "Drain": 0, "Power": 250, "Accuracy": 0, "Use": 0 },
{ "MoveID": 75600, "Category": "Physical", "u3": 1, "User": "Pokemon", "Group": "Sync", "Type": "Normal", "Target": "OpponentSingle", "u8": 1, "Drain": 0, "Power": 250, "Accuracy": 0, "Use": 0 },
{ "MoveID": 75700, "Category": "Physical", "u3": 1, "User": "Pokemon", "Group": "Sync", "Type": "Rock", "Target": "OpponentSingle", "u8": 1, "Drain": 0, "Power": 200, "Accuracy": 0, "Use": 0 },
{ "MoveID": 75800, "Category": "Physical", "u3": 1, "User": "Pokemon", "Group": "Sync", "Type": "Rock", "Target": "OpponentSingle", "u8": 1, "Drain": 0, "Power": 250, "Accuracy": 0, "Use": 0 },
{ "MoveID": 75900, "Category": "Special", "u3": 1, "User": "Pokemon", "Group": "Sync", "Type": "Electric", "Target": "OpponentSingle", "u8": 1, "Drain": 0, "Power": 250, "Accuracy": 0, "Use": 0 },
{ "MoveID": 77000, "Category": "Special", "u3": 1, "User": "Pokemon", "Group": "Sync", "Type": "Water", "Target": "OpponentSingle", "u8": 1, "Drain": 0, "Power": 200, "Accuracy": 0, "Use": 0 },
]}
