{ "entries": [
{ "questId": "0", "Type": "completionReward", "rewardId": 0 },
{ "questId": "2001", "Type": "completionReward", "rewardId": 0 },
{ "questId": "21000200", "Type": "firstReward", "rewardId": 1 },
{ "questId": "21000500", "Type": "firstReward", "rewardId": 1 },
{ "questId": "21000600", "Type": "firstReward", "rewardId": 1 },
{ "questId": "21000700", "Type": "firstReward", "rewardId": 1 },
{ "questId": "21000800", "Type": "firstReward", "rewardId": 1 },
{ "questId": "21000900", "Type": "firstReward", "rewardId": 1 },
{ "questId": "21001000", "Type": "firstReward", "rewardId": 1 },
{ "questId": "21001100", "Type": "firstReward", "rewardId": 1 },
{ "questId": "21001200", "Type": "firstReward", "rewardId": 1 },
{ "questId": "21001300", "Type": "firstReward", "rewardId": 1 },
{ "questId": "21001400", "Type": "firstReward", "rewardId": 1 },
{ "questId": "21001401", "Type": "firstReward", "rewardId": 1 },
{ "questId": "21001500", "Type": "firstReward", "rewardId": 1 },
{ "questId": "21001501", "Type": "firstReward", "rewardId": 1 },
{ "questId": "21001600", "Type": "firstReward", "rewardId": 1 },
{ "questId": "21001800", "Type": "firstReward", "rewardId": 1 },
{ "questId": "21001900", "Type": "firstReward", "rewardId": 1 },
{ "questId": "21002000", "Type": "firstReward", "rewardId": 1 },
{ "questId": "21002100", "Type": "firstReward", "rewardId": 1 },
{ "questId": "21002200", "Type": "firstReward", "rewardId": 1 },
{ "questId": "21002300", "Type": "firstReward", "rewardId": 1 },
{ "questId": "21002400", "Type": "firstReward", "rewardId": 1 },
{ "questId": "21002500", "Type": "firstReward", "rewardId": 1 },
{ "questId": "21002600", "Type": "firstReward", "rewardId": 1 },
{ "questId": "21002700", "Type": "firstReward", "rewardId": 1 },
{ "questId": "21002800", "Type": "firstReward", "rewardId": 1 },
{ "questId": "21002900", "Type": "firstReward", "rewardId": 1 },
{ "questId": "21003000", "Type": "firstReward", "rewardId": 1 },
{ "questId": "21003100", "Type": "firstReward", "rewardId": 1 },
{ "questId": "21003200", "Type": "firstReward", "rewardId": 1 },
{ "questId": "21003300", "Type": "firstReward", "rewardId": 1 },
{ "questId": "21003400", "Type": "firstReward", "rewardId": 1 },
{ "questId": "21003500", "Type": "firstReward", "rewardId": 1 },
{ "questId": "21003600", "Type": "firstReward", "rewardId": 1 },
{ "questId": "21003700", "Type": "firstReward", "rewardId": 1 },
{ "questId": "21003800", "Type": "firstReward", "rewardId": 1 },
{ "questId": "21003900", "Type": "firstReward", "rewardId": 1 },
{ "questId": "21004000", "Type": "firstReward", "rewardId": 1 },
{ "questId": "21004100", "Type": "firstReward", "rewardId": 1 },
{ "questId": "21004200", "Type": "firstReward", "rewardId": 1 },
{ "questId": "21004300", "Type": "firstReward", "rewardId": 1 },
{ "questId": "21004400", "Type": "firstReward", "rewardId": 1 },
{ "questId": "21004500", "Type": "firstReward", "rewardId": 1 },
{ "questId": "21004600", "Type": "firstReward", "rewardId": 1 },
{ "questId": "21004700", "Type": "firstReward", "rewardId": 1 },
{ "questId": "21004900", "Type": "firstReward", "rewardId": 1 },
{ "questId": "21005000", "Type": "firstReward", "rewardId": 1 },
{ "questId": "21005100", "Type": "firstReward", "rewardId": 1 },
{ "questId": "21005200", "Type": "firstReward", "rewardId": 1 },
{ "questId": "21005300", "Type": "firstReward", "rewardId": 1 },
{ "questId": "21005400", "Type": "firstReward", "rewardId": 1 },
{ "questId": "21005500", "Type": "firstReward", "rewardId": 1 },
{ "questId": "21005600", "Type": "firstReward", "rewardId": 1 },
{ "questId": "21005700", "Type": "firstReward", "rewardId": 1 },
{ "questId": "21005800", "Type": "firstReward", "rewardId": 1 },
{ "questId": "21005900", "Type": "firstReward", "rewardId": 1 },
{ "questId": "21006000", "Type": "firstReward", "rewardId": 1 },
{ "questId": "21006100", "Type": "firstReward", "rewardId": 1 },
{ "questId": "21006200", "Type": "firstReward", "rewardId": 1 },
{ "questId": "21006300", "Type": "firstReward", "rewardId": 1 },
{ "questId": "21009200", "Type": "firstReward", "rewardId": 1 },
{ "questId": "21009400", "Type": "firstReward", "rewardId": 1 },
{ "questId": "21009600", "Type": "firstReward", "rewardId": 1 },
{ "questId": "21009700", "Type": "firstReward", "rewardId": 1 },
{ "questId": "21009800", "Type": "firstReward", "rewardId": 1 },
{ "questId": "21009900", "Type": "firstReward", "rewardId": 1 },
{ "questId": "21010000", "Type": "firstReward", "rewardId": 1 },
{ "questId": "21010100", "Type": "firstReward", "rewardId": 1 },
{ "questId": "21010200", "Type": "firstReward", "rewardId": 1 },
{ "questId": "1030100000000100", "Type": "firstReward", "rewardId": 282 },
{ "questId": "1030100000010100", "Type": "firstReward", "rewardId": 3 },
{ "questId": "1030100000010200", "Type": "completionReward", "rewardId": 212 },
{ "questId": "1030100000010200", "Type": "firstReward", "rewardId": 4 },
{ "questId": "1030100000010300", "Type": "firstReward", "rewardId": 5 },
{ "questId": "1030100000010400", "Type": "completionReward", "rewardId": 212 },
{ "questId": "1030100000010400", "Type": "firstReward", "rewardId": 6 },
{ "questId": "1030100000010500", "Type": "firstReward", "rewardId": 7 },
{ "questId": "1030100000020100", "Type": "firstReward", "rewardId": 8 },
{ "questId": "1030100000020200", "Type": "completionReward", "rewardId": 212 },
{ "questId": "1030100000020200", "Type": "firstReward", "rewardId": 9 },
{ "questId": "1030100000020300", "Type": "firstReward", "rewardId": 10 },
{ "questId": "1030100000020400", "Type": "completionReward", "rewardId": 212 },
{ "questId": "1030100000020400", "Type": "firstReward", "rewardId": 11 },
{ "questId": "1030100000020500", "Type": "firstReward", "rewardId": 12 },
{ "questId": "1030100000020600", "Type": "completionReward", "rewardId": 212 },
{ "questId": "1030100000020600", "Type": "firstReward", "rewardId": 13 },
{ "questId": "1030100000020700", "Type": "completionReward", "rewardId": 212 },
{ "questId": "1030100000020700", "Type": "firstReward", "rewardId": 14 },
{ "questId": "1030100000020800", "Type": "firstReward", "rewardId": 15 },
{ "questId": "1030100000020900", "Type": "completionReward", "rewardId": 212 },
{ "questId": "1030100000020900", "Type": "firstReward", "rewardId": 16 },
{ "questId": "1030100000021000", "Type": "firstReward", "rewardId": 283 },
{ "questId": "1030100000030100", "Type": "firstReward", "rewardId": 17 },
{ "questId": "1030100000030200", "Type": "completionReward", "rewardId": 213 },
{ "questId": "1030100000030200", "Type": "firstReward", "rewardId": 18 },
{ "questId": "1030100000030300", "Type": "completionReward", "rewardId": 213 },
{ "questId": "1030100000030300", "Type": "firstReward", "rewardId": 19 },
{ "questId": "1030100000030400", "Type": "firstReward", "rewardId": 20 },
{ "questId": "1030100000030700", "Type": "completionReward", "rewardId": 213 },
{ "questId": "1030100000030700", "Type": "firstReward", "rewardId": 21 },
{ "questId": "1030100000030800", "Type": "firstReward", "rewardId": 22 },
{ "questId": "1030100000040100", "Type": "firstReward", "rewardId": 23 },
{ "questId": "1030100000040200", "Type": "completionReward", "rewardId": 213 },
{ "questId": "1030100000040200", "Type": "firstReward", "rewardId": 24 },
{ "questId": "1030100000040300", "Type": "firstReward", "rewardId": 25 },
{ "questId": "1030100000040400", "Type": "completionReward", "rewardId": 213 },
{ "questId": "1030100000040400", "Type": "firstReward", "rewardId": 26 },
{ "questId": "1030100000040500", "Type": "firstReward", "rewardId": 27 },
{ "questId": "1030100000040600", "Type": "completionReward", "rewardId": 213 },
{ "questId": "1030100000040600", "Type": "firstReward", "rewardId": 28 },
{ "questId": "1030100000040700", "Type": "firstReward", "rewardId": 29 },
{ "questId": "1030100000040800", "Type": "completionReward", "rewardId": 213 },
{ "questId": "1030100000040800", "Type": "firstReward", "rewardId": 30 },
{ "questId": "1030100000040900", "Type": "firstReward", "rewardId": 31 },
{ "questId": "1030100000050100", "Type": "firstReward", "rewardId": 32 },
{ "questId": "1030100000050200", "Type": "completionReward", "rewardId": 213 },
{ "questId": "1030100000050200", "Type": "firstReward", "rewardId": 33 },
{ "questId": "1030100000050300", "Type": "completionReward", "rewardId": 213 },
{ "questId": "1030100000050300", "Type": "firstReward", "rewardId": 34 },
{ "questId": "1030100000050400", "Type": "firstReward", "rewardId": 35 },
{ "questId": "1030100000050700", "Type": "completionReward", "rewardId": 213 },
{ "questId": "1030100000050700", "Type": "firstReward", "rewardId": 36 },
{ "questId": "1030100000050800", "Type": "firstReward", "rewardId": 37 },
{ "questId": "1030100000050900", "Type": "completionReward", "rewardId": 213 },
{ "questId": "1030100000050900", "Type": "firstReward", "rewardId": 38 },
{ "questId": "1030100000051000", "Type": "firstReward", "rewardId": 39 },
{ "questId": "1030100000060100", "Type": "firstReward", "rewardId": 40 },
{ "questId": "1030100000060200", "Type": "completionReward", "rewardId": 214 },
{ "questId": "1030100000060200", "Type": "firstReward", "rewardId": 41 },
{ "questId": "1030100000060300", "Type": "firstReward", "rewardId": 42 },
{ "questId": "1030100000060400", "Type": "completionReward", "rewardId": 214 },
{ "questId": "1030100000060400", "Type": "firstReward", "rewardId": 43 },
{ "questId": "1030100000060500", "Type": "firstReward", "rewardId": 44 },
{ "questId": "1030100000060600", "Type": "completionReward", "rewardId": 214 },
{ "questId": "1030100000060600", "Type": "firstReward", "rewardId": 45 },
{ "questId": "1030100000060700", "Type": "firstReward", "rewardId": 46 },
{ "questId": "1030100000060800", "Type": "completionReward", "rewardId": 214 },
{ "questId": "1030100000060800", "Type": "firstReward", "rewardId": 47 },
{ "questId": "1030100000060900", "Type": "firstReward", "rewardId": 48 },
{ "questId": "1030100000070100", "Type": "firstReward", "rewardId": 49 },
{ "questId": "1030100000070200", "Type": "completionReward", "rewardId": 215 },
{ "questId": "1030100000070200", "Type": "firstReward", "rewardId": 50 },
{ "questId": "1030100000070300", "Type": "firstReward", "rewardId": 51 },
{ "questId": "1030100000070400", "Type": "completionReward", "rewardId": 215 },
{ "questId": "1030100000070400", "Type": "firstReward", "rewardId": 52 },
{ "questId": "1030100000070500", "Type": "firstReward", "rewardId": 53 },
{ "questId": "1030100000070600", "Type": "completionReward", "rewardId": 215 },
{ "questId": "1030100000070600", "Type": "firstReward", "rewardId": 54 },
{ "questId": "1030100000070700", "Type": "firstReward", "rewardId": 55 },
{ "questId": "1030100000070800", "Type": "completionReward", "rewardId": 215 },
{ "questId": "1030100000070800", "Type": "firstReward", "rewardId": 56 },
{ "questId": "1030100000070900", "Type": "firstReward", "rewardId": 57 },
{ "questId": "1030100000071000", "Type": "completionReward", "rewardId": 215 },
{ "questId": "1030100000071000", "Type": "firstReward", "rewardId": 58 },
{ "questId": "1030100000071100", "Type": "firstReward", "rewardId": 59 },
{ "questId": "1030100000071200", "Type": "completionReward", "rewardId": 215 },
{ "questId": "1030100000071200", "Type": "firstReward", "rewardId": 60 },
{ "questId": "1030100000071300", "Type": "firstReward", "rewardId": 61 },
{ "questId": "1030100000080100", "Type": "firstReward", "rewardId": 62 },
{ "questId": "1030100000080200", "Type": "completionReward", "rewardId": 216 },
{ "questId": "1030100000080200", "Type": "firstReward", "rewardId": 63 },
{ "questId": "1030100000080300", "Type": "firstReward", "rewardId": 64 },
{ "questId": "1030100000080400", "Type": "completionReward", "rewardId": 216 },
{ "questId": "1030100000080400", "Type": "firstReward", "rewardId": 65 },
{ "questId": "1030100000080500", "Type": "firstReward", "rewardId": 66 },
{ "questId": "1030100000080600", "Type": "completionReward", "rewardId": 216 },
{ "questId": "1030100000080600", "Type": "firstReward", "rewardId": 67 },
{ "questId": "1030100000080700", "Type": "firstReward", "rewardId": 68 },
{ "questId": "1030100000080800", "Type": "completionReward", "rewardId": 216 },
{ "questId": "1030100000080800", "Type": "firstReward", "rewardId": 69 },
{ "questId": "1030100000080900", "Type": "firstReward", "rewardId": 70 },
{ "questId": "1030100000090100", "Type": "firstReward", "rewardId": 71 },
{ "questId": "1030100000090200", "Type": "completionReward", "rewardId": 217 },
{ "questId": "1030100000090200", "Type": "firstReward", "rewardId": 72 },
{ "questId": "1030100000090300", "Type": "firstReward", "rewardId": 73 },
{ "questId": "1030100000090400", "Type": "completionReward", "rewardId": 217 },
{ "questId": "1030100000090400", "Type": "firstReward", "rewardId": 74 },
{ "questId": "1030100000090500", "Type": "firstReward", "rewardId": 75 },
{ "questId": "1030100000090600", "Type": "completionReward", "rewardId": 217 },
{ "questId": "1030100000090600", "Type": "firstReward", "rewardId": 76 },
{ "questId": "1030100000090700", "Type": "completionReward", "rewardId": 217 },
{ "questId": "1030100000090700", "Type": "firstReward", "rewardId": 77 },
{ "questId": "1030100000090800", "Type": "firstReward", "rewardId": 78 },
{ "questId": "1030100000090900", "Type": "completionReward", "rewardId": 217 },
{ "questId": "1030100000090900", "Type": "firstReward", "rewardId": 79 },
{ "questId": "1030100000091000", "Type": "firstReward", "rewardId": 80 },
{ "questId": "1030100000091100", "Type": "completionReward", "rewardId": 217 },
{ "questId": "1030100000091100", "Type": "firstReward", "rewardId": 81 },
{ "questId": "1030100000091200", "Type": "firstReward", "rewardId": 82 },
{ "questId": "1030100000100100", "Type": "firstReward", "rewardId": 83 },
{ "questId": "1030100000100200", "Type": "completionReward", "rewardId": 218 },
{ "questId": "1030100000100200", "Type": "firstReward", "rewardId": 84 },
{ "questId": "1030100000100300", "Type": "firstReward", "rewardId": 85 },
{ "questId": "1030100000100400", "Type": "completionReward", "rewardId": 218 },
{ "questId": "1030100000100400", "Type": "firstReward", "rewardId": 86 },
{ "questId": "1030100000100500", "Type": "firstReward", "rewardId": 87 },
{ "questId": "1030100000100600", "Type": "completionReward", "rewardId": 218 },
{ "questId": "1030100000100600", "Type": "firstReward", "rewardId": 88 },
{ "questId": "1030100000100700", "Type": "firstReward", "rewardId": 89 },
{ "questId": "1030100000100800", "Type": "completionReward", "rewardId": 218 },
{ "questId": "1030100000100800", "Type": "firstReward", "rewardId": 90 },
{ "questId": "1030100000100900", "Type": "firstReward", "rewardId": 91 },
{ "questId": "1030100000101000", "Type": "completionReward", "rewardId": 218 },
{ "questId": "1030100000101000", "Type": "firstReward", "rewardId": 92 },
{ "questId": "1030100000101100", "Type": "firstReward", "rewardId": 93 },
{ "questId": "1030100000101200", "Type": "completionReward", "rewardId": 218 },
{ "questId": "1030100000101200", "Type": "firstReward", "rewardId": 94 },
{ "questId": "1030100000101300", "Type": "firstReward", "rewardId": 95 },
{ "questId": "1030100000105100", "Type": "firstReward", "rewardId": 96 },
{ "questId": "1030100000105200", "Type": "completionReward", "rewardId": 219 },
{ "questId": "1030100000105200", "Type": "firstReward", "rewardId": 97 },
{ "questId": "1030100000105300", "Type": "firstReward", "rewardId": 98 },
{ "questId": "1030100000105400", "Type": "firstReward", "rewardId": 99 },
{ "questId": "1030100000110100", "Type": "firstReward", "rewardId": 103 },
{ "questId": "1030100000110200", "Type": "completionReward", "rewardId": 222 },
{ "questId": "1030100000110200", "Type": "firstReward", "rewardId": 104 },
{ "questId": "1030100000110300", "Type": "firstReward", "rewardId": 105 },
{ "questId": "1030100000120100", "Type": "firstReward", "rewardId": 109 },
{ "questId": "1030100000120200", "Type": "completionReward", "rewardId": 224 },
{ "questId": "1030100000120200", "Type": "firstReward", "rewardId": 110 },
{ "questId": "1030100000120300", "Type": "firstReward", "rewardId": 111 },
{ "questId": "1030100000130100", "Type": "firstReward", "rewardId": 115 },
{ "questId": "1030100000130200", "Type": "completionReward", "rewardId": 227 },
{ "questId": "1030100000130200", "Type": "firstReward", "rewardId": 116 },
{ "questId": "1030100000130300", "Type": "firstReward", "rewardId": 117 },
{ "questId": "1030100000140100", "Type": "firstReward", "rewardId": 121 },
{ "questId": "1030100000140200", "Type": "completionReward", "rewardId": 230 },
{ "questId": "1030100000140200", "Type": "firstReward", "rewardId": 122 },
{ "questId": "1030100000140300", "Type": "firstReward", "rewardId": 123 },
{ "questId": "1030100000150100", "Type": "firstReward", "rewardId": 127 },
{ "questId": "1030100000150200", "Type": "completionReward", "rewardId": 233 },
{ "questId": "1030100000150200", "Type": "firstReward", "rewardId": 128 },
{ "questId": "1030100000150300", "Type": "firstReward", "rewardId": 129 },
{ "questId": "1030100000160100", "Type": "firstReward", "rewardId": 133 },
{ "questId": "1030100000160200", "Type": "completionReward", "rewardId": 235 },
{ "questId": "1030100000160200", "Type": "firstReward", "rewardId": 134 },
{ "questId": "1030100000160300", "Type": "firstReward", "rewardId": 135 },
{ "questId": "1030100000170100", "Type": "firstReward", "rewardId": 139 },
{ "questId": "1030100000170200", "Type": "completionReward", "rewardId": 238 },
{ "questId": "1030100000170200", "Type": "firstReward", "rewardId": 140 },
{ "questId": "1030100000170300", "Type": "firstReward", "rewardId": 141 },
{ "questId": "1030100000180100", "Type": "firstReward", "rewardId": 145 },
{ "questId": "1030100000180200", "Type": "completionReward", "rewardId": 241 },
{ "questId": "1030100000180200", "Type": "firstReward", "rewardId": 146 },
{ "questId": "1030100000180300", "Type": "firstReward", "rewardId": 147 },
{ "questId": "1030100000185100", "Type": "firstReward", "rewardId": 151 },
{ "questId": "1030102100030100", "Type": "completionReward", "rewardId": 212 },
{ "questId": "1030102100030100", "Type": "firstReward", "rewardId": 2 },
{ "questId": "1030102100060100", "Type": "completionReward", "rewardId": 280 },
{ "questId": "1030102100060100", "Type": "firstReward", "rewardId": 2 },
{ "questId": "1030102100100100", "Type": "completionReward", "rewardId": 281 },
{ "questId": "1030102100100100", "Type": "firstReward", "rewardId": 2 },
{ "questId": "1030110000105200", "Type": "completionReward", "rewardId": 219 },
{ "questId": "1030110000105200", "Type": "firstReward", "rewardId": 100 },
{ "questId": "1030110000110200", "Type": "completionReward", "rewardId": 222 },
{ "questId": "1030110000110200", "Type": "firstReward", "rewardId": 106 },
{ "questId": "1030110000120200", "Type": "completionReward", "rewardId": 224 },
{ "questId": "1030110000120200", "Type": "firstReward", "rewardId": 112 },
{ "questId": "1030110000130200", "Type": "completionReward", "rewardId": 227 },
{ "questId": "1030110000130200", "Type": "firstReward", "rewardId": 118 },
{ "questId": "1030110000140200", "Type": "completionReward", "rewardId": 230 },
{ "questId": "1030110000140200", "Type": "firstReward", "rewardId": 124 },
{ "questId": "1030110000150200", "Type": "completionReward", "rewardId": 233 },
{ "questId": "1030110000150200", "Type": "firstReward", "rewardId": 130 },
{ "questId": "1030110000160200", "Type": "completionReward", "rewardId": 235 },
{ "questId": "1030110000160200", "Type": "firstReward", "rewardId": 136 },
{ "questId": "1030110000170200", "Type": "completionReward", "rewardId": 238 },
{ "questId": "1030110000170200", "Type": "firstReward", "rewardId": 142 },
{ "questId": "1030110000180200", "Type": "completionReward", "rewardId": 241 },
{ "questId": "1030110000180200", "Type": "firstReward", "rewardId": 148 },
{ "questId": "1030111000105200", "Type": "completionReward", "rewardId": 220 },
{ "questId": "1030111000105200", "Type": "firstReward", "rewardId": 101 },
{ "questId": "1030111000110200", "Type": "completionReward", "rewardId": 220 },
{ "questId": "1030111000110200", "Type": "firstReward", "rewardId": 107 },
{ "questId": "1030111000120200", "Type": "completionReward", "rewardId": 225 },
{ "questId": "1030111000120200", "Type": "firstReward", "rewardId": 113 },
{ "questId": "1030111000130200", "Type": "completionReward", "rewardId": 228 },
{ "questId": "1030111000130200", "Type": "firstReward", "rewardId": 119 },
{ "questId": "1030111000140200", "Type": "completionReward", "rewardId": 231 },
{ "questId": "1030111000140200", "Type": "firstReward", "rewardId": 125 },
{ "questId": "1030111000150200", "Type": "completionReward", "rewardId": 220 },
{ "questId": "1030111000150200", "Type": "firstReward", "rewardId": 131 },
{ "questId": "1030111000160200", "Type": "completionReward", "rewardId": 236 },
{ "questId": "1030111000160200", "Type": "firstReward", "rewardId": 137 },
{ "questId": "1030111000170200", "Type": "completionReward", "rewardId": 239 },
{ "questId": "1030111000170200", "Type": "firstReward", "rewardId": 143 },
{ "questId": "1030111000180200", "Type": "completionReward", "rewardId": 242 },
{ "questId": "1030111000180200", "Type": "firstReward", "rewardId": 149 },
{ "questId": "1030112000105200", "Type": "completionReward", "rewardId": 221 },
{ "questId": "1030112000105200", "Type": "firstReward", "rewardId": 102 },
{ "questId": "1030112000110200", "Type": "completionReward", "rewardId": 223 },
{ "questId": "1030112000110200", "Type": "firstReward", "rewardId": 108 },
{ "questId": "1030112000120200", "Type": "completionReward", "rewardId": 226 },
{ "questId": "1030112000120200", "Type": "firstReward", "rewardId": 114 },
{ "questId": "1030112000130200", "Type": "completionReward", "rewardId": 229 },
{ "questId": "1030112000130200", "Type": "firstReward", "rewardId": 120 },
{ "questId": "1030112000140200", "Type": "completionReward", "rewardId": 232 },
{ "questId": "1030112000140200", "Type": "firstReward", "rewardId": 126 },
{ "questId": "1030112000150200", "Type": "completionReward", "rewardId": 234 },
{ "questId": "1030112000150200", "Type": "firstReward", "rewardId": 132 },
{ "questId": "1030112000160200", "Type": "completionReward", "rewardId": 237 },
{ "questId": "1030112000160200", "Type": "firstReward", "rewardId": 138 },
{ "questId": "1030112000170200", "Type": "completionReward", "rewardId": 240 },
{ "questId": "1030112000170200", "Type": "firstReward", "rewardId": 144 },
{ "questId": "1030112000180200", "Type": "completionReward", "rewardId": 237 },
{ "questId": "1030112000180200", "Type": "firstReward", "rewardId": 150 },
{ "questId": "1030220002000100", "Type": "firstReward", "rewardId": 286 },
{ "questId": "1030220002000200", "Type": "firstReward", "rewardId": 287 },
{ "questId": "1030220018000100", "Type": "firstReward", "rewardId": 288 },
{ "questId": "1030220018000200", "Type": "firstReward", "rewardId": 289 },
{ "questId": "1030220032000100", "Type": "firstReward", "rewardId": 290 },
{ "questId": "1030220039000100", "Type": "firstReward", "rewardId": 291 },
{ "questId": "1030220099000100", "Type": "firstReward", "rewardId": 292 },
{ "questId": "1030220099000200", "Type": "firstReward", "rewardId": 293 },
{ "questId": "1030220101000100", "Type": "firstReward", "rewardId": 284 },
{ "questId": "1030220101000200", "Type": "firstReward", "rewardId": 285 },
{ "questId": "1030400010201011", "Type": "completionReward", "rewardId": 312 },
{ "questId": "1030400010201011", "Type": "firstReward", "rewardId": 164 },
{ "questId": "1030400010201012", "Type": "completionReward", "rewardId": 313 },
{ "questId": "1030400010201012", "Type": "firstReward", "rewardId": 165 },
{ "questId": "1030400010201013", "Type": "completionReward", "rewardId": 314 },
{ "questId": "1030400010201013", "Type": "firstReward", "rewardId": 2 },
{ "questId": "1030400010202011", "Type": "completionReward", "rewardId": 315 },
{ "questId": "1030400010202011", "Type": "firstReward", "rewardId": 166 },
{ "questId": "1030400010202012", "Type": "completionReward", "rewardId": 316 },
{ "questId": "1030400010202012", "Type": "firstReward", "rewardId": 167 },
{ "questId": "1030400010202013", "Type": "completionReward", "rewardId": 317 },
{ "questId": "1030400010202013", "Type": "firstReward", "rewardId": 2 },
{ "questId": "1030400010203011", "Type": "completionReward", "rewardId": 318 },
{ "questId": "1030400010203011", "Type": "firstReward", "rewardId": 168 },
{ "questId": "1030400010203012", "Type": "completionReward", "rewardId": 319 },
{ "questId": "1030400010203012", "Type": "firstReward", "rewardId": 169 },
{ "questId": "1030400010203013", "Type": "completionReward", "rewardId": 320 },
{ "questId": "1030400010203013", "Type": "firstReward", "rewardId": 2 },
{ "questId": "1030400010204011", "Type": "completionReward", "rewardId": 321 },
{ "questId": "1030400010204011", "Type": "firstReward", "rewardId": 170 },
{ "questId": "1030400010204012", "Type": "completionReward", "rewardId": 322 },
{ "questId": "1030400010204012", "Type": "firstReward", "rewardId": 171 },
{ "questId": "1030400010204013", "Type": "completionReward", "rewardId": 323 },
{ "questId": "1030400010204013", "Type": "firstReward", "rewardId": 2 },
{ "questId": "1030400010301011", "Type": "completionReward", "rewardId": 325 },
{ "questId": "1030400010301011", "Type": "firstReward", "rewardId": 2 },
{ "questId": "1030400010302011", "Type": "completionReward", "rewardId": 325 },
{ "questId": "1030400010302011", "Type": "firstReward", "rewardId": 2 },
{ "questId": "1030400010304011", "Type": "completionReward", "rewardId": 325 },
{ "questId": "1030400010304011", "Type": "firstReward", "rewardId": 2 },
{ "questId": "1030400010305011", "Type": "completionReward", "rewardId": 325 },
{ "questId": "1030400010305011", "Type": "firstReward", "rewardId": 324 },
{ "questId": "1030400010306011", "Type": "completionReward", "rewardId": 325 },
{ "questId": "1030400010306011", "Type": "firstReward", "rewardId": 326 },
{ "questId": "1030400010401011", "Type": "completionReward", "rewardId": 265 },
{ "questId": "1030400010401011", "Type": "firstReward", "rewardId": 172 },
{ "questId": "1030400010401012", "Type": "completionReward", "rewardId": 266 },
{ "questId": "1030400010401012", "Type": "firstReward", "rewardId": 173 },
{ "questId": "1030400010401013", "Type": "completionReward", "rewardId": 267 },
{ "questId": "1030400010401013", "Type": "firstReward", "rewardId": 2 },
{ "questId": "1030400010402011", "Type": "completionReward", "rewardId": 268 },
{ "questId": "1030400010402011", "Type": "firstReward", "rewardId": 174 },
{ "questId": "1030400010402012", "Type": "completionReward", "rewardId": 269 },
{ "questId": "1030400010402012", "Type": "firstReward", "rewardId": 175 },
{ "questId": "1030400010402013", "Type": "completionReward", "rewardId": 270 },
{ "questId": "1030400010402013", "Type": "firstReward", "rewardId": 2 },
{ "questId": "1030400010403011", "Type": "completionReward", "rewardId": 271 },
{ "questId": "1030400010403011", "Type": "firstReward", "rewardId": 176 },
{ "questId": "1030400010403012", "Type": "completionReward", "rewardId": 272 },
{ "questId": "1030400010403012", "Type": "firstReward", "rewardId": 177 },
{ "questId": "1030400010403013", "Type": "completionReward", "rewardId": 273 },
{ "questId": "1030400010403013", "Type": "firstReward", "rewardId": 2 },
{ "questId": "1030400010404011", "Type": "completionReward", "rewardId": 274 },
{ "questId": "1030400010404011", "Type": "firstReward", "rewardId": 178 },
{ "questId": "1030400010404012", "Type": "completionReward", "rewardId": 275 },
{ "questId": "1030400010404012", "Type": "firstReward", "rewardId": 179 },
{ "questId": "1030400010404013", "Type": "completionReward", "rewardId": 276 },
{ "questId": "1030400010404013", "Type": "firstReward", "rewardId": 2 },
{ "questId": "1030400010405011", "Type": "completionReward", "rewardId": 277 },
{ "questId": "1030400010405011", "Type": "firstReward", "rewardId": 180 },
{ "questId": "1030400010405012", "Type": "completionReward", "rewardId": 278 },
{ "questId": "1030400010405012", "Type": "firstReward", "rewardId": 181 },
{ "questId": "1030400010405013", "Type": "completionReward", "rewardId": 279 },
{ "questId": "1030400010405013", "Type": "firstReward", "rewardId": 2 },
{ "questId": "1030400010406011", "Type": "completionReward", "rewardId": 265 },
{ "questId": "1030400010406011", "Type": "firstReward", "rewardId": 182 },
{ "questId": "1030400010406012", "Type": "completionReward", "rewardId": 266 },
{ "questId": "1030400010406012", "Type": "firstReward", "rewardId": 183 },
{ "questId": "1030400010406013", "Type": "completionReward", "rewardId": 267 },
{ "questId": "1030400010406013", "Type": "firstReward", "rewardId": 2 },
{ "questId": "1030400010407011", "Type": "completionReward", "rewardId": 268 },
{ "questId": "1030400010407011", "Type": "firstReward", "rewardId": 184 },
{ "questId": "1030400010407012", "Type": "completionReward", "rewardId": 269 },
{ "questId": "1030400010407012", "Type": "firstReward", "rewardId": 185 },
{ "questId": "1030400010407013", "Type": "completionReward", "rewardId": 270 },
{ "questId": "1030400010407013", "Type": "firstReward", "rewardId": 2 },
{ "questId": "1030400010408011", "Type": "completionReward", "rewardId": 271 },
{ "questId": "1030400010408011", "Type": "firstReward", "rewardId": 186 },
{ "questId": "1030400010408012", "Type": "completionReward", "rewardId": 272 },
{ "questId": "1030400010408012", "Type": "firstReward", "rewardId": 187 },
{ "questId": "1030400010408013", "Type": "completionReward", "rewardId": 273 },
{ "questId": "1030400010408013", "Type": "firstReward", "rewardId": 2 },
{ "questId": "1030400010409011", "Type": "completionReward", "rewardId": 274 },
{ "questId": "1030400010409011", "Type": "firstReward", "rewardId": 188 },
{ "questId": "1030400010409012", "Type": "completionReward", "rewardId": 275 },
{ "questId": "1030400010409012", "Type": "firstReward", "rewardId": 189 },
{ "questId": "1030400010409013", "Type": "completionReward", "rewardId": 276 },
{ "questId": "1030400010409013", "Type": "firstReward", "rewardId": 2 },
{ "questId": "1030400010410011", "Type": "completionReward", "rewardId": 277 },
{ "questId": "1030400010410011", "Type": "firstReward", "rewardId": 190 },
{ "questId": "1030400010410012", "Type": "completionReward", "rewardId": 278 },
{ "questId": "1030400010410012", "Type": "firstReward", "rewardId": 191 },
{ "questId": "1030400010410013", "Type": "completionReward", "rewardId": 279 },
{ "questId": "1030400010410013", "Type": "firstReward", "rewardId": 2 },
{ "questId": "1030400010411011", "Type": "completionReward", "rewardId": 265 },
{ "questId": "1030400010411011", "Type": "firstReward", "rewardId": 192 },
{ "questId": "1030400010411012", "Type": "completionReward", "rewardId": 266 },
{ "questId": "1030400010411012", "Type": "firstReward", "rewardId": 193 },
{ "questId": "1030400010411013", "Type": "completionReward", "rewardId": 267 },
{ "questId": "1030400010411013", "Type": "firstReward", "rewardId": 2 },
{ "questId": "1030400010412011", "Type": "completionReward", "rewardId": 268 },
{ "questId": "1030400010412011", "Type": "firstReward", "rewardId": 194 },
{ "questId": "1030400010412012", "Type": "completionReward", "rewardId": 269 },
{ "questId": "1030400010412012", "Type": "firstReward", "rewardId": 195 },
{ "questId": "1030400010412013", "Type": "completionReward", "rewardId": 270 },
{ "questId": "1030400010412013", "Type": "firstReward", "rewardId": 2 },
{ "questId": "1030400010413011", "Type": "completionReward", "rewardId": 271 },
{ "questId": "1030400010413011", "Type": "firstReward", "rewardId": 196 },
{ "questId": "1030400010413012", "Type": "completionReward", "rewardId": 272 },
{ "questId": "1030400010413012", "Type": "firstReward", "rewardId": 197 },
{ "questId": "1030400010413013", "Type": "completionReward", "rewardId": 273 },
{ "questId": "1030400010413013", "Type": "firstReward", "rewardId": 2 },
{ "questId": "1030400010414011", "Type": "completionReward", "rewardId": 274 },
{ "questId": "1030400010414011", "Type": "firstReward", "rewardId": 198 },
{ "questId": "1030400010414012", "Type": "completionReward", "rewardId": 275 },
{ "questId": "1030400010414012", "Type": "firstReward", "rewardId": 199 },
{ "questId": "1030400010414013", "Type": "completionReward", "rewardId": 276 },
{ "questId": "1030400010414013", "Type": "firstReward", "rewardId": 2 },
{ "questId": "1030400010415011", "Type": "completionReward", "rewardId": 277 },
{ "questId": "1030400010415011", "Type": "firstReward", "rewardId": 200 },
{ "questId": "1030400010415012", "Type": "completionReward", "rewardId": 278 },
{ "questId": "1030400010415012", "Type": "firstReward", "rewardId": 201 },
{ "questId": "1030400010415013", "Type": "completionReward", "rewardId": 279 },
{ "questId": "1030400010415013", "Type": "firstReward", "rewardId": 2 },
{ "questId": "1030400010416011", "Type": "completionReward", "rewardId": 265 },
{ "questId": "1030400010416011", "Type": "firstReward", "rewardId": 202 },
{ "questId": "1030400010416012", "Type": "completionReward", "rewardId": 266 },
{ "questId": "1030400010416012", "Type": "firstReward", "rewardId": 203 },
{ "questId": "1030400010416013", "Type": "completionReward", "rewardId": 267 },
{ "questId": "1030400010416013", "Type": "firstReward", "rewardId": 2 },
{ "questId": "1030400010417011", "Type": "completionReward", "rewardId": 268 },
{ "questId": "1030400010417011", "Type": "firstReward", "rewardId": 204 },
{ "questId": "1030400010417012", "Type": "completionReward", "rewardId": 269 },
{ "questId": "1030400010417012", "Type": "firstReward", "rewardId": 205 },
{ "questId": "1030400010417013", "Type": "completionReward", "rewardId": 270 },
{ "questId": "1030400010417013", "Type": "firstReward", "rewardId": 2 },
{ "questId": "1030400010418011", "Type": "completionReward", "rewardId": 271 },
{ "questId": "1030400010418011", "Type": "firstReward", "rewardId": 206 },
{ "questId": "1030400010418012", "Type": "completionReward", "rewardId": 272 },
{ "questId": "1030400010418012", "Type": "firstReward", "rewardId": 207 },
{ "questId": "1030400010418013", "Type": "completionReward", "rewardId": 273 },
{ "questId": "1030400010418013", "Type": "firstReward", "rewardId": 2 },
{ "questId": "1030400010419011", "Type": "completionReward", "rewardId": 274 },
{ "questId": "1030400010419011", "Type": "firstReward", "rewardId": 208 },
{ "questId": "1030400010419012", "Type": "completionReward", "rewardId": 275 },
{ "questId": "1030400010419012", "Type": "firstReward", "rewardId": 209 },
{ "questId": "1030400010419013", "Type": "completionReward", "rewardId": 276 },
{ "questId": "1030400010419013", "Type": "firstReward", "rewardId": 2 },
{ "questId": "1030400010420011", "Type": "completionReward", "rewardId": 277 },
{ "questId": "1030400010420011", "Type": "firstReward", "rewardId": 210 },
{ "questId": "1030400010420012", "Type": "completionReward", "rewardId": 278 },
{ "questId": "1030400010420012", "Type": "firstReward", "rewardId": 211 },
{ "questId": "1030400010420013", "Type": "completionReward", "rewardId": 279 },
{ "questId": "1030400010420013", "Type": "firstReward", "rewardId": 2 },
{ "questId": "1030401000800001", "Type": "completionReward", "rewardId": 249 },
{ "questId": "1030401000800001", "Type": "firstReward", "rewardId": 160 },
{ "questId": "1030401000800002", "Type": "completionReward", "rewardId": 250 },
{ "questId": "1030401000800002", "Type": "firstReward", "rewardId": 161 },
{ "questId": "1030401001500001", "Type": "completionReward", "rewardId": 243 },
{ "questId": "1030401001500001", "Type": "firstReward", "rewardId": 152 },
{ "questId": "1030401001500002", "Type": "completionReward", "rewardId": 244 },
{ "questId": "1030401001500002", "Type": "firstReward", "rewardId": 153 },
{ "questId": "1030401001600001", "Type": "completionReward", "rewardId": 251 },
{ "questId": "1030401001600001", "Type": "firstReward", "rewardId": 162 },
{ "questId": "1030401001600002", "Type": "completionReward", "rewardId": 252 },
{ "questId": "1030401001600002", "Type": "firstReward", "rewardId": 163 },
{ "questId": "1030401002900001", "Type": "completionReward", "rewardId": 247 },
{ "questId": "1030401002900001", "Type": "firstReward", "rewardId": 158 },
{ "questId": "1030401002900002", "Type": "completionReward", "rewardId": 248 },
{ "questId": "1030401002900002", "Type": "firstReward", "rewardId": 159 },
{ "questId": "1030401009900001", "Type": "completionReward", "rewardId": 243 },
{ "questId": "1030401009900001", "Type": "firstReward", "rewardId": 156 },
{ "questId": "1030401009900002", "Type": "completionReward", "rewardId": 244 },
{ "questId": "1030401009900002", "Type": "firstReward", "rewardId": 157 },
{ "questId": "1030401010100001", "Type": "completionReward", "rewardId": 245 },
{ "questId": "1030401010100001", "Type": "firstReward", "rewardId": 154 },
{ "questId": "1030401010100002", "Type": "completionReward", "rewardId": 246 },
{ "questId": "1030401010100002", "Type": "firstReward", "rewardId": 155 },
{ "questId": "1030500010201011", "Type": "completionReward", "rewardId": 275 },
{ "questId": "1030500010201011", "Type": "firstReward", "rewardId": 363 },
{ "questId": "1030500010201012", "Type": "completionReward", "rewardId": 276 },
{ "questId": "1030500010201012", "Type": "firstReward", "rewardId": 364 },
{ "questId": "1030500010202011", "Type": "completionReward", "rewardId": 275 },
{ "questId": "1030500010202011", "Type": "firstReward", "rewardId": 367 },
{ "questId": "1030500010202012", "Type": "completionReward", "rewardId": 276 },
{ "questId": "1030500010202012", "Type": "firstReward", "rewardId": 368 },
{ "questId": "1030500010203011", "Type": "completionReward", "rewardId": 275 },
{ "questId": "1030500010203011", "Type": "firstReward", "rewardId": 371 },
{ "questId": "1030500010203012", "Type": "completionReward", "rewardId": 276 },
{ "questId": "1030500010203012", "Type": "firstReward", "rewardId": 372 },
{ "questId": "1030500010301011", "Type": "completionReward", "rewardId": 377 },
{ "questId": "1030500010301011", "Type": "firstReward", "rewardId": 365 },
{ "questId": "1030500010301012", "Type": "completionReward", "rewardId": 378 },
{ "questId": "1030500010301012", "Type": "firstReward", "rewardId": 366 },
{ "questId": "1030500010302011", "Type": "completionReward", "rewardId": 379 },
{ "questId": "1030500010302011", "Type": "firstReward", "rewardId": 369 },
{ "questId": "1030500010302012", "Type": "completionReward", "rewardId": 380 },
{ "questId": "1030500010302012", "Type": "firstReward", "rewardId": 370 },
{ "questId": "1030500010303011", "Type": "completionReward", "rewardId": 381 },
{ "questId": "1030500010303011", "Type": "firstReward", "rewardId": 373 },
{ "questId": "1030500010303012", "Type": "completionReward", "rewardId": 382 },
{ "questId": "1030500010303012", "Type": "firstReward", "rewardId": 374 },
{ "questId": "1030505030010100", "Type": "firstReward", "rewardId": 352 },
{ "questId": "1030505030010200", "Type": "firstReward", "rewardId": 353 },
{ "questId": "1030505030010300", "Type": "firstReward", "rewardId": 354 },
{ "questId": "1030505030010400", "Type": "firstReward", "rewardId": 355 },
{ "questId": "1030505030010500", "Type": "firstReward", "rewardId": 356 },
{ "questId": "1030505030010600", "Type": "firstReward", "rewardId": 357 },
{ "questId": "1030505030010700", "Type": "firstReward", "rewardId": 358 },
{ "questId": "1030505030010800", "Type": "firstReward", "rewardId": 359 },
{ "questId": "1030505030010900", "Type": "firstReward", "rewardId": 360 },
{ "questId": "1030505030011000", "Type": "completionReward", "rewardId": 375 },
{ "questId": "1030505030011000", "Type": "firstReward", "rewardId": 361 },
{ "questId": "1030505030011100", "Type": "completionReward", "rewardId": 376 },
{ "questId": "1030505030011100", "Type": "firstReward", "rewardId": 362 },
]}
