{ "entries": [
{ "questId": "30090000020", "u2": [ ], "u3": 0, "battleId": [ ], "u5": [ "-1" ], "background": "s010_200_Pokecen.level" },
{ "questId": "1030100000000100", "u2": [ ], "u3": 0, "battleId": [ ], "u5": [ "-1" ], "background": "s003_200_System.level" },
{ "questId": "1030100000010100", "u2": [ ], "u3": 0, "battleId": [ ], "u5": [ "-1" ], "background": "s030_200_Downtown.level" },
{ "questId": "1030100000010200", "u2": [ 13, 3, 4 ], "u3": 2, "battleId": [ "102010", "102020" ], "u5": [ "-1" ], "background": "s030_200_Downtown.level" },
{ "questId": "1030100000010300", "u2": [ ], "u3": 0, "battleId": [ ], "u5": [ "-1" ], "background": "s030_200_Downtown.level" },
{ "questId": "1030100000010400", "u2": [ 10, 13, 4 ], "u3": 2, "battleId": [ "104100" ], "u5": [ "104100" ], "background": "s030_200_Downtown.level" },
{ "questId": "1030100000010500", "u2": [ ], "u3": 0, "battleId": [ ], "u5": [ "-1" ], "background": "s030_200_Downtown.level" },
{ "questId": "1030100000020100", "u2": [ ], "u3": 0, "battleId": [ ], "u5": [ "-1" ], "background": "s130_015_Coast.level" },
{ "questId": "1030100000020200", "u2": [ 4, 5 ], "u3": 2, "battleId": [ "202010", "202020" ], "u5": [ "-1" ], "background": "s130_016_Coast.level" },
{ "questId": "1030100000020300", "u2": [ ], "u3": 0, "battleId": [ ], "u5": [ "-1" ], "background": "s130_200_Coast_01.level" },
{ "questId": "1030100000020400", "u2": [ 5, 4 ], "u3": 2, "battleId": [ "204100" ], "u5": [ "204100" ], "background": "s130_200_Coast_01.level" },
{ "questId": "1030100000020500", "u2": [ ], "u3": 0, "battleId": [ ], "u5": [ "-1" ], "background": "s130_200_Coast_01.level" },
{ "questId": "1030100000020600", "u2": [ 5, 4 ], "u3": 2, "battleId": [ "206010", "206020" ], "u5": [ "-1" ], "background": "s110_211_Cave_01.level" },
{ "questId": "1030100000020700", "u2": [ 5, 4 ], "u3": 2, "battleId": [ "207010", "207020" ], "u5": [ "-1" ], "background": "s110_100_Cave.level" },
{ "questId": "1030100000020800", "u2": [ ], "u3": 0, "battleId": [ ], "u5": [ "-1" ], "background": "s110_200_Cave.level" },
{ "questId": "1030100000020900", "u2": [ 5, 4 ], "u3": 2, "battleId": [ "209100" ], "u5": [ "209100" ], "background": "s110_200_Cave.level" },
{ "questId": "1030100000021000", "u2": [ ], "u3": 0, "battleId": [ ], "u5": [ "-1" ], "background": "s110_200_Cave.level" },
{ "questId": "1030100000030100", "u2": [ ], "u3": 0, "battleId": [ ], "u5": [ "-1" ], "background": "s210_200_Volcano_01.level" },
{ "questId": "1030100000030200", "u2": [ 13, 3 ], "u3": 2, "battleId": [ "302010", "302020" ], "u5": [ "-1" ], "background": "s100_012_Canyon.level" },
{ "questId": "1030100000030300", "u2": [ 13, 3 ], "u3": 2, "battleId": [ "303010", "303020" ], "u5": [ "-1" ], "background": "s210_100_Volcano_01.level" },
{ "questId": "1030100000030400", "u2": [ ], "u3": 0, "battleId": [ ], "u5": [ "-1" ], "background": "s210_200_Volcano_01.level" },
{ "questId": "1030100000030700", "u2": [ 3, 13 ], "u3": 2, "battleId": [ "307100" ], "u5": [ "307100" ], "background": "s210_200_Volcano_01.level" },
{ "questId": "1030100000030800", "u2": [ ], "u3": 0, "battleId": [ ], "u5": [ "-1" ], "background": "s210_200_Volcano_01.level" },
{ "questId": "1030100000040100", "u2": [ ], "u3": 0, "battleId": [ ], "u5": [ "-1" ], "background": "s070_010_Highway.level" },
{ "questId": "1030100000040200", "u2": [ 2, 4 ], "u3": 2, "battleId": [ "402010", "402020" ], "u5": [ "-1" ], "background": "s070_012_Highway_01.level" },
{ "questId": "1030100000040300", "u2": [ ], "u3": 0, "battleId": [ ], "u5": [ "-1" ], "background": "s070_012_Highway.level" },
{ "questId": "1030100000040400", "u2": [ 4, 2 ], "u3": 2, "battleId": [ "404100" ], "u5": [ "404100" ], "background": "s070_012_Highway.level" },
{ "questId": "1030100000040500", "u2": [ ], "u3": 0, "battleId": [ ], "u5": [ "-1" ], "background": "s070_012_Highway.level" },
{ "questId": "1030100000040600", "u2": [ 2, 4 ], "u3": 2, "battleId": [ "406010", "406020" ], "u5": [ "-1" ], "background": "s080_032_Forest.level" },
{ "questId": "1030100000040700", "u2": [ ], "u3": 0, "battleId": [ ], "u5": [ "-1" ], "background": "s080_022_Forest.level" },
{ "questId": "1030100000040800", "u2": [ 2, 4 ], "u3": 2, "battleId": [ "408100" ], "u5": [ "408100" ], "background": "s080_022_Forest.level" },
{ "questId": "1030100000040900", "u2": [ ], "u3": 0, "battleId": [ ], "u5": [ "-1" ], "background": "s080_022_Forest.level" },
{ "questId": "1030100000050100", "u2": [ ], "u3": 0, "battleId": [ ], "u5": [ "-1" ], "background": "s100_012_Canyon_01.level" },
{ "questId": "1030100000050200", "u2": [ 5, 13 ], "u3": 2, "battleId": [ "502010", "502020" ], "u5": [ "-1" ], "background": "s100_013_Canyon_02.level" },
{ "questId": "1030100000050300", "u2": [ 13, 5 ], "u3": 2, "battleId": [ "503010", "503020" ], "u5": [ "-1" ], "background": "s100_030_Canyon_03.level" },
{ "questId": "1030100000050400", "u2": [ ], "u3": 0, "battleId": [ ], "u5": [ "-1" ], "background": "s100_200_Canyon_01.level" },
{ "questId": "1030100000050700", "u2": [ 13, 5 ], "u3": 2, "battleId": [ "507010", "507020" ], "u5": [ "-1" ], "background": "s070_200_Highway_01.level" },
{ "questId": "1030100000050800", "u2": [ ], "u3": 0, "battleId": [ ], "u5": [ "-1" ], "background": "s070_012_Highway_01.level" },
{ "questId": "1030100000050900", "u2": [ 13, 5 ], "u3": 2, "battleId": [ "509100" ], "u5": [ "509100" ], "background": "s070_012_Highway_01.level" },
{ "questId": "1030100000051000", "u2": [ ], "u3": 0, "battleId": [ ], "u5": [ "-1" ], "background": "s070_012_Highway_01.level" },
{ "questId": "1030100000060100", "u2": [ ], "u3": 0, "battleId": [ ], "u5": [ "-1" ], "background": "s080_031_Forest.level" },
{ "questId": "1030100000060200", "u2": [ 10, 2 ], "u3": 2, "battleId": [ "602010", "602020" ], "u5": [ "-1" ], "background": "s070_013_Highway.level" },
{ "questId": "1030100000060300", "u2": [ ], "u3": 0, "battleId": [ ], "u5": [ "-1" ], "background": "s060_210_Village.level" },
{ "questId": "1030100000060400", "u2": [ 10, 2 ], "u3": 2, "battleId": [ "604100" ], "u5": [ "604100" ], "background": "s070_010_Highway_01.level" },
{ "questId": "1030100000060500", "u2": [ ], "u3": 0, "battleId": [ ], "u5": [ "-1" ], "background": "s060_200_Village_01.level" },
{ "questId": "1030100000060600", "u2": [ 2, 10 ], "u3": 2, "battleId": [ "606010", "606020" ], "u5": [ "-1" ], "background": "s060_200_Village.level" },
{ "questId": "1030100000060700", "u2": [ ], "u3": 0, "battleId": [ ], "u5": [ "-1" ], "background": "s060_200_Village_01.level" },
{ "questId": "1030100000060800", "u2": [ 2, 10 ], "u3": 2, "battleId": [ "608100" ], "u5": [ "608100" ], "background": "s060_200_Village_01.level" },
{ "questId": "1030100000060900", "u2": [ ], "u3": 0, "battleId": [ ], "u5": [ "-1" ], "background": "s060_200_Village_01.level" },
{ "questId": "1030100000070100", "u2": [ ], "u3": 0, "battleId": [ ], "u5": [ "-1" ], "background": "s070_010_Highway.level" },
{ "questId": "1030100000070200", "u2": [ 7, 3 ], "u3": 2, "battleId": [ "702010", "702020" ], "u5": [ "-1" ], "background": "s100_040_Canyon_02.level" },
{ "questId": "1030100000070300", "u2": [ ], "u3": 0, "battleId": [ ], "u5": [ "-1" ], "background": "s100_012_Canyon_01.level" },
{ "questId": "1030100000070400", "u2": [ 3, 7 ], "u3": 2, "battleId": [ "704100" ], "u5": [ "704100" ], "background": "s100_012_Canyon_01.level" },
{ "questId": "1030100000070500", "u2": [ ], "u3": 0, "battleId": [ ], "u5": [ "-1" ], "background": "s100_012_Canyon_01.level" },
{ "questId": "1030100000070600", "u2": [ 7, 3 ], "u3": 2, "battleId": [ "706010", "706020" ], "u5": [ "-1" ], "background": "s100_010_Canyon.level" },
{ "questId": "1030100000070700", "u2": [ ], "u3": 0, "battleId": [ ], "u5": [ "-1" ], "background": "s100_210_Canyon.level" },
{ "questId": "1030100000070800", "u2": [ 7, 3 ], "u3": 2, "battleId": [ "708100" ], "u5": [ "708100" ], "background": "s100_210_Canyon.level" },
{ "questId": "1030100000070900", "u2": [ ], "u3": 0, "battleId": [ ], "u5": [ "-1" ], "background": "s210_090_Volcano_06.level" },
{ "questId": "1030100000071000", "u2": [ 7, 3 ], "u3": 2, "battleId": [ "710010", "710020" ], "u5": [ "-1" ], "background": "s210_090_Volcano_04.level" },
{ "questId": "1030100000071100", "u2": [ ], "u3": 0, "battleId": [ ], "u5": [ "-1" ], "background": "s210_090_Volcano_04.level" },
{ "questId": "1030100000071200", "u2": [ 7, 3 ], "u3": 2, "battleId": [ "712100" ], "u5": [ "712100" ], "background": "s210_090_Volcano_04.level" },
{ "questId": "1030100000071300", "u2": [ ], "u3": 0, "battleId": [ ], "u5": [ "-1" ], "background": "s210_090_Volcano_04.level" },
{ "questId": "1030100000080100", "u2": [ ], "u3": 0, "battleId": [ ], "u5": [ "-1" ], "background": "s190_200_Glacier_01.level" },
{ "questId": "1030100000080200", "u2": [ 4, 13 ], "u3": 2, "battleId": [ "802010", "802020" ], "u5": [ "-1" ], "background": "s190_070_Glacier.level" },
{ "questId": "1030100000080300", "u2": [ ], "u3": 0, "battleId": [ ], "u5": [ "-1" ], "background": "s190_010_Glacier_03.level" },
{ "questId": "1030100000080400", "u2": [ 4, 13 ], "u3": 2, "battleId": [ "804100" ], "u5": [ "804100" ], "background": "s190_010_Glacier_03.level" },
{ "questId": "1030100000080500", "u2": [ ], "u3": 0, "battleId": [ ], "u5": [ "-1" ], "background": "s190_010_Glacier_03.level" },
{ "questId": "1030100000080600", "u2": [ 13, 4 ], "u3": 2, "battleId": [ "806010", "806020" ], "u5": [ "-1" ], "background": "s190_012_Glacier_02.level" },
{ "questId": "1030100000080700", "u2": [ ], "u3": 0, "battleId": [ ], "u5": [ "-1" ], "background": "s190_200_Glacier_01.level" },
{ "questId": "1030100000080800", "u2": [ 4, 13 ], "u3": 2, "battleId": [ "808100" ], "u5": [ "808100" ], "background": "s190_200_Glacier_01.level" },
{ "questId": "1030100000080900", "u2": [ ], "u3": 0, "battleId": [ ], "u5": [ "-1" ], "background": "s190_200_Glacier_01.level" },
{ "questId": "1030100000090100", "u2": [ ], "u3": 0, "battleId": [ ], "u5": [ "-1" ], "background": "s030_012_Downtown.level" },
{ "questId": "1030100000090200", "u2": [ 6, 7 ], "u3": 2, "battleId": [ "902010", "902020" ], "u5": [ "-1" ], "background": "s030_010_Downtown.level" },
{ "questId": "1030100000090300", "u2": [ ], "u3": 0, "battleId": [ ], "u5": [ "-1" ], "background": "s030_200_Downtown_01.level" },
{ "questId": "1030100000090400", "u2": [ 6, 7 ], "u3": 2, "battleId": [ "904100" ], "u5": [ "904100" ], "background": "s030_200_Downtown_01.level" },
{ "questId": "1030100000090500", "u2": [ ], "u3": 0, "battleId": [ ], "u5": [ "-1" ], "background": "s030_220_Downtown_01.level" },
{ "questId": "1030100000090600", "u2": [ 6, 7 ], "u3": 2, "battleId": [ "906010", "906020" ], "u5": [ "-1" ], "background": "s030_020_Downtown_03.level" },
{ "questId": "1030100000090700", "u2": [ 7, 6 ], "u3": 2, "battleId": [ "907010", "907020" ], "u5": [ "-1" ], "background": "s130_010_Coast_02.level" },
{ "questId": "1030100000090800", "u2": [ ], "u3": 0, "battleId": [ ], "u5": [ "-1" ], "background": "s130_014_Coast.level" },
{ "questId": "1030100000090900", "u2": [ 6, 7 ], "u3": 2, "battleId": [ "909100" ], "u5": [ "909100" ], "background": "s130_200_Coast.level" },
{ "questId": "1030100000091000", "u2": [ ], "u3": 0, "battleId": [ ], "u5": [ "-1" ], "background": "s130_200_Coast.level" },
{ "questId": "1030100000091100", "u2": [ 6, 7 ], "u3": 2, "battleId": [ "911100" ], "u5": [ "911100" ], "background": "s130_200_Coast.level" },
{ "questId": "1030100000091200", "u2": [ ], "u3": 0, "battleId": [ ], "u5": [ "-1" ], "background": "s130_200_Coast.level" },
{ "questId": "1030100000100100", "u2": [ ], "u3": 0, "battleId": [ ], "u5": [ "-1" ], "background": "s080_031_Forest.level" },
{ "questId": "1030100000100200", "u2": [ 5, 15 ], "u3": 2, "battleId": [ "1002010", "1002020" ], "u5": [ "-1" ], "background": "s100_013_Canyon_02.level" },
{ "questId": "1030100000100300", "u2": [ ], "u3": 0, "battleId": [ ], "u5": [ "-1" ], "background": "s210_200_Volcano_01.level" },
{ "questId": "1030100000100400", "u2": [ 5, 15 ], "u3": 2, "battleId": [ "1004100" ], "u5": [ "1004100" ], "background": "s210_200_Volcano_01.level" },
{ "questId": "1030100000100500", "u2": [ ], "u3": 0, "battleId": [ ], "u5": [ "-1" ], "background": "s210_200_Volcano_01.level" },
{ "questId": "1030100000100600", "u2": [ 15, 5 ], "u3": 2, "battleId": [ "1006010", "1006020" ], "u5": [ "-1" ], "background": "s100_210_Canyon_01.level" },
{ "questId": "1030100000100700", "u2": [ ], "u3": 0, "battleId": [ ], "u5": [ "-1" ], "background": "s100_110_Canyon_03.level" },
{ "questId": "1030100000100800", "u2": [ 15, 5 ], "u3": 2, "battleId": [ "1008100" ], "u5": [ "1008100" ], "background": "s100_110_Canyon_03.level" },
{ "questId": "1030100000100900", "u2": [ ], "u3": 0, "battleId": [ ], "u5": [ "-1" ], "background": "s100_110_Canyon_03.level" },
{ "questId": "1030100000101000", "u2": [ 5, 15 ], "u3": 2, "battleId": [ "1010010", "1010020" ], "u5": [ "-1" ], "background": "s070_010_Highway.level" },
{ "questId": "1030100000101100", "u2": [ ], "u3": 0, "battleId": [ ], "u5": [ "-1" ], "background": "s070_200_Highway_01.level" },
{ "questId": "1030100000101200", "u2": [ 5, 15 ], "u3": 2, "battleId": [ "1012100" ], "u5": [ "1012100" ], "background": "s070_200_Highway_01.level" },
{ "questId": "1030100000101300", "u2": [ ], "u3": 0, "battleId": [ ], "u5": [ "-1" ], "background": "s070_200_Highway_01.level" },
{ "questId": "1030100000105100", "u2": [ ], "u3": 0, "battleId": [ ], "u5": [ "-1" ], "background": "s030_200_Downtown.level" },
{ "questId": "1030100000105200", "u2": [ 7 ], "u3": 2, "battleId": [ "1052100" ], "u5": [ "1052100" ], "background": "s030_200_Downtown.level" },
{ "questId": "1030100000105300", "u2": [ ], "u3": 0, "battleId": [ ], "u5": [ "-1" ], "background": "s030_200_Downtown.level" },
{ "questId": "1030100000105400", "u2": [ ], "u3": 0, "battleId": [ ], "u5": [ "-1" ], "background": "s000_200_11_ArenaMain.level" },
{ "questId": "1030100000110100", "u2": [ ], "u3": 0, "battleId": [ ], "u5": [ "-1" ], "background": "s040_300_Arena.level" },
{ "questId": "1030100000110200", "u2": [ 9 ], "u3": 2, "battleId": [ "1102100" ], "u5": [ "1102100" ], "background": "s040_300_Arena.level" },
{ "questId": "1030100000110300", "u2": [ ], "u3": 0, "battleId": [ ], "u5": [ "-1" ], "background": "s040_300_Arena.level" },
{ "questId": "1030100000120100", "u2": [ ], "u3": 0, "battleId": [ ], "u5": [ "-1" ], "background": "s040_300_Arena.level" },
{ "questId": "1030100000120200", "u2": [ 3, 13 ], "u3": 2, "battleId": [ "1202100" ], "u5": [ "1202100" ], "background": "s040_300_Arena.level" },
{ "questId": "1030100000120300", "u2": [ ], "u3": 0, "battleId": [ ], "u5": [ "-1" ], "background": "s040_300_Arena.level" },
{ "questId": "1030100000130100", "u2": [ ], "u3": 0, "battleId": [ ], "u5": [ "-1" ], "background": "s040_300_Arena.level" },
{ "questId": "1030100000130200", "u2": [ 15, 5 ], "u3": 2, "battleId": [ "1302100" ], "u5": [ "1302100" ], "background": "s040_300_Arena.level" },
{ "questId": "1030100000130300", "u2": [ ], "u3": 0, "battleId": [ ], "u5": [ "-1" ], "background": "s040_300_Arena.level" },
{ "questId": "1030100000140100", "u2": [ ], "u3": 0, "battleId": [ ], "u5": [ "-1" ], "background": "s040_300_Arena.level" },
{ "questId": "1030100000140200", "u2": [ 13, 10 ], "u3": 2, "battleId": [ "1402100" ], "u5": [ "1402100" ], "background": "s040_300_Arena.level" },
{ "questId": "1030100000140300", "u2": [ ], "u3": 0, "battleId": [ ], "u5": [ "-1" ], "background": "s040_300_Arena.level" },
{ "questId": "1030100000150100", "u2": [ ], "u3": 0, "battleId": [ ], "u5": [ "-1" ], "background": "s040_300_Arena.level" },
{ "questId": "1030100000150200", "u2": [ 12, 4 ], "u3": 2, "battleId": [ "1502100" ], "u5": [ "1502100" ], "background": "s040_300_Arena.level" },
{ "questId": "1030100000150300", "u2": [ ], "u3": 0, "battleId": [ ], "u5": [ "-1" ], "background": "s040_300_Arena.level" },
{ "questId": "1030100000160100", "u2": [ ], "u3": 0, "battleId": [ ], "u5": [ "-1" ], "background": "s040_300_Arena.level" },
{ "questId": "1030100000160200", "u2": [ 4, 3, 2 ], "u3": 2, "battleId": [ "1602100" ], "u5": [ "1602100" ], "background": "s040_300_Arena.level" },
{ "questId": "1030100000160300", "u2": [ ], "u3": 0, "battleId": [ ], "u5": [ "-1" ], "background": "s040_300_Arena.level" },
{ "questId": "1030100000170100", "u2": [ ], "u3": 0, "battleId": [ ], "u5": [ "-1" ], "background": "s040_300_Arena.level" },
{ "questId": "1030100000170200", "u2": [ 6, 16 ], "u3": 2, "battleId": [ "1702100" ], "u5": [ "1702100" ], "background": "s040_300_Arena.level" },
{ "questId": "1030100000170300", "u2": [ ], "u3": 0, "battleId": [ ], "u5": [ "-1" ], "background": "s040_300_Arena.level" },
{ "questId": "1030100000180100", "u2": [ ], "u3": 0, "battleId": [ ], "u5": [ "-1" ], "background": "s040_300_Arena.level" },
{ "questId": "1030100000180200", "u2": [ 7, 4, 3 ], "u3": 2, "battleId": [ "1802100" ], "u5": [ "1802100" ], "background": "s040_300_Arena.level" },
{ "questId": "1030100000180300", "u2": [ ], "u3": 0, "battleId": [ ], "u5": [ "-1" ], "background": "s040_300_Arena.level" },
{ "questId": "1030100000185100", "u2": [ ], "u3": 0, "battleId": [ ], "u5": [ "-1" ], "background": "s000_200_11_ArenaMain.level" },
{ "questId": "1030102100030100", "u2": [ 13, 3 ], "u3": 2, "battleId": [ "1030102100030903", "1030102100030905" ], "u5": [ "1030102100030905" ], "background": "s100_210_Canyon_01.level" },
{ "questId": "1030102100060100", "u2": [ 10, 2 ], "u3": 2, "battleId": [ "1030102100061002", "1030102100061004" ], "u5": [ "1030102100061004" ], "background": "s060_200_Village_01.level" },
{ "questId": "1030102100100100", "u2": [ 5, 15 ], "u3": 2, "battleId": [ "1030102100101402", "1030102100101404" ], "u5": [ "1030102100101404" ], "background": "s070_200_Highway_01.level" },
{ "questId": "1030110000105200", "u2": [ 7 ], "u3": 2, "battleId": [ "1001052100" ], "u5": [ "1001052100" ], "background": "s030_200_Downtown.level" },
{ "questId": "1030110000110200", "u2": [ 9 ], "u3": 2, "battleId": [ "1001102100" ], "u5": [ "1001102100" ], "background": "s040_300_Arena.level" },
{ "questId": "1030110000120200", "u2": [ 3, 13 ], "u3": 2, "battleId": [ "1001202100" ], "u5": [ "1001202100" ], "background": "s040_300_Arena.level" },
{ "questId": "1030110000130200", "u2": [ 15, 5 ], "u3": 2, "battleId": [ "1001302100" ], "u5": [ "1001302100" ], "background": "s040_300_Arena.level" },
{ "questId": "1030110000140200", "u2": [ 13, 10 ], "u3": 2, "battleId": [ "1001402100" ], "u5": [ "1001402100" ], "background": "s040_300_Arena.level" },
{ "questId": "1030110000150200", "u2": [ 12, 4 ], "u3": 2, "battleId": [ "1001502100" ], "u5": [ "1001502100" ], "background": "s040_300_Arena.level" },
{ "questId": "1030110000160200", "u2": [ 4, 3, 2 ], "u3": 2, "battleId": [ "1001602100" ], "u5": [ "1001602100" ], "background": "s040_300_Arena.level" },
{ "questId": "1030110000170200", "u2": [ 6, 16 ], "u3": 2, "battleId": [ "1001702100" ], "u5": [ "1001702100" ], "background": "s040_300_Arena.level" },
{ "questId": "1030110000180200", "u2": [ 7, 4, 3 ], "u3": 2, "battleId": [ "1001802100" ], "u5": [ "1001802100" ], "background": "s040_300_Arena.level" },
{ "questId": "1030111000105200", "u2": [ 7 ], "u3": 2, "battleId": [ "1001052101" ], "u5": [ "1001052101" ], "background": "s030_200_Downtown.level" },
{ "questId": "1030111000110200", "u2": [ 9 ], "u3": 2, "battleId": [ "1001102101" ], "u5": [ "1001102101" ], "background": "s040_300_Arena.level" },
{ "questId": "1030111000120200", "u2": [ 3, 13 ], "u3": 2, "battleId": [ "1001202101" ], "u5": [ "1001202101" ], "background": "s040_300_Arena.level" },
{ "questId": "1030111000130200", "u2": [ 15, 5 ], "u3": 2, "battleId": [ "1001302101" ], "u5": [ "1001302101" ], "background": "s040_300_Arena.level" },
{ "questId": "1030111000140200", "u2": [ 13, 10 ], "u3": 2, "battleId": [ "1001402101" ], "u5": [ "1001402101" ], "background": "s040_300_Arena.level" },
{ "questId": "1030111000150200", "u2": [ 12, 4 ], "u3": 2, "battleId": [ "1001502101" ], "u5": [ "1001502101" ], "background": "s040_300_Arena.level" },
{ "questId": "1030111000160200", "u2": [ 4, 3, 2 ], "u3": 2, "battleId": [ "1001602101" ], "u5": [ "1001602101" ], "background": "s040_300_Arena.level" },
{ "questId": "1030111000170200", "u2": [ 6, 16 ], "u3": 2, "battleId": [ "1001702101" ], "u5": [ "1001702101" ], "background": "s040_300_Arena.level" },
{ "questId": "1030111000180200", "u2": [ 7, 4, 3 ], "u3": 2, "battleId": [ "1001802101" ], "u5": [ "1001802101" ], "background": "s040_300_Arena.level" },
{ "questId": "1030112000105200", "u2": [ 7 ], "u3": 2, "battleId": [ "1001052102" ], "u5": [ "1001052102" ], "background": "s030_200_Downtown.level" },
{ "questId": "1030112000110200", "u2": [ 9 ], "u3": 2, "battleId": [ "1001102102" ], "u5": [ "1001102102" ], "background": "s040_300_Arena.level" },
{ "questId": "1030112000120200", "u2": [ 3, 13 ], "u3": 2, "battleId": [ "1001202102" ], "u5": [ "1001202102" ], "background": "s040_300_Arena.level" },
{ "questId": "1030112000130200", "u2": [ 15, 5 ], "u3": 2, "battleId": [ "1001302102" ], "u5": [ "1001302102" ], "background": "s040_300_Arena.level" },
{ "questId": "1030112000140200", "u2": [ 13, 10 ], "u3": 2, "battleId": [ "1001402102" ], "u5": [ "1001402102" ], "background": "s040_300_Arena.level" },
{ "questId": "1030112000150200", "u2": [ 12, 4 ], "u3": 2, "battleId": [ "1001502102" ], "u5": [ "1001502102" ], "background": "s040_300_Arena.level" },
{ "questId": "1030112000160200", "u2": [ 4, 3, 2 ], "u3": 2, "battleId": [ "1001602102" ], "u5": [ "1001602102" ], "background": "s040_300_Arena.level" },
{ "questId": "1030112000170200", "u2": [ 6, 16 ], "u3": 2, "battleId": [ "1001702102" ], "u5": [ "1001702102" ], "background": "s040_300_Arena.level" },
{ "questId": "1030112000180200", "u2": [ 7, 4, 3 ], "u3": 2, "battleId": [ "1001802102" ], "u5": [ "1001802102" ], "background": "s040_300_Arena.level" },
{ "questId": "1030210002000000", "u2": [ ], "u3": 0, "battleId": [ ], "u5": [ "-1" ], "background": "s080_230_Forest.level" },
{ "questId": "1030210005000000", "u2": [ ], "u3": 0, "battleId": [ ], "u5": [ "-1" ], "background": "s130_220_Coast.level" },
{ "questId": "1030210006000000", "u2": [ ], "u3": 0, "battleId": [ ], "u5": [ "-1" ], "background": "s130_010_Coast.level" },
{ "questId": "1030210007000000", "u2": [ ], "u3": 0, "battleId": [ ], "u5": [ "-1" ], "background": "s130_220_Coast.level" },
{ "questId": "1030210008000000", "u2": [ ], "u3": 0, "battleId": [ ], "u5": [ "-1" ], "background": "s030_200_Downtown.level" },
{ "questId": "1030210009000000", "u2": [ ], "u3": 0, "battleId": [ ], "u5": [ "-1" ], "background": "s080_210_Forest.level" },
{ "questId": "1030210010000000", "u2": [ ], "u3": 0, "battleId": [ ], "u5": [ "-1" ], "background": "s130_210_Coast.level" },
{ "questId": "1030210011000000", "u2": [ ], "u3": 0, "battleId": [ ], "u5": [ "-1" ], "background": "s130_210_Coast.level" },
{ "questId": "1030210012000000", "u2": [ ], "u3": 0, "battleId": [ ], "u5": [ "-1" ], "background": "s030_200_Downtown.level" },
{ "questId": "1030210013000000", "u2": [ ], "u3": 0, "battleId": [ ], "u5": [ "-1" ], "background": "s030_220_Downtown.level" },
{ "questId": "1030210014010000", "u2": [ ], "u3": 0, "battleId": [ ], "u5": [ "-1" ], "background": "s080_211_Forest.level" },
{ "questId": "1030210015000000", "u2": [ ], "u3": 0, "battleId": [ ], "u5": [ "-1" ], "background": "s080_210_Forest.level" },
{ "questId": "1030210015010000", "u2": [ ], "u3": 0, "battleId": [ ], "u5": [ "-1" ], "background": "s030_200_Downtown.level" },
{ "questId": "1030210016000000", "u2": [ ], "u3": 0, "battleId": [ ], "u5": [ "-1" ], "background": "s100_012_Canyon.level" },
{ "questId": "1030210018000000", "u2": [ ], "u3": 0, "battleId": [ ], "u5": [ "-1" ], "background": "s080_032_Forest.level" },
{ "questId": "1030210019000000", "u2": [ ], "u3": 0, "battleId": [ ], "u5": [ "-1" ], "background": "s080_211_Forest.level" },
{ "questId": "1030210020000000", "u2": [ ], "u3": 0, "battleId": [ ], "u5": [ "-1" ], "background": "s030_200_Downtown_01.level" },
{ "questId": "1030210021000000", "u2": [ ], "u3": 0, "battleId": [ ], "u5": [ "-1" ], "background": "s030_010_Downtown.level" },
{ "questId": "1030210022000000", "u2": [ ], "u3": 0, "battleId": [ ], "u5": [ "-1" ], "background": "s110_060_Cave.level" },
{ "questId": "1030210023000000", "u2": [ ], "u3": 0, "battleId": [ ], "u5": [ "-1" ], "background": "s080_230_Forest.level" },
{ "questId": "1030210024000000", "u2": [ ], "u3": 0, "battleId": [ ], "u5": [ "-1" ], "background": "s030_220_Downtown.level" },
{ "questId": "1030210025000000", "u2": [ ], "u3": 0, "battleId": [ ], "u5": [ "-1" ], "background": "s190_200_Glacier.level" },
{ "questId": "1030210026000000", "u2": [ ], "u3": 0, "battleId": [ ], "u5": [ "-1" ], "background": "s130_200_Coast.level" },
{ "questId": "1030210027000000", "u2": [ ], "u3": 0, "battleId": [ ], "u5": [ "-1" ], "background": "s080_210_Forest.level" },
{ "questId": "1030210028000000", "u2": [ ], "u3": 0, "battleId": [ ], "u5": [ "-1" ], "background": "s110_220_Cave.level" },
{ "questId": "1030210029000000", "u2": [ ], "u3": 0, "battleId": [ ], "u5": [ "-1" ], "background": "s210_200_Volcano.level" },
{ "questId": "1030210030000000", "u2": [ ], "u3": 0, "battleId": [ ], "u5": [ "-1" ], "background": "s130_220_Coast.level" },
{ "questId": "1030210031000000", "u2": [ ], "u3": 0, "battleId": [ ], "u5": [ "-1" ], "background": "s210_250_Volcano.level" },
{ "questId": "1030210032000000", "u2": [ ], "u3": 0, "battleId": [ ], "u5": [ "-1" ], "background": "s060_010_Village.level" },
{ "questId": "1030210033000000", "u2": [ ], "u3": 0, "battleId": [ ], "u5": [ "-1" ], "background": "s110_210_Cave.level" },
{ "questId": "1030210034000000", "u2": [ ], "u3": 0, "battleId": [ ], "u5": [ "-1" ], "background": "s210_200_Volcano.level" },
{ "questId": "1030210035000000", "u2": [ ], "u3": 0, "battleId": [ ], "u5": [ "-1" ], "background": "s030_200_Downtown.level" },
{ "questId": "1030210036000000", "u2": [ ], "u3": 0, "battleId": [ ], "u5": [ "-1" ], "background": "s110_010_Cave.level" },
{ "questId": "1030210037000000", "u2": [ ], "u3": 0, "battleId": [ ], "u5": [ "-1" ], "background": "s080_200_Forest_01.level" },
{ "questId": "1030210038000000", "u2": [ ], "u3": 0, "battleId": [ ], "u5": [ "-1" ], "background": "s110_260_Cave.level" },
{ "questId": "1030210039000000", "u2": [ ], "u3": 0, "battleId": [ ], "u5": [ "-1" ], "background": "s030_210_Downtown.level" },
{ "questId": "1030210040000000", "u2": [ ], "u3": 0, "battleId": [ ], "u5": [ "-1" ], "background": "s030_011_Downtown.level" },
{ "questId": "1030210041000000", "u2": [ ], "u3": 0, "battleId": [ ], "u5": [ "-1" ], "background": "s100_040_Canyon.level" },
{ "questId": "1030210042000000", "u2": [ ], "u3": 0, "battleId": [ ], "u5": [ "-1" ], "background": "s030_010_Downtown_02.level" },
{ "questId": "1030210043000000", "u2": [ ], "u3": 0, "battleId": [ ], "u5": [ "-1" ], "background": "s130_220_Coast.level" },
{ "questId": "1030210044000000", "u2": [ ], "u3": 0, "battleId": [ ], "u5": [ "-1" ], "background": "s110_021_Cave.level" },
{ "questId": "1030210045000000", "u2": [ ], "u3": 0, "battleId": [ ], "u5": [ "-1" ], "background": "s080_230_Forest.level" },
{ "questId": "1030210046000000", "u2": [ ], "u3": 0, "battleId": [ ], "u5": [ "-1" ], "background": "s060_200_Village_01.level" },
{ "questId": "1030210047000000", "u2": [ ], "u3": 0, "battleId": [ ], "u5": [ "-1" ], "background": "s070_200_Highway.level" },
{ "questId": "1030210049000000", "u2": [ ], "u3": 0, "battleId": [ ], "u5": [ "-1" ], "background": "s080_211_Forest.level" },
{ "questId": "1030210050000000", "u2": [ ], "u3": 0, "battleId": [ ], "u5": [ "-1" ], "background": "s100_200_Canyon.level" },
{ "questId": "1030210051000000", "u2": [ ], "u3": 0, "battleId": [ ], "u5": [ "-1" ], "background": "s060_200_Village.level" },
{ "questId": "1030210052000000", "u2": [ ], "u3": 0, "battleId": [ ], "u5": [ "-1" ], "background": "s130_210_Coast_02.level" },
{ "questId": "1030210053000000", "u2": [ ], "u3": 0, "battleId": [ ], "u5": [ "-1" ], "background": "s100_110_Canyon_01.level" },
{ "questId": "1030210054000000", "u2": [ ], "u3": 0, "battleId": [ ], "u5": [ "-1" ], "background": "s110_220_Cave.level" },
{ "questId": "1030210055000000", "u2": [ ], "u3": 0, "battleId": [ ], "u5": [ "-1" ], "background": "s060_200_Village.level" },
{ "questId": "1030210056000000", "u2": [ ], "u3": 0, "battleId": [ ], "u5": [ "-1" ], "background": "s030_200_Downtown.level" },
{ "questId": "1030210057000000", "u2": [ ], "u3": 0, "battleId": [ ], "u5": [ "-1" ], "background": "s060_010_Village_01.level" },
{ "questId": "1030210058000000", "u2": [ ], "u3": 0, "battleId": [ ], "u5": [ "-1" ], "background": "s030_200_Downtown.level" },
{ "questId": "1030210059000000", "u2": [ ], "u3": 0, "battleId": [ ], "u5": [ "-1" ], "background": "s210_200_Volcano.level" },
{ "questId": "1030210060000000", "u2": [ ], "u3": 0, "battleId": [ ], "u5": [ "-1" ], "background": "s030_220_Downtown.level" },
{ "questId": "1030210061000000", "u2": [ ], "u3": 0, "battleId": [ ], "u5": [ "-1" ], "background": "s110_210_Cave.level" },
{ "questId": "1030210062000000", "u2": [ ], "u3": 0, "battleId": [ ], "u5": [ "-1" ], "background": "s070_010_Highway.level" },
{ "questId": "1030210063000000", "u2": [ ], "u3": 0, "battleId": [ ], "u5": [ "-1" ], "background": "s100_010_Canyon_01.level" },
{ "questId": "1030210092000000", "u2": [ ], "u3": 0, "battleId": [ ], "u5": [ "-1" ], "background": "s210_200_Volcano_01.level" },
{ "questId": "1030210094000000", "u2": [ ], "u3": 0, "battleId": [ ], "u5": [ "-1" ], "background": "s130_210_Coast_02.level" },
{ "questId": "1030210096000000", "u2": [ ], "u3": 0, "battleId": [ ], "u5": [ "-1" ], "background": "s030_011_Downtown_01.level" },
{ "questId": "1030210097000000", "u2": [ ], "u3": 0, "battleId": [ ], "u5": [ "-1" ], "background": "s080_021_Forest_01.level" },
{ "questId": "1030210098000000", "u2": [ ], "u3": 0, "battleId": [ ], "u5": [ "-1" ], "background": "s100_010_Canyon_01.level" },
{ "questId": "1030210099000000", "u2": [ ], "u3": 0, "battleId": [ ], "u5": [ "-1" ], "background": "s030_013_Downtown.level" },
{ "questId": "1030210101000000", "u2": [ ], "u3": 0, "battleId": [ ], "u5": [ "-1" ], "background": "s080_211_Forest.level" },
{ "questId": "1030210110000000", "u2": [ ], "u3": 0, "battleId": [ ], "u5": [ "-1" ], "background": "s130_200_Coast_02.level" },
{ "questId": "1030220002000100", "u2": [ 2 ], "u3": 2, "battleId": [ "20002001" ], "u5": [ "20002001" ], "background": "s210_090_Volcano_01.level" },
{ "questId": "1030220002000200", "u2": [ 10 ], "u3": 2, "battleId": [ "20002002" ], "u5": [ "20002002" ], "background": "s130_011_Coast_04.level" },
{ "questId": "1030220018000100", "u2": [ 7 ], "u3": 2, "battleId": [ "20018001" ], "u5": [ "20018001" ], "background": "s030_210_Downtown.level" },
{ "questId": "1030220018000200", "u2": [ 7 ], "u3": 2, "battleId": [ "20018002" ], "u5": [ "20018002" ], "background": "s210_250_Volcano_01.level" },
{ "questId": "1030220032000100", "u2": [ 2 ], "u3": 2, "battleId": [ "20032001" ], "u5": [ "20032001" ], "background": "s190_200_Glacier.level" },
{ "questId": "1030220039000100", "u2": [ 13 ], "u3": 2, "battleId": [ "20039001" ], "u5": [ "20039001" ], "background": "s080_032_Forest_01.level" },
{ "questId": "1030220099000100", "u2": [ 7 ], "u3": 2, "battleId": [ "20099001" ], "u5": [ "20099001" ], "background": "s080_230_Forest_01.level" },
{ "questId": "1030220099000200", "u2": [ 5 ], "u3": 2, "battleId": [ "20099002" ], "u5": [ "20099002" ], "background": "s130_011_Coast_01.level" },
{ "questId": "1030220101000100", "u2": [ 7 ], "u3": 2, "battleId": [ "20101001" ], "u5": [ "20101001" ], "background": "s030_200_Downtown.level" },
{ "questId": "1030220101000200", "u2": [ 5 ], "u3": 2, "battleId": [ "20101002" ], "u5": [ "20101002" ], "background": "s045_403_SubArena.level" },
{ "questId": "1030400010201011", "u2": [ 5, 4 ], "u3": 2, "battleId": [ "1030400010201011" ], "u5": [ "1030400010201011" ], "background": "s190_070_Glacier.level" },
{ "questId": "1030400010201012", "u2": [ 10, 2 ], "u3": 2, "battleId": [ "1030400010201012" ], "u5": [ "1030400010201012" ], "background": "s080_010_Forest.level" },
{ "questId": "1030400010201013", "u2": [ 15, 5 ], "u3": 2, "battleId": [ "1030400010201013" ], "u5": [ "1030400010201013" ], "background": "s130_010_Coast_04.level" },
{ "questId": "1030400010202011", "u2": [ 2, 4 ], "u3": 2, "battleId": [ "1030400010202011" ], "u5": [ "1030400010202011" ], "background": "s110_010_Cave.level" },
{ "questId": "1030400010202012", "u2": [ 7, 3 ], "u3": 2, "battleId": [ "1030400010202012" ], "u5": [ "1030400010202012" ], "background": "s110_010_Cave.level" },
{ "questId": "1030400010202013", "u2": [ 9, 14 ], "u3": 2, "battleId": [ "1030400010202013" ], "u5": [ "1030400010202013" ], "background": "s030_200_Downtown.level" },
{ "questId": "1030400010203011", "u2": [ 3, 13 ], "u3": 2, "battleId": [ "1030400010203011" ], "u5": [ "1030400010203011" ], "background": "s210_080_Volcano_02.level" },
{ "questId": "1030400010203012", "u2": [ 6, 7 ], "u3": 2, "battleId": [ "1030400010203012" ], "u5": [ "1030400010203012" ], "background": "s100_010_Canyon.level" },
{ "questId": "1030400010203013", "u2": [ 12, 4 ], "u3": 2, "battleId": [ "1030400010203013" ], "u5": [ "1030400010203013" ], "background": "s110_010_Cave.level" },
{ "questId": "1030400010204011", "u2": [ 4, 13 ], "u3": 2, "battleId": [ "1030400010204011" ], "u5": [ "1030400010204011" ], "background": "s070_012_Highway.level" },
{ "questId": "1030400010204012", "u2": [ 13, 5 ], "u3": 2, "battleId": [ "1030400010204012" ], "u5": [ "1030400010204012" ], "background": "s210_080_Volcano_02.level" },
{ "questId": "1030400010204013", "u2": [ 8, 17 ], "u3": 2, "battleId": [ "1030400010204013" ], "u5": [ "1030400010204013" ], "background": "s080_010_Forest.level" },
{ "questId": "1030400010301011", "u2": [ 7 ], "u3": 2, "battleId": [ "1030400010301011" ], "u5": [ "-1" ], "background": "s040_300_Arena.level" },
{ "questId": "1030400010302011", "u2": [ 13, 4, 3 ], "u3": 2, "battleId": [ "1030400010302011" ], "u5": [ "1030400010302011" ], "background": "s040_300_Arena.level" },
{ "questId": "1030400010304011", "u2": [ 4, 2 ], "u3": 2, "battleId": [ "1030400010304011" ], "u5": [ "-1" ], "background": "s040_300_Arena.level" },
{ "questId": "1030400010305011", "u2": [ 4, 13, 3 ], "u3": 2, "battleId": [ "1030400010305011" ], "u5": [ "-1" ], "background": "s040_300_Arena.level" },
{ "questId": "1030400010306011", "u2": [ 4, 13 ], "u3": 2, "battleId": [ "1030400010306011" ], "u5": [ "-1" ], "background": "s040_300_Arena.level" },
{ "questId": "1030400010401011", "u2": [ 4, 13 ], "u3": 2, "battleId": [ "1030400010401011" ], "u5": [ "1030400010401011" ], "background": "s070_012_Highway.level" },
{ "questId": "1030400010401012", "u2": [ 4, 13 ], "u3": 2, "battleId": [ "1030400010401012" ], "u5": [ "1030400010401012" ], "background": "s070_012_Highway.level" },
{ "questId": "1030400010401013", "u2": [ 4, 13 ], "u3": 2, "battleId": [ "1030400010401013" ], "u5": [ "1030400010401013" ], "background": "s070_012_Highway.level" },
{ "questId": "1030400010402011", "u2": [ 13, 5 ], "u3": 2, "battleId": [ "1030400010402011" ], "u5": [ "1030400010402011" ], "background": "s110_010_Cave.level" },
{ "questId": "1030400010402012", "u2": [ 13, 5 ], "u3": 2, "battleId": [ "1030400010402012" ], "u5": [ "1030400010402012" ], "background": "s110_010_Cave.level" },
{ "questId": "1030400010402013", "u2": [ 13, 5 ], "u3": 2, "battleId": [ "1030400010402013" ], "u5": [ "1030400010402013" ], "background": "s110_010_Cave.level" },
{ "questId": "1030400010403011", "u2": [ 5, 4 ], "u3": 2, "battleId": [ "1030400010403011" ], "u5": [ "1030400010403011" ], "background": "s190_010_Glacier.level" },
{ "questId": "1030400010403012", "u2": [ 5, 4 ], "u3": 2, "battleId": [ "1030400010403012" ], "u5": [ "1030400010403012" ], "background": "s190_010_Glacier.level" },
{ "questId": "1030400010403013", "u2": [ 5, 4 ], "u3": 2, "battleId": [ "1030400010403013" ], "u5": [ "1030400010403013" ], "background": "s190_010_Glacier.level" },
{ "questId": "1030400010404011", "u2": [ 3, 13 ], "u3": 2, "battleId": [ "1030400010404011" ], "u5": [ "1030400010404011" ], "background": "s210_080_Volcano_02.level" },
{ "questId": "1030400010404012", "u2": [ 3, 13 ], "u3": 2, "battleId": [ "1030400010404012" ], "u5": [ "1030400010404012" ], "background": "s210_080_Volcano_02.level" },
{ "questId": "1030400010404013", "u2": [ 3, 13 ], "u3": 2, "battleId": [ "1030400010404013" ], "u5": [ "1030400010404013" ], "background": "s210_080_Volcano_02.level" },
{ "questId": "1030400010405011", "u2": [ 2, 4 ], "u3": 2, "battleId": [ "1030400010405011" ], "u5": [ "1030400010405011" ], "background": "s210_080_Volcano_02.level" },
{ "questId": "1030400010405012", "u2": [ 2, 4 ], "u3": 2, "battleId": [ "1030400010405012" ], "u5": [ "1030400010405012" ], "background": "s210_080_Volcano_02.level" },
{ "questId": "1030400010405013", "u2": [ 2, 4 ], "u3": 2, "battleId": [ "1030400010405013" ], "u5": [ "1030400010405013" ], "background": "s210_080_Volcano_02.level" },
{ "questId": "1030400010406011", "u2": [ 10, 2 ], "u3": 2, "battleId": [ "1030400010406011" ], "u5": [ "1030400010406011" ], "background": "s080_010_Forest.level" },
{ "questId": "1030400010406012", "u2": [ 10, 2 ], "u3": 2, "battleId": [ "1030400010406012" ], "u5": [ "1030400010406012" ], "background": "s080_010_Forest.level" },
{ "questId": "1030400010406013", "u2": [ 10, 2 ], "u3": 2, "battleId": [ "1030400010406013" ], "u5": [ "1030400010406013" ], "background": "s080_010_Forest.level" },
{ "questId": "1030400010407011", "u2": [ 7, 3 ], "u3": 2, "battleId": [ "1030400010407011" ], "u5": [ "1030400010407011" ], "background": "s110_010_Cave.level" },
{ "questId": "1030400010407012", "u2": [ 7, 3 ], "u3": 2, "battleId": [ "1030400010407012" ], "u5": [ "1030400010407012" ], "background": "s110_010_Cave.level" },
{ "questId": "1030400010407013", "u2": [ 7, 3 ], "u3": 2, "battleId": [ "1030400010407013" ], "u5": [ "1030400010407013" ], "background": "s110_010_Cave.level" },
{ "questId": "1030400010408011", "u2": [ 6, 7 ], "u3": 2, "battleId": [ "1030400010408011" ], "u5": [ "1030400010408011" ], "background": "s100_010_Canyon.level" },
{ "questId": "1030400010408012", "u2": [ 6, 7 ], "u3": 2, "battleId": [ "1030400010408012" ], "u5": [ "1030400010408012" ], "background": "s100_010_Canyon.level" },
{ "questId": "1030400010408013", "u2": [ 6, 7 ], "u3": 2, "battleId": [ "1030400010408013" ], "u5": [ "1030400010408013" ], "background": "s100_010_Canyon.level" },
{ "questId": "1030400010409011", "u2": [ 15, 18 ], "u3": 2, "battleId": [ "1030400010409011" ], "u5": [ "1030400010409011" ], "background": "s130_010_Coast_04.level" },
{ "questId": "1030400010409012", "u2": [ 15, 18 ], "u3": 2, "battleId": [ "1030400010409012" ], "u5": [ "1030400010409012" ], "background": "s130_010_Coast_04.level" },
{ "questId": "1030400010409013", "u2": [ 15, 18 ], "u3": 2, "battleId": [ "1030400010409013" ], "u5": [ "1030400010409013" ], "background": "s130_010_Coast_04.level" },
{ "questId": "1030400010410011", "u2": [ 9, 14 ], "u3": 2, "battleId": [ "1030400010410011" ], "u5": [ "1030400010410011" ], "background": "s070_012_Highway.level" },
{ "questId": "1030400010410012", "u2": [ 9, 14 ], "u3": 2, "battleId": [ "1030400010410012" ], "u5": [ "1030400010410012" ], "background": "s070_012_Highway.level" },
{ "questId": "1030400010410013", "u2": [ 9, 14 ], "u3": 2, "battleId": [ "1030400010410013" ], "u5": [ "1030400010410013" ], "background": "s070_012_Highway.level" },
{ "questId": "1030400010411011", "u2": [ 12, 14 ], "u3": 2, "battleId": [ "1030400010411011" ], "u5": [ "1030400010411011" ], "background": "s110_010_Cave.level" },
{ "questId": "1030400010411012", "u2": [ 12, 14 ], "u3": 2, "battleId": [ "1030400010411012" ], "u5": [ "1030400010411012" ], "background": "s110_010_Cave.level" },
{ "questId": "1030400010411013", "u2": [ 12, 14 ], "u3": 2, "battleId": [ "1030400010411013" ], "u5": [ "1030400010411013" ], "background": "s110_010_Cave.level" },
{ "questId": "1030400010412011", "u2": [ 16, 6 ], "u3": 2, "battleId": [ "1030400010412011" ], "u5": [ "1030400010412011" ], "background": "s110_010_Cave.level" },
{ "questId": "1030400010412012", "u2": [ 16, 6 ], "u3": 2, "battleId": [ "1030400010412012" ], "u5": [ "1030400010412012" ], "background": "s110_010_Cave.level" },
{ "questId": "1030400010412013", "u2": [ 16, 6 ], "u3": 2, "battleId": [ "1030400010412013" ], "u5": [ "1030400010412013" ], "background": "s110_010_Cave.level" },
{ "questId": "1030400010413011", "u2": [ 8, 17 ], "u3": 2, "battleId": [ "1030400010413011" ], "u5": [ "1030400010413011" ], "background": "s080_010_Forest.level" },
{ "questId": "1030400010413012", "u2": [ 8, 17 ], "u3": 2, "battleId": [ "1030400010413012" ], "u5": [ "1030400010413012" ], "background": "s080_010_Forest.level" },
{ "questId": "1030400010413013", "u2": [ 8, 17 ], "u3": 2, "battleId": [ "1030400010413013" ], "u5": [ "1030400010413013" ], "background": "s080_010_Forest.level" },
{ "questId": "1030400010414011", "u2": [ 17, 11 ], "u3": 2, "battleId": [ "1030400010414011" ], "u5": [ "1030400010414011" ], "background": "s110_010_Cave.level" },
{ "questId": "1030400010414012", "u2": [ 17, 11 ], "u3": 2, "battleId": [ "1030400010414012" ], "u5": [ "1030400010414012" ], "background": "s110_010_Cave.level" },
{ "questId": "1030400010414013", "u2": [ 17, 11 ], "u3": 2, "battleId": [ "1030400010414013" ], "u5": [ "1030400010414013" ], "background": "s110_010_Cave.level" },
{ "questId": "1030400010415011", "u2": [ 11, 8 ], "u3": 2, "battleId": [ "1030400010415011" ], "u5": [ "1030400010415011" ], "background": "s080_010_Forest.level" },
{ "questId": "1030400010415012", "u2": [ 11, 8 ], "u3": 2, "battleId": [ "1030400010415012" ], "u5": [ "1030400010415012" ], "background": "s080_010_Forest.level" },
{ "questId": "1030400010415013", "u2": [ 11, 8 ], "u3": 2, "battleId": [ "1030400010415013" ], "u5": [ "1030400010415013" ], "background": "s080_010_Forest.level" },
{ "questId": "1030400010416011", "u2": [ 18, 12 ], "u3": 2, "battleId": [ "1030400010416011" ], "u5": [ "1030400010416011" ], "background": "s100_010_Canyon.level" },
{ "questId": "1030400010416012", "u2": [ 18, 12 ], "u3": 2, "battleId": [ "1030400010416012" ], "u5": [ "1030400010416012" ], "background": "s100_010_Canyon.level" },
{ "questId": "1030400010416013", "u2": [ 18, 12 ], "u3": 2, "battleId": [ "1030400010416013" ], "u5": [ "1030400010416013" ], "background": "s100_010_Canyon.level" },
{ "questId": "1030400010417011", "u2": [ 16, 10 ], "u3": 2, "battleId": [ "1030400010417011" ], "u5": [ "1030400010417011" ], "background": "s110_010_Cave.level" },
{ "questId": "1030400010417012", "u2": [ 16, 10 ], "u3": 2, "battleId": [ "1030400010417012" ], "u5": [ "1030400010417012" ], "background": "s110_010_Cave.level" },
{ "questId": "1030400010417013", "u2": [ 16, 10 ], "u3": 2, "battleId": [ "1030400010417013" ], "u5": [ "1030400010417013" ], "background": "s110_010_Cave.level" },
{ "questId": "1030400010418011", "u2": [ 17, 9 ], "u3": 2, "battleId": [ "1030400010418011" ], "u5": [ "1030400010418011" ], "background": "s070_012_Highway.level" },
{ "questId": "1030400010418012", "u2": [ 17, 9 ], "u3": 2, "battleId": [ "1030400010418012" ], "u5": [ "1030400010418012" ], "background": "s070_012_Highway.level" },
{ "questId": "1030400010418013", "u2": [ 17, 9 ], "u3": 2, "battleId": [ "1030400010418013" ], "u5": [ "1030400010418013" ], "background": "s070_012_Highway.level" },
{ "questId": "1030400010419011", "u2": [ 11, 10 ], "u3": 2, "battleId": [ "1030400010419011" ], "u5": [ "1030400010419011" ], "background": "s100_010_Canyon.level" },
{ "questId": "1030400010419012", "u2": [ 11, 10 ], "u3": 2, "battleId": [ "1030400010419012" ], "u5": [ "1030400010419012" ], "background": "s100_010_Canyon.level" },
{ "questId": "1030400010419013", "u2": [ 11, 10 ], "u3": 2, "battleId": [ "1030400010419013" ], "u5": [ "1030400010419013" ], "background": "s100_010_Canyon.level" },
{ "questId": "1030400010420011", "u2": [ 12, 4 ], "u3": 2, "battleId": [ "1030400010420011" ], "u5": [ "1030400010420011" ], "background": "s110_010_Cave.level" },
{ "questId": "1030400010420012", "u2": [ 12, 4 ], "u3": 2, "battleId": [ "1030400010420012" ], "u5": [ "1030400010420012" ], "background": "s110_010_Cave.level" },
{ "questId": "1030400010420013", "u2": [ 12, 4 ], "u3": 2, "battleId": [ "1030400010420013" ], "u5": [ "1030400010420013" ], "background": "s110_010_Cave.level" },
{ "questId": "1030401000800001", "u2": [ 2, 7 ], "u3": 2, "battleId": [ "1030401000800001" ], "u5": [ "1030401000800001" ], "background": "s040_300_Arena.level" },
{ "questId": "1030401000800002", "u2": [ 2, 7 ], "u3": 2, "battleId": [ "1030401000800002" ], "u5": [ "1030401000800002" ], "background": "s040_300_Arena.level" },
{ "questId": "1030401001500001", "u2": [ 5, 3 ], "u3": 2, "battleId": [ "1030401001500001" ], "u5": [ "1030401001500001" ], "background": "s040_300_Arena.level" },
{ "questId": "1030401001500002", "u2": [ 5, 3 ], "u3": 2, "battleId": [ "1030401001500002" ], "u5": [ "1030401001500002" ], "background": "s040_300_Arena.level" },
{ "questId": "1030401001600001", "u2": [ 13, 14 ], "u3": 2, "battleId": [ "1030401001600001" ], "u5": [ "1030401001600001" ], "background": "s040_300_Arena.level" },
{ "questId": "1030401001600002", "u2": [ 13, 14 ], "u3": 2, "battleId": [ "1030401001600002" ], "u5": [ "1030401001600002" ], "background": "s040_300_Arena.level" },
{ "questId": "1030401002900001", "u2": [ 3 ], "u3": 2, "battleId": [ "1030401002900001" ], "u5": [ "1030401002900001" ], "background": "s040_300_Arena.level" },
{ "questId": "1030401002900002", "u2": [ 3 ], "u3": 2, "battleId": [ "1030401002900002" ], "u5": [ "1030401002900002" ], "background": "s040_300_Arena.level" },
{ "questId": "1030401009900001", "u2": [ 5, 16 ], "u3": 2, "battleId": [ "1030401009900001" ], "u5": [ "1030401009900001" ], "background": "s040_300_Arena.level" },
{ "questId": "1030401009900002", "u2": [ 5, 16 ], "u3": 2, "battleId": [ "1030401009900002" ], "u5": [ "1030401009900002" ], "background": "s040_300_Arena.level" },
{ "questId": "1030401010100001", "u2": [ 10, 15 ], "u3": 2, "battleId": [ "1030401010100001" ], "u5": [ "1030401010100001" ], "background": "s040_300_Arena.level" },
{ "questId": "1030401010100002", "u2": [ 10, 15 ], "u3": 2, "battleId": [ "1030401010100002" ], "u5": [ "1030401010100002" ], "background": "s040_300_Arena.level" },
{ "questId": "1030500010201011", "u2": [ 13 ], "u3": 2, "battleId": [ "1030500010201011" ], "u5": [ "1030500010201011" ], "background": "s110_010_Cave.level" },
{ "questId": "1030500010201012", "u2": [ 13 ], "u3": 2, "battleId": [ "1030500010201012" ], "u5": [ "1030500010201012" ], "background": "s110_010_Cave.level" },
{ "questId": "1030500010202011", "u2": [ 5 ], "u3": 2, "battleId": [ "1030500010202011" ], "u5": [ "1030500010202011" ], "background": "s130_010_Coast.level" },
{ "questId": "1030500010202012", "u2": [ 5 ], "u3": 2, "battleId": [ "1030500010202012" ], "u5": [ "1030500010202012" ], "background": "s130_010_Coast.level" },
{ "questId": "1030500010203011", "u2": [ 3 ], "u3": 2, "battleId": [ "1030500010203011" ], "u5": [ "1030500010203011" ], "background": "s100_010_Canyon.level" },
{ "questId": "1030500010203012", "u2": [ 3 ], "u3": 2, "battleId": [ "1030500010203012" ], "u5": [ "1030500010203012" ], "background": "s100_010_Canyon.level" },
{ "questId": "1030500010301011", "u2": [ 13 ], "u3": 2, "battleId": [ "1030500010301011" ], "u5": [ "1030500010301011" ], "background": "s210_010_Volcano.level" },
{ "questId": "1030500010301012", "u2": [ 13 ], "u3": 2, "battleId": [ "1030500010301012" ], "u5": [ "1030500010301012" ], "background": "s210_010_Volcano.level" },
{ "questId": "1030500010302011", "u2": [ 5 ], "u3": 2, "battleId": [ "1030500010302011" ], "u5": [ "1030500010302011" ], "background": "s130_010_Coast.level" },
{ "questId": "1030500010302012", "u2": [ 5 ], "u3": 2, "battleId": [ "1030500010302012" ], "u5": [ "1030500010302012" ], "background": "s130_010_Coast.level" },
{ "questId": "1030500010303011", "u2": [ 3 ], "u3": 2, "battleId": [ "1030500010303011" ], "u5": [ "1030500010303011" ], "background": "s210_010_Volcano.level" },
{ "questId": "1030500010303012", "u2": [ 3 ], "u3": 2, "battleId": [ "1030500010303012" ], "u5": [ "1030500010303012" ], "background": "s210_010_Volcano.level" },
{ "questId": "1030505030010100", "u2": [ ], "u3": 0, "battleId": [ ], "u5": [ "-1" ], "background": "s070_200_Highway.level" },
{ "questId": "1030505030010200", "u2": [ 10, 2, 4 ], "u3": 2, "battleId": [ "1030500010102011" ], "u5": [ "-1" ], "background": "s030_200_Downtown.level" },
{ "questId": "1030505030010300", "u2": [ ], "u3": 0, "battleId": [ ], "u5": [ "-1" ], "background": "s130_011_Coast_04.level" },
{ "questId": "1030505030010400", "u2": [ 10 ], "u3": 2, "battleId": [ "1030500010104011" ], "u5": [ "-1" ], "background": "s045_403_SubArena.level" },
{ "questId": "1030505030010500", "u2": [ ], "u3": 0, "battleId": [ ], "u5": [ "-1" ], "background": "s045_403_SubArena.level" },
{ "questId": "1030505030010600", "u2": [ 10 ], "u3": 2, "battleId": [ "1030500010106011" ], "u5": [ "1030500010106011" ], "background": "s045_403_SubArena.level" },
{ "questId": "1030505030010700", "u2": [ ], "u3": 0, "battleId": [ ], "u5": [ "-1" ], "background": "s045_403_SubArena.level" },
{ "questId": "1030505030010800", "u2": [ 10, 2, 4 ], "u3": 2, "battleId": [ "1030500010108011" ], "u5": [ "1030500010108011" ], "background": "s045_403_SubArena.level" },
{ "questId": "1030505030010900", "u2": [ 10, 2, 4 ], "u3": 2, "battleId": [ "1030500010109011" ], "u5": [ "1030500010109011" ], "background": "s045_403_SubArena.level" },
{ "questId": "1030505030011000", "u2": [ 13, 10, 3 ], "u3": 2, "battleId": [ "1030500010110011" ], "u5": [ "1030500010110011" ], "background": "s045_403_SubArena.level" },
{ "questId": "1030505030011100", "u2": [ 13, 10, 3 ], "u3": 2, "battleId": [ "1030500010111011" ], "u5": [ "1030500010111011" ], "background": "s045_403_SubArena.level" },
]}
