{ "entries": [
{ "level": 1, "requiredExp": 0 },
{ "level": 2, "requiredExp": 2 },
{ "level": 3, "requiredExp": 5 },
{ "level": 4, "requiredExp": 9 },
{ "level": 5, "requiredExp": 14 },
{ "level": 6, "requiredExp": 21 },
{ "level": 7, "requiredExp": 36 },
{ "level": 8, "requiredExp": 58 },
{ "level": 9, "requiredExp": 87 },
{ "level": 10, "requiredExp": 119 },
{ "level": 11, "requiredExp": 154 },
{ "level": 12, "requiredExp": 193 },
{ "level": 13, "requiredExp": 236 },
{ "level": 14, "requiredExp": 283 },
{ "level": 15, "requiredExp": 335 },
{ "level": 16, "requiredExp": 392 },
{ "level": 17, "requiredExp": 455 },
{ "level": 18, "requiredExp": 524 },
{ "level": 19, "requiredExp": 600 },
{ "level": 20, "requiredExp": 684 },
{ "level": 21, "requiredExp": 776 },
{ "level": 22, "requiredExp": 877 },
{ "level": 23, "requiredExp": 988 },
{ "level": 24, "requiredExp": 1110 },
{ "level": 25, "requiredExp": 1244 },
{ "level": 26, "requiredExp": 1391 },
{ "level": 27, "requiredExp": 1553 },
{ "level": 28, "requiredExp": 1731 },
{ "level": 29, "requiredExp": 1927 },
{ "level": 30, "requiredExp": 2143 },
{ "level": 31, "requiredExp": 2381 },
{ "level": 32, "requiredExp": 2643 },
{ "level": 33, "requiredExp": 2931 },
{ "level": 34, "requiredExp": 3248 },
{ "level": 35, "requiredExp": 3597 },
{ "level": 36, "requiredExp": 3981 },
{ "level": 37, "requiredExp": 4403 },
{ "level": 38, "requiredExp": 4867 },
{ "level": 39, "requiredExp": 5377 },
{ "level": 40, "requiredExp": 5938 },
{ "level": 41, "requiredExp": 6555 },
{ "level": 42, "requiredExp": 7234 },
{ "level": 43, "requiredExp": 7981 },
{ "level": 44, "requiredExp": 8803 },
{ "level": 45, "requiredExp": 9707 },
{ "level": 46, "requiredExp": 10701 },
{ "level": 47, "requiredExp": 11745 },
{ "level": 48, "requiredExp": 12841 },
{ "level": 49, "requiredExp": 13992 },
{ "level": 50, "requiredExp": 15201 },
{ "level": 51, "requiredExp": 16470 },
{ "level": 52, "requiredExp": 17802 },
{ "level": 53, "requiredExp": 19201 },
{ "level": 54, "requiredExp": 20670 },
{ "level": 55, "requiredExp": 22212 },
{ "level": 56, "requiredExp": 23831 },
{ "level": 57, "requiredExp": 25531 },
{ "level": 58, "requiredExp": 27316 },
{ "level": 59, "requiredExp": 29190 },
{ "level": 60, "requiredExp": 31083 },
{ "level": 61, "requiredExp": 32995 },
{ "level": 62, "requiredExp": 34926 },
{ "level": 63, "requiredExp": 36876 },
{ "level": 64, "requiredExp": 38846 },
{ "level": 65, "requiredExp": 40836 },
{ "level": 66, "requiredExp": 42846 },
{ "level": 67, "requiredExp": 44876 },
{ "level": 68, "requiredExp": 46926 },
{ "level": 69, "requiredExp": 48997 },
{ "level": 70, "requiredExp": 51089 },
{ "level": 71, "requiredExp": 53202 },
{ "level": 72, "requiredExp": 55442 },
{ "level": 73, "requiredExp": 57816 },
{ "level": 74, "requiredExp": 60332 },
{ "level": 75, "requiredExp": 62999 },
{ "level": 76, "requiredExp": 65826 },
{ "level": 77, "requiredExp": 68823 },
{ "level": 78, "requiredExp": 72000 },
{ "level": 79, "requiredExp": 75368 },
{ "level": 80, "requiredExp": 78938 },
{ "level": 81, "requiredExp": 82722 },
{ "level": 82, "requiredExp": 86809 },
{ "level": 83, "requiredExp": 91182 },
{ "level": 84, "requiredExp": 95861 },
{ "level": 85, "requiredExp": 100868 },
{ "level": 86, "requiredExp": 106225 },
{ "level": 87, "requiredExp": 111957 },
{ "level": 88, "requiredExp": 118090 },
{ "level": 89, "requiredExp": 124652 },
{ "level": 90, "requiredExp": 131673 },
{ "level": 91, "requiredExp": 139185 },
{ "level": 92, "requiredExp": 147223 },
{ "level": 93, "requiredExp": 155824 },
{ "level": 94, "requiredExp": 165027 },
{ "level": 95, "requiredExp": 174874 },
{ "level": 96, "requiredExp": 185410 },
{ "level": 97, "requiredExp": 196684 },
{ "level": 98, "requiredExp": 208747 },
{ "level": 99, "requiredExp": 221654 },
{ "level": 100, "requiredExp": 235464 },
]}
